ISO-10303-21;
HEADER;
FILE_DESCRIPTION (( 'STEP AP214' ),
    '1' );
FILE_NAME ('260810_1958_21-001_B_DIY_Wallmount.STEP',
    '2026-08-10T10:19:24',
    ( '' ),
    ( '' ),
    'SwSTEP 2.0',
    'SolidWorks 2024',
    '' );
FILE_SCHEMA (( 'AUTOMOTIVE_DESIGN' ));
ENDSEC;

DATA;
#1 = CARTESIAN_POINT ( 'NONE',  ( -9.422136467267620219, -9.707106781182881505, 17.77124589387926434 ) ) ;
#2 = DIRECTION ( 'NONE',  ( 0.000000000000000000, 0.000000000000000000, 1.000000000000000000 ) ) ;
#3 = VERTEX_POINT ( 'NONE', #1679 ) ;
#4 = LINE ( 'NONE', #4816, #4117 ) ;
#5 = CARTESIAN_POINT ( 'NONE',  ( 10.63175406741612328, -7.986993225563288057, 15.92870034198849716 ) ) ;
#6 = ORIENTED_EDGE ( 'NONE', *, *, #2967, .T. ) ;
#7 = ORIENTED_EDGE ( 'NONE', *, *, #4591, .T. ) ;
#8 = PRESENTATION_LAYER_ASSIGNMENT (  '', '', ( #1479 ) ) ;
#9 = DIRECTION ( 'NONE',  ( -1.000000000000000000, -0.000000000000000000, 6.505213034913027590E-16 ) ) ;
#10 = CARTESIAN_POINT ( 'NONE',  ( -10.63158897926710900, -7.987240441695909965, 15.92903328211073344 ) ) ;
#11 = CARTESIAN_POINT ( 'NONE',  ( 10.33125400502672342, -12.50000000000001066, 15.64749543366212059 ) ) ;
#12 = ORIENTED_EDGE ( 'NONE', *, *, #2102, .T. ) ;
#13 = EDGE_CURVE ( 'NONE', #1326, #2668, #4093, .T. ) ;
#14 = DIRECTION ( 'NONE',  ( -0.000000000000000000, -1.000000000000000000, -0.000000000000000000 ) ) ;
#15 = CARTESIAN_POINT ( 'NONE',  ( -10.19675031171493629, -10.30049588194841803, 15.83311957852517260 ) ) ;
#16 = CARTESIAN_POINT ( 'NONE',  ( 12.84320230503482740, -7.000000000000011546, -22.24507892420601962 ) ) ;
#17 = CARTESIAN_POINT ( 'NONE',  ( 10.16495199884198897, -5.917022058557282804, -22.11490630738890673 ) ) ;
#18 = EDGE_CURVE ( 'NONE', #326, #607, #3942, .T. ) ;
#19 = LINE ( 'NONE', #1161, #4678 ) ;
#20 = CARTESIAN_POINT ( 'NONE',  ( -10.23272644311171398, -8.253445652082611161, 15.85749211946085246 ) ) ;
#21 = VECTOR ( 'NONE', #1598, 999.9999999999998863 ) ;
#22 = ORIENTED_EDGE ( 'NONE', *, *, #4131, .T. ) ;
#23 = EDGE_CURVE ( 'NONE', #1279, #2618, #4564, .T. ) ;
#24 = LINE ( 'NONE', #4515, #190 ) ;
#25 = DIRECTION ( 'NONE',  ( 0.000000000000000000, 1.000000000000000000, 0.000000000000000000 ) ) ;
#26 = CARTESIAN_POINT ( 'NONE',  ( 10.34608939193673471, -7.826563419041073111, 15.87100865254039483 ) ) ;
#27 = DIRECTION ( 'NONE',  ( -0.01169883348870331963, 0.6702257216923915850, -0.7420651044732642365 ) ) ;
#28 = EDGE_LOOP ( 'NONE', ( #3492, #1224, #2032, #1540, #3113, #2614, #3234, #445, #4612, #4408, #1189, #1309, #1266, #3593, #1171, #797, #3510, #4020 ) ) ;
#29 = EDGE_LOOP ( 'NONE', ( #281, #1118, #3783, #76 ) ) ;
#30 = CARTESIAN_POINT ( 'NONE',  ( -11.94763723614615714, -5.458094398092671717, 12.54509989680543214 ) ) ;
#31 = CARTESIAN_POINT ( 'NONE',  ( 10.34999999999999787, -12.49999999999999645, 15.52708456944178472 ) ) ;
#32 = ORIENTED_EDGE ( 'NONE', *, *, #2806, .F. ) ;
#33 = ORIENTED_EDGE ( 'NONE', *, *, #1973, .F. ) ;
#34 = CARTESIAN_POINT ( 'NONE',  ( 15.75000000000000355, -12.50000000000001066, -22.20000000000000284 ) ) ;
#35 = AXIS2_PLACEMENT_3D ( 'NONE', #315, #1819, #3295 ) ;
#36 = CARTESIAN_POINT ( 'NONE',  ( -10.16512251984348403, -12.10009018230693201, 15.81167110270593312 ) ) ;
#37 = VECTOR ( 'NONE', #3404, 1000.000000000000000 ) ;
#38 = AXIS2_PLACEMENT_3D ( 'NONE', #1319, #522, #2475 ) ;
#39 = AXIS2_PLACEMENT_3D ( 'NONE', #4615, #75, #3077 ) ;
#40 = CARTESIAN_POINT ( 'NONE',  ( 10.22576593954803492, -12.50000000000001421, -22.00000000000000355 ) ) ;
#41 = EDGE_CURVE ( 'NONE', #3444, #4645, #931, .T. ) ;
#42 = CARTESIAN_POINT ( 'NONE',  ( 3.500000000000000000, -14.50000000000001066, 14.27693615844911257 ) ) ;
#43 = CARTESIAN_POINT ( 'NONE',  ( 10.35169169660028743, -5.200000000000008171, -22.07164681663836703 ) ) ;
#44 = AXIS2_PLACEMENT_3D ( 'NONE', #2762, #178, #2843 ) ;
#45 = VECTOR ( 'NONE', #1684, 1000.000000000000000 ) ;
#46 = DIRECTION ( 'NONE',  ( -0.4931992421007841410, 0.8542461455734394749, -0.1643716227459426360 ) ) ;
#47 = CARTESIAN_POINT ( 'NONE',  ( 12.15000000000000036, -14.50000000000001066, -25.80000000000000071 ) ) ;
#48 = ORIENTED_EDGE ( 'NONE', *, *, #2192, .T. ) ;
#49 = AXIS2_PLACEMENT_3D ( 'NONE', #3840, #1576, #3915 ) ;
#50 = CARTESIAN_POINT ( 'NONE',  ( -10.34892114499130855, -5.395129914552751593, -22.06778493106949313 ) ) ;
#51 = FACE_OUTER_BOUND ( 'NONE', #4683, .T. ) ;
#52 = ORIENTED_EDGE ( 'NONE', *, *, #4585, .T. ) ;
#53 = CARTESIAN_POINT ( 'NONE',  ( 10.67396142659912428, -5.400000000000011013, -21.82403757902092778 ) ) ;
#54 = VERTEX_POINT ( 'NONE', #1704 ) ;
#55 = ORIENTED_EDGE ( 'NONE', *, *, #3087, .F. ) ;
#56 = VECTOR ( 'NONE', #828, 1000.000000000000000 ) ;
#57 = DIRECTION ( 'NONE',  ( -0.000000000000000000, -0.000000000000000000, -1.000000000000000000 ) ) ;
#58 = EDGE_CURVE ( 'NONE', #2618, #3356, #1335, .T. ) ;
#59 = AXIS2_PLACEMENT_3D ( 'NONE', #3629, #2525, #1381 ) ;
#60 = DIRECTION ( 'NONE',  ( 0.8660254037844395958, 0.000000000000000000, -0.4999999999999983347 ) ) ;
#61 = FACE_OUTER_BOUND ( 'NONE', #2021, .T. ) ;
#62 = ORIENTED_EDGE ( 'NONE', *, *, #4465, .F. ) ;
#63 = DIRECTION ( 'NONE',  ( 0.000000000000000000, 1.000000000000000000, 0.000000000000000000 ) ) ;
#64 = CARTESIAN_POINT ( 'NONE',  ( 10.34999999999999787, -12.49999999999999645, -22.00000000000000355 ) ) ;
#65 = CARTESIAN_POINT ( 'NONE',  ( 10.23049603023491017, -5.730862297103382907, -22.11815573811210811 ) ) ;
#66 = EDGE_CURVE ( 'NONE', #1550, #933, #1814, .T. ) ;
#67 = EDGE_CURVE ( 'NONE', #3770, #555, #4657, .T. ) ;
#68 = CARTESIAN_POINT ( 'NONE',  ( 7.360473291848471433, -10.77452166781515075, -22.03011833632051975 ) ) ;
#69 = CARTESIAN_POINT ( 'NONE',  ( -10.26462629232692692, -8.253173210873228527, 15.84511279398803651 ) ) ;
#70 = ORIENTED_EDGE ( 'NONE', *, *, #3619, .F. ) ;
#71 = CARTESIAN_POINT ( 'NONE',  ( 10.29226497308103028, -5.300000000000010481, -22.23024303063488816 ) ) ;
#72 = CARTESIAN_POINT ( 'NONE',  ( -10.42901224293476048, -5.394866716148117192, -22.01033474360648512 ) ) ;
#73 = CARTESIAN_POINT ( 'NONE',  ( 10.65091079533474172, -7.953264720943377775, 15.88460055627421319 ) ) ;
#74 = CARTESIAN_POINT ( 'NONE',  ( -14.14999999999999858, -5.500000000000011546, 3.000000000000001332 ) ) ;
#75 = DIRECTION ( 'NONE',  ( 0.000000000000000000, 0.000000000000000000, 1.000000000000000000 ) ) ;
#76 = ORIENTED_EDGE ( 'NONE', *, *, #2726, .F. ) ;
#77 = ORIENTED_EDGE ( 'NONE', *, *, #4630, .F. ) ;
#78 = LINE ( 'NONE', #1565, #527 ) ;
#79 = CARTESIAN_POINT ( 'NONE',  ( -10.68210934962828595, -7.845099914721204826, 15.75523780227896076 ) ) ;
#80 = VERTEX_POINT ( 'NONE', #2385 ) ;
#81 = LINE ( 'NONE', #1941, #363 ) ;
#82 = CARTESIAN_POINT ( 'NONE',  ( -13.19320230503483060, -5.500000000000010658, -22.85129670685513048 ) ) ;
#83 = ADVANCED_FACE ( 'NONE', ( #2434 ), #3554, .T. ) ;
#84 = CARTESIAN_POINT ( 'NONE',  ( -11.96969696969697594, 17.00105930301486623, 17.00865962662715702 ) ) ;
#85 = DIRECTION ( 'NONE',  ( 0.000000000000000000, -0.000000000000000000, 1.000000000000000000 ) ) ;
#86 = EDGE_CURVE ( 'NONE', #928, #4693, #4010, .T. ) ;
#87 = CARTESIAN_POINT ( 'NONE',  ( 12.25000000000000178, -5.200000000000010836, 11.66395280956806957 ) ) ;
#88 = EDGE_CURVE ( 'NONE', #4009, #414, #4288, .T. ) ;
#89 = CARTESIAN_POINT ( 'NONE',  ( 10.47781045199443106, -5.177744109241931625, 12.78830573025872219 ) ) ;
#90 = CARTESIAN_POINT ( 'NONE',  ( -10.39796183985482614, -8.124212891945070680, 15.71026935781473810 ) ) ;
#91 = ORIENTED_EDGE ( 'NONE', *, *, #2515, .T. ) ;
#92 = DIRECTION ( 'NONE',  ( 6.505213034913030548E-16, 0.000000000000000000, 1.000000000000000000 ) ) ;
#93 = ADVANCED_FACE ( 'NONE', ( #1560 ), #138, .T. ) ;
#94 = CARTESIAN_POINT ( 'NONE',  ( 14.14999999999999858, -6.249999999999997335, -22.35662432702594060 ) ) ;
#95 = CARTESIAN_POINT ( 'NONE',  ( 11.91998767182838925, -5.199999999999403322, 12.17587240330300702 ) ) ;
#96 = ORIENTED_EDGE ( 'NONE', *, *, #112, .F. ) ;
#97 = ORIENTED_EDGE ( 'NONE', *, *, #2837, .T. ) ;
#98 = ORIENTED_EDGE ( 'NONE', *, *, #4675, .F. ) ;
#99 = CARTESIAN_POINT ( 'NONE',  ( 8.396205083282637816, -11.08407206333002826, 16.46122112486925815 ) ) ;
#100 = ORIENTED_EDGE ( 'NONE', *, *, #2902, .F. ) ;
#101 =( BOUNDED_SURFACE ( )  B_SPLINE_SURFACE ( 3, 2, ( 
 ( #947, #4366, #4755 ),
 ( #1384, #1328, #2116 ),
 ( #2822, #4677, #636 ),
 ( #4392, #4018, #2137 ) ),
 .UNSPECIFIED., .F., .F., .F. ) 
 B_SPLINE_SURFACE_WITH_KNOTS ( ( 4, 4 ),
 ( 3, 3 ),
 ( 6.938893903907228378E-18, 0.002125195646132318518 ),
 ( 0.000000000000000000, 1.000000000000000000 ),
 .UNSPECIFIED. ) 
 GEOMETRIC_REPRESENTATION_ITEM ( )  RATIONAL_B_SPLINE_SURFACE ( (
 ( 1.000000000000000000, 0.7605383704734883787, 1.000000000000000000),
 ( 1.000000000000000000, 0.7580021453288482425, 1.000000000000000000),
 ( 1.000000000000000000, 0.7553695717178054991, 1.000000000000000000),
 ( 1.000000000000000000, 0.7526326444328405030, 1.000000000000000000) ) ) 
 REPRESENTATION_ITEM ( '' )  SURFACE ( )  );
#102 = DIRECTION ( 'NONE',  ( 0.000000000000000000, 0.000000000000000000, 1.000000000000000000 ) ) ;
#103 = ORIENTED_EDGE ( 'NONE', *, *, #13, .F. ) ;
#104 = ORIENTED_EDGE ( 'NONE', *, *, #4485, .F. ) ;
#105 = CYLINDRICAL_SURFACE ( 'NONE', #2871, 0.3000000000000003220 ) ;
#106 = AXIS2_PLACEMENT_3D ( 'NONE', #2456, #3968, #1625 ) ;
#107 = CARTESIAN_POINT ( 'NONE',  ( 2.276824562219557734E-15, -7.000000000000011546, 3.499999999999996891 ) ) ;
#108 = ADVANCED_FACE ( 'NONE', ( #4710 ), #3367, .T. ) ;
#109 = EDGE_LOOP ( 'NONE', ( #784, #1946, #2139, #3161 ) ) ;
#110 = DIRECTION ( 'NONE',  ( -0.4999999999999967804, 0.8660254037844405950, 0.000000000000000000 ) ) ;
#111 = CARTESIAN_POINT ( 'NONE',  ( -13.64999999999999858, -6.000000000000023981, 2.500000000000001332 ) ) ;
#112 = EDGE_CURVE ( 'NONE', #3749, #1702, #4344, .T. ) ;
#113 = VECTOR ( 'NONE', #2602, 1000.000000000000000 ) ;
#114 = AXIS2_PLACEMENT_3D ( 'NONE', #2955, #4469, #1095 ) ;
#115 = CARTESIAN_POINT ( 'NONE',  ( -13.89999999999999503, -6.950000000000011724, 11.05773502691896759 ) ) ;
#116 = CARTESIAN_POINT ( 'NONE',  ( -10.21275570921556941, -7.796141501438791366, 15.88919128187353813 ) ) ;
#117 = AXIS2_PLACEMENT_3D ( 'NONE', #648, #2219, #1079 ) ;
#118 = CARTESIAN_POINT ( 'NONE',  ( -10.47751330818695870, -5.194767466557991931, -21.82755899964003987 ) ) ;
#119 = VERTEX_POINT ( 'NONE', #74 ) ;
#120 = ORIENTED_EDGE ( 'NONE', *, *, #4173, .T. ) ;
#121 = CARTESIAN_POINT ( 'NONE',  ( -10.23150752732803959, -5.727989418313939929, -22.11820588439790924 ) ) ;
#122 = DIRECTION ( 'NONE',  ( -1.000000000000000000, 0.000000000000000000, -6.505213034913027590E-16 ) ) ;
#123 = EDGE_LOOP ( 'NONE', ( #1302, #227, #901, #1739 ) ) ;
#124 = EDGE_CURVE ( 'NONE', #3690, #1642, #4376, .T. ) ;
#125 = VERTEX_POINT ( 'NONE', #4735 ) ;
#126 = ORIENTED_EDGE ( 'NONE', *, *, #1651, .F. ) ;
#127 = CARTESIAN_POINT ( 'NONE',  ( 10.07369368238303231, -8.178576580564902443, 15.92036420283732134 ) ) ;
#128 = ORIENTED_EDGE ( 'NONE', *, *, #3605, .T. ) ;
#129 = CIRCLE ( 'NONE', #4674, 3.600000000000002309 ) ;
#130 = CARTESIAN_POINT ( 'NONE',  ( 10.42901224293476226, -5.394866716148116303, -22.01033474360647801 ) ) ;
#131 = ORIENTED_EDGE ( 'NONE', *, *, #1253, .T. ) ;
#132 = EDGE_CURVE ( 'NONE', #1169, #3986, #2495, .T. ) ;
#133 = AXIS2_PLACEMENT_3D ( 'NONE', #3399, #2681, #3351 ) ;
#134 = CIRCLE ( 'NONE', #1692, 0.2999999999999994338 ) ;
#135 = ORIENTED_EDGE ( 'NONE', *, *, #3576, .F. ) ;
#136 = CARTESIAN_POINT ( 'NONE',  ( -14.14999999999999858, -18.33257888130140856, 3.000000000000001332 ) ) ;
#137 = CIRCLE ( 'NONE', #1528, 0.5000000000000004441 ) ;
#138 =( BOUNDED_SURFACE ( )  B_SPLINE_SURFACE ( 3, 2, ( 
 ( #4686, #2807, #217 ),
 ( #1192, #3946, #589 ),
 ( #2073, #3585, #3203 ),
 ( #3054, #243, #3979 ) ),
 .UNSPECIFIED., .F., .F., .F. ) 
 B_SPLINE_SURFACE_WITH_KNOTS ( ( 4, 4 ),
 ( 3, 3 ),
 ( 6.938893903907228378E-18, 0.005811690149545513558 ),
 ( 0.000000000000000000, 1.000000000000000000 ),
 .UNSPECIFIED. ) 
 GEOMETRIC_REPRESENTATION_ITEM ( )  RATIONAL_B_SPLINE_SURFACE ( (
 ( 1.000000000000000000, 0.8008389405891424007, 1.000000000000000000),
 ( 1.000000000000000000, 0.8047373366352617019, 1.000000000000000000),
 ( 1.000000000000000000, 0.8090898618387547536, 1.000000000000000000),
 ( 1.000000000000000000, 0.8140815235037947017, 1.000000000000000000) ) ) 
 REPRESENTATION_ITEM ( '' )  SURFACE ( )  );
#139 = DIRECTION ( 'NONE',  ( 0.000000000000000000, -1.000000000000000000, 0.000000000000000000 ) ) ;
#140 = CARTESIAN_POINT ( 'NONE',  ( 12.15000000000000213, -9.707106781186602973, 16.93020532660897359 ) ) ;
#141 = ORIENTED_EDGE ( 'NONE', *, *, #3995, .T. ) ;
#142 = CARTESIAN_POINT ( 'NONE',  ( 9.485372282482018136, -9.707106781186604749, 17.96098579920803573 ) ) ;
#143 = CARTESIAN_POINT ( 'NONE',  ( -14.14999999999999858, -6.500000000000024869, 2.999999999999999112 ) ) ;
#144 = ORIENTED_EDGE ( 'NONE', *, *, #2642, .F. ) ;
#145 = ADVANCED_FACE ( 'NONE', ( #1364 ), #1875, .T. ) ;
#146 = CARTESIAN_POINT ( 'NONE',  ( 10.42952924663998537, -7.943772511471866693, 15.58157060627144119 ) ) ;
#147 = DIRECTION ( 'NONE',  ( 1.000000000000000000, -6.151501687861019394E-17, 0.000000000000000000 ) ) ;
#148 = LINE ( 'NONE', #1288, #584 ) ;
#149 = CARTESIAN_POINT ( 'NONE',  ( -11.91959547522639618, -5.200000000000010836, 12.15656277791763529 ) ) ;
#150 = EDGE_CURVE ( 'NONE', #3041, #2750, #4248, .T. ) ;
#151 = ORIENTED_EDGE ( 'NONE', *, *, #4573, .T. ) ;
#152 = DIRECTION ( 'NONE',  ( -1.000000000000000000, -0.000000000000000000, -0.000000000000000000 ) ) ;
#153 = ORIENTED_EDGE ( 'NONE', *, *, #4572, .F. ) ;
#154 = ADVANCED_FACE ( 'NONE', ( #1669 ), #3168, .T. ) ;
#155 = DIRECTION ( 'NONE',  ( -0.000000000000000000, -1.000000000000000000, -0.000000000000000000 ) ) ;
#156 = CARTESIAN_POINT ( 'NONE',  ( 12.13727472846355226, -5.409794818273337746, 12.39175071858877253 ) ) ;
#157 = ORIENTED_EDGE ( 'NONE', *, *, #3818, .T. ) ;
#158 = MANIFOLD_SOLID_BREP ( 'Move Face7', #492 ) ;
#159 = ORIENTED_EDGE ( 'NONE', *, *, #2483, .T. ) ;
#160 = DIRECTION ( 'NONE',  ( 1.000000000000000000, 0.000000000000000000, 0.000000000000000000 ) ) ;
#161 = FACE_OUTER_BOUND ( 'NONE', #2797, .T. ) ;
#162 = EDGE_CURVE ( 'NONE', #4622, #592, #4626, .T. ) ;
#163 = ORIENTED_EDGE ( 'NONE', *, *, #1891, .T. ) ;
#164 = DIRECTION ( 'NONE',  ( -1.000000000000000000, 0.000000000000000000, -6.505213034913027590E-16 ) ) ;
#165 = EDGE_LOOP ( 'NONE', ( #2109, #1408, #966, #1421 ) ) ;
#166 = CARTESIAN_POINT ( 'NONE',  ( 10.15809406311464436, -12.49999999999999645, 15.80690261138537345 ) ) ;
#167 = B_SPLINE_CURVE_WITH_KNOTS ( 'NONE', 3,
 ( #3182, #3042, #2078, #172, #223, #4553, #958 ),
 .UNSPECIFIED., .F., .F.,
 ( 4, 3, 4 ),
 ( 0.000000000000000000, 0.002361785726832121325, 0.004557247256553684928 ),
 .UNSPECIFIED. ) ;
#168 = ORIENTED_EDGE ( 'NONE', *, *, #1310, .F. ) ;
#169 = CARTESIAN_POINT ( 'NONE',  ( 13.89999999999999680, -6.950000000000011724, -13.65566243270259328 ) ) ;
#170 = CARTESIAN_POINT ( 'NONE',  ( 10.69011531703517370, -7.433223397919297426, 15.30720639650124681 ) ) ;
#171 = CARTESIAN_POINT ( 'NONE',  ( -9.569671419901837339, -9.445938108776855913, 17.87575357561146916 ) ) ;
#172 = CARTESIAN_POINT ( 'NONE',  ( 10.39121589536010681, -10.13874293624201961, 15.55533608781952459 ) ) ;
#173 = LINE ( 'NONE', #1658, #2927 ) ;
#174 = EDGE_LOOP ( 'NONE', ( #3394, #1099, #1659, #1000 ) ) ;
#175 = ORIENTED_EDGE ( 'NONE', *, *, #3046, .T. ) ;
#176 = CYLINDRICAL_SURFACE ( 'NONE', #2551, 0.3000000000000016542 ) ;
#177 = ORIENTED_EDGE ( 'NONE', *, *, #1004, .T. ) ;
#178 = DIRECTION ( 'NONE',  ( -0.3390101823093081279, 0.5871828600429044309, -0.7350431178933958254 ) ) ;
#179 = CARTESIAN_POINT ( 'NONE',  ( 10.47399188756784838, -5.396509518712552023, -21.82403757902092778 ) ) ;
#180 = ORIENTED_EDGE ( 'NONE', *, *, #4082, .T. ) ;
#181 = ORIENTED_EDGE ( 'NONE', *, *, #2739, .F. ) ;
#182 = DIRECTION ( 'NONE',  ( 0.000000000000000000, 0.000000000000000000, 1.000000000000000000 ) ) ;
#183 = DIRECTION ( 'NONE',  ( -0.8660254037844385966, 0.5000000000000001110, 0.000000000000000000 ) ) ;
#184 = DIRECTION ( 'NONE',  ( 0.000000000000000000, 0.000000000000000000, 1.000000000000000000 ) ) ;
#185 = VERTEX_POINT ( 'NONE', #855 ) ;
#186 = CARTESIAN_POINT ( 'NONE',  ( -15.75000000000000000, -14.50000000000001066, 0.000000000000000000 ) ) ;
#187 = ORIENTED_EDGE ( 'NONE', *, *, #1716, .T. ) ;
#188 = AXIS2_PLACEMENT_3D ( 'NONE', #4682, #85, #1575 ) ;
#189 = CARTESIAN_POINT ( 'NONE',  ( -14.14999999999999858, -5.999999999999996447, -22.64529946162074836 ) ) ;
#190 = VECTOR ( 'NONE', #1142, 1000.000000000000000 ) ;
#191 = EDGE_CURVE ( 'NONE', #2941, #2230, #3231, .T. ) ;
#192 = DIRECTION ( 'NONE',  ( 0.000000000000000000, 1.000000000000000000, 0.000000000000000000 ) ) ;
#193 = DIRECTION ( 'NONE',  ( 0.8660254037844395958, 0.000000000000000000, 0.4999999999999983347 ) ) ;
#194 = AXIS2_PLACEMENT_3D ( 'NONE', #2528, #313, #4039 ) ;
#195 = ORIENTED_EDGE ( 'NONE', *, *, #1019, .F. ) ;
#196 = CARTESIAN_POINT ( 'NONE',  ( 10.47399188756784660, -5.396509518712553799, -21.82746766542906869 ) ) ;
#197 = AXIS2_PLACEMENT_3D ( 'NONE', #335, #2859, #1026 ) ;
#198 = CIRCLE ( 'NONE', #670, 0.2000000000000004552 ) ;
#199 = CARTESIAN_POINT ( 'NONE',  ( 12.14999999999999858, -18.33257888130140856, 2.500000000000002220 ) ) ;
#200 = CARTESIAN_POINT ( 'NONE',  ( -12.14999999999999858, -14.50000000000001066, -25.80000000000000426 ) ) ;
#201 = ORIENTED_EDGE ( 'NONE', *, *, #4800, .T. ) ;
#202 = ORIENTED_EDGE ( 'NONE', *, *, #339, .T. ) ;
#203 = ORIENTED_EDGE ( 'NONE', *, *, #23, .F. ) ;
#204 = CARTESIAN_POINT ( 'NONE',  ( -10.41675812862979100, -8.675429372258010474, 15.57283016422047872 ) ) ;
#205 = CARTESIAN_POINT ( 'NONE',  ( 13.19320230503483060, -5.200000000000010836, -22.85129670685513048 ) ) ;
#206 = ORIENTED_EDGE ( 'NONE', *, *, #1058, .F. ) ;
#207 = ORIENTED_EDGE ( 'NONE', *, *, #729, .T. ) ;
#208 = EDGE_CURVE ( 'NONE', #3994, #3190, #3769, .T. ) ;
#209 = AXIS2_PLACEMENT_3D ( 'NONE', #2811, #1318, #1710 ) ;
#210 =( BOUNDED_CURVE ( )  B_SPLINE_CURVE ( 3, ( #2435, #2780, #3864, #566 ),
 .UNSPECIFIED., .F., .F. ) 
 B_SPLINE_CURVE_WITH_KNOTS ( ( 4, 4 ),
 ( 4.080201066060888060, 4.702412141616478358 ),
 .UNSPECIFIED. ) 
 CURVE ( )  GEOMETRIC_REPRESENTATION_ITEM ( )  RATIONAL_B_SPLINE_CURVE ( ( 1.000000000000000000, 0.9679971560865572311, 0.9679971560865572311, 1.000000000000000000 ) ) 
 REPRESENTATION_ITEM ( '' )  );
#211 = AXIS2_PLACEMENT_3D ( 'NONE', #2250, #1449, #3759 ) ;
#212 = FACE_OUTER_BOUND ( 'NONE', #4013, .T. ) ;
#213 = VECTOR ( 'NONE', #930, 1000.000000000000000 ) ;
#214 = CARTESIAN_POINT ( 'NONE',  ( -10.15809406311464969, -12.49999999999999645, 15.80690261138537700 ) ) ;
#215 = CARTESIAN_POINT ( 'NONE',  ( -10.73114418875766418, -5.346446609406743988, 13.01342907219198786 ) ) ;
#216 = AXIS2_PLACEMENT_3D ( 'NONE', #4676, #233, #3603 ) ;
#217 = CARTESIAN_POINT ( 'NONE',  ( 11.93480580525836565, -9.353553390593333461, 16.86411994630512368 ) ) ;
#218 = CARTESIAN_POINT ( 'NONE',  ( -10.70219630726599114, -6.814855026568826801, 14.63147248856821214 ) ) ;
#219 = ORIENTED_EDGE ( 'NONE', *, *, #2168, .T. ) ;
#220 = CARTESIAN_POINT ( 'NONE',  ( 10.30509768964151540, -8.256936133370050612, 16.04390622626636542 ) ) ;
#221 = EDGE_CURVE ( 'NONE', #4641, #2437, #1966, .T. ) ;
#222 = EDGE_CURVE ( 'NONE', #549, #2016, #1234, .T. ) ;
#223 = CARTESIAN_POINT ( 'NONE',  ( 10.40398701153511141, -9.407086180594008695, 15.56408532916323750 ) ) ;
#224 = CARTESIAN_POINT ( 'NONE',  ( 10.34947985711649565, -12.52979896583828889, 15.73244629957128460 ) ) ;
#225 = ORIENTED_EDGE ( 'NONE', *, *, #3266, .F. ) ;
#226 = ORIENTED_EDGE ( 'NONE', *, *, #1709, .T. ) ;
#227 = ORIENTED_EDGE ( 'NONE', *, *, #1132, .T. ) ;
#228 = CARTESIAN_POINT ( 'NONE',  ( -10.67396142659912606, -5.200000000000010836, -21.82403757902093133 ) ) ;
#229 = CARTESIAN_POINT ( 'NONE',  ( 8.693353153793919930, -10.56939650782773121, 17.95640695634264716 ) ) ;
#230 = ORIENTED_EDGE ( 'NONE', *, *, #666, .F. ) ;
#231 = CYLINDRICAL_SURFACE ( 'NONE', #4581, 0.5000000000000004441 ) ;
#232 = VERTEX_POINT ( 'NONE', #3859 ) ;
#233 = DIRECTION ( 'NONE',  ( 0.000000000000000000, 1.000000000000000000, 0.000000000000000000 ) ) ;
#234 = DIRECTION ( 'NONE',  ( -0.000000000000000000, 1.000000000000000000, -0.000000000000000000 ) ) ;
#235 = CARTESIAN_POINT ( 'NONE',  ( 10.29226497308102850, -5.300000000000011369, -23.50000000000000000 ) ) ;
#236 = VERTEX_POINT ( 'NONE', #1994 ) ;
#237 = DIRECTION ( 'NONE',  ( 1.000000000000000000, 0.000000000000000000, 6.505213034913026604E-16 ) ) ;
#238 = DIRECTION ( 'NONE',  ( -0.000000000000000000, 1.000000000000000000, -0.000000000000000000 ) ) ;
#239 = ADVANCED_FACE ( 'NONE', ( #3142 ), #2973, .T. ) ;
#240 = EDGE_CURVE ( 'NONE', #2084, #517, #3606, .T. ) ;
#241 = B_SPLINE_CURVE_WITH_KNOTS ( 'NONE', 3,
 ( #3226, #4343, #1730, #4762, #4024, #4734, #3297, #2469 ),
 .UNSPECIFIED., .F., .F.,
 ( 4, 2, 2, 4 ),
 ( 2.453269466693398698E-18, 0.0002444665286885986917, 0.0003666997930328990134, 0.0004889330573771994435 ),
 .UNSPECIFIED. ) ;
#242 = ADVANCED_FACE ( 'NONE', ( #4410 ), #4037, .T. ) ;
#243 = CARTESIAN_POINT ( 'NONE',  ( 12.15000000000000036, -5.510182038911517921, 12.49885748518422623 ) ) ;
#244 = AXIS2_PLACEMENT_3D ( 'NONE', #2663, #3175, #4200 ) ;
#245 = DIRECTION ( 'NONE',  ( 0.000000000000000000, 0.000000000000000000, -1.000000000000000000 ) ) ;
#246 = EDGE_LOOP ( 'NONE', ( #3754, #131, #2153, #803 ) ) ;
#247 = CARTESIAN_POINT ( 'NONE',  ( 10.70464758765131030, -6.690286419702184517, 14.49444329465309877 ) ) ;
#248 = EDGE_CURVE ( 'NONE', #2037, #2937, #3360, .T. ) ;
#249 = CARTESIAN_POINT ( 'NONE',  ( 0.000000000000000000, -8.256936133370050612, -10.49999999999999822 ) ) ;
#250 = CARTESIAN_POINT ( 'NONE',  ( 10.34952282459235917, -12.52733736079479421, 15.52675730902376650 ) ) ;
#251 = ORIENTED_EDGE ( 'NONE', *, *, #1825, .F. ) ;
#252 = EDGE_LOOP ( 'NONE', ( #257, #418, #3270, #4061 ) ) ;
#253 = CARTESIAN_POINT ( 'NONE',  ( 9.270701380825549620, -9.569400044949134099, 18.03253052484731356 ) ) ;
#254 = VERTEX_POINT ( 'NONE', #2458 ) ;
#255 = CARTESIAN_POINT ( 'NONE',  ( -12.25000000000000355, -5.500000000000011546, 11.66395280956806779 ) ) ;
#256 = CARTESIAN_POINT ( 'NONE',  ( 11.94778261155074439, -5.419758542448238181, 12.50184286356584629 ) ) ;
#257 = ORIENTED_EDGE ( 'NONE', *, *, #915, .F. ) ;
#258 = CARTESIAN_POINT ( 'NONE',  ( -12.65000000000000036, -5.500000000000011546, -12.35662432702593350 ) ) ;
#259 = EDGE_LOOP ( 'NONE', ( #4175, #2627, #1246, #1270 ) ) ;
#260 = DIRECTION ( 'NONE',  ( -3.469446951953611033E-15, 0.000000000000000000, 1.000000000000000000 ) ) ;
#261 = LINE ( 'NONE', #3194, #4347 ) ;
#262 = LINE ( 'NONE', #972, #3856 ) ;
#263 = ORIENTED_EDGE ( 'NONE', *, *, #2015, .T. ) ;
#264 = CARTESIAN_POINT ( 'NONE',  ( 10.45822403555044744, -6.299849155788859179, 13.78765255900149889 ) ) ;
#265 = ORIENTED_EDGE ( 'NONE', *, *, #3938, .T. ) ;
#266 = DIRECTION ( 'NONE',  ( -0.8660254037844395958, 0.000000000000000000, 0.4999999999999983347 ) ) ;
#267 = CARTESIAN_POINT ( 'NONE',  ( -10.47399188756785016, -5.396509518712553799, 12.65068362120860890 ) ) ;
#268 =( BOUNDED_SURFACE ( )  B_SPLINE_SURFACE ( 3, 2, ( 
 ( #701, #4412, #2188 ),
 ( #3709, #1041, #3691 ),
 ( #1817, #4826, #4460 ),
 ( #1086, #4085, #722 ),
 ( #2204, #1844, #3343 ),
 ( #4858, #1473, #2406 ) ),
 .UNSPECIFIED., .F., .F., .F. ) 
 B_SPLINE_SURFACE_WITH_KNOTS ( ( 4, 2, 4 ),
 ( 3, 3 ),
 ( 4.712388980384689674, 5.497787143782137953, 6.283185307179586232 ),
 ( 0.000000000000000000, 1.000000000000000000 ),
 .UNSPECIFIED. ) 
 GEOMETRIC_REPRESENTATION_ITEM ( )  RATIONAL_B_SPLINE_SURFACE ( (
 ( 1.000000000000000000, 0.7071067811865475727, 1.000000000000000000),
 ( 1.000000000000000000, 0.7535973930383442765, 1.000000000000000000),
 ( 1.000000000000000000, 0.7945364764275876235, 1.000000000000000000),
 ( 1.000000000000000000, 0.8507922995884850126, 1.000000000000000000),
 ( 1.000000000000000000, 0.8661752037898938772, 1.000000000000000000),
 ( 1.000000000000000000, 0.8660254037844385966, 1.000000000000000000) ) ) 
 REPRESENTATION_ITEM ( '' )  SURFACE ( )  );
#269 = CARTESIAN_POINT ( 'NONE',  ( 10.67396142659912250, -5.200000000000010836, -21.82403757902092778 ) ) ;
#270 = VECTOR ( 'NONE', #4065, 1000.000000000000000 ) ;
#271 = CARTESIAN_POINT ( 'NONE',  ( 8.113139720814382727, -5.200000000000010836, 14.05237020535574999 ) ) ;
#272 = CARTESIAN_POINT ( 'NONE',  ( -7.250000000000000000, -16.69999999999999929, 20.22509998793676900 ) ) ;
#273 = CIRCLE ( 'NONE', #2609, 0.1999999999999996225 ) ;
#274 = VECTOR ( 'NONE', #554, 1000.000000000000000 ) ;
#275 = CIRCLE ( 'NONE', #2149, 0.2000000000000005107 ) ;
#276 = LINE ( 'NONE', #3726, #3083 ) ;
#277 = EDGE_CURVE ( 'NONE', #2081, #232, #4703, .T. ) ;
#278 = CARTESIAN_POINT ( 'NONE',  ( 9.270701380825562055, -9.569400044949112782, 18.03253052484731001 ) ) ;
#279 = ORIENTED_EDGE ( 'NONE', *, *, #3898, .T. ) ;
#280 = CARTESIAN_POINT ( 'NONE',  ( -3.500000000000000000, -16.69999999999999929, 10.52693615844911079 ) ) ;
#281 = ORIENTED_EDGE ( 'NONE', *, *, #1316, .T. ) ;
#282 = CARTESIAN_POINT ( 'NONE',  ( 13.64999999999999680, -5.500000000000011546, -14.08867513459481202 ) ) ;
#283 = VECTOR ( 'NONE', #2245, 1000.000000000000000 ) ;
#284 = EDGE_CURVE ( 'NONE', #3875, #992, #1972, .T. ) ;
#285 = DIRECTION ( 'NONE',  ( 0.9328340849462818385, 0.000000000000000000, -0.3603062169355853439 ) ) ;
#286 = VERTEX_POINT ( 'NONE', #3672 ) ;
#287 = LINE ( 'NONE', #4705, #903 ) ;
#288 = ADVANCED_FACE ( 'NONE', ( #637 ), #3487, .T. ) ;
#289 = TOROIDAL_SURFACE ( 'NONE', #2303, 0.2000000000000000389, 0.2999999999999999889 ) ;
#290 = EDGE_CURVE ( 'NONE', #1344, #3728, #1356, .T. ) ;
#291 = CARTESIAN_POINT ( 'NONE',  ( 0.000000000000000000, -6.950000000000011724, 0.000000000000000000 ) ) ;
#292 = DIRECTION ( 'NONE',  ( -1.000000000000000000, 0.000000000000000000, 0.000000000000000000 ) ) ;
#293 = AXIS2_PLACEMENT_3D ( 'NONE', #3638, #1336, #245 ) ;
#294 = DIRECTION ( 'NONE',  ( 1.000000000000000000, -6.151501687861019394E-17, 0.000000000000000000 ) ) ;
#295 = CIRCLE ( 'NONE', #4843, 28.27412388186408876 ) ;
#296 = CARTESIAN_POINT ( 'NONE',  ( -13.74999999999999645, -5.500000000000010658, -22.52982940778282739 ) ) ;
#297 =( BOUNDED_CURVE ( )  B_SPLINE_CURVE ( 3, ( #2110, #2178, #2504, #4011 ),
 .UNSPECIFIED., .F., .F. ) 
 B_SPLINE_CURVE_WITH_KNOTS ( ( 4, 4 ),
 ( 0.000000000000000000, 1.570796326794892783 ),
 .UNSPECIFIED. ) 
 CURVE ( )  GEOMETRIC_REPRESENTATION_ITEM ( )  RATIONAL_B_SPLINE_CURVE ( ( 1.000000000000000000, 0.8047378541243658256, 0.8047378541243658256, 1.000000000000000000 ) ) 
 REPRESENTATION_ITEM ( '' )  );
#298 = B_SPLINE_CURVE_WITH_KNOTS ( 'NONE', 3,
 ( #1865, #3832, #1842, #10, #795, #2984, #79, #422 ),
 .UNSPECIFIED., .F., .F.,
 ( 4, 2, 2, 4 ),
 ( 4.737826525552786913E-05, 0.0003980996191016713615, 0.0005734602960247482542, 0.0007488209729478252554 ),
 .UNSPECIFIED. ) ;
#299 = DIRECTION ( 'NONE',  ( 0.000000000000000000, 0.000000000000000000, 1.000000000000000000 ) ) ;
#300 = DIRECTION ( 'NONE',  ( 0.000000000000000000, -0.000000000000000000, 1.000000000000000000 ) ) ;
#301 = VERTEX_POINT ( 'NONE', #235 ) ;
#302 = CARTESIAN_POINT ( 'NONE',  ( 7.249999999999999112, -12.50000000000001066, 14.27693615844911257 ) ) ;
#303 = FACE_OUTER_BOUND ( 'NONE', #988, .T. ) ;
#304 = ORIENTED_EDGE ( 'NONE', *, *, #1652, .T. ) ;
#305 = EDGE_CURVE ( 'NONE', #495, #788, #2491, .T. ) ;
#306 = CARTESIAN_POINT ( 'NONE',  ( -9.248931386510712116, -9.607106781182915611, 17.77124589387928211 ) ) ;
#307 = DIRECTION ( 'NONE',  ( -0.4010233817317946925, 7.615963414331506827E-15, -0.9160678180704721063 ) ) ;
#308 = ORIENTED_EDGE ( 'NONE', *, *, #4119, .F. ) ;
#309 = DIRECTION ( 'NONE',  ( 0.000000000000000000, 0.000000000000000000, 1.000000000000000000 ) ) ;
#310 = EDGE_CURVE ( 'NONE', #2038, #1616, #727, .T. ) ;
#311 = CARTESIAN_POINT ( 'NONE',  ( -10.33147682410164947, -12.50000000000001243, 15.64697370230273776 ) ) ;
#312 = ORIENTED_EDGE ( 'NONE', *, *, #2408, .F. ) ;
#313 = DIRECTION ( 'NONE',  ( 0.000000000000000000, 1.000000000000000000, 0.000000000000000000 ) ) ;
#314 = CARTESIAN_POINT ( 'NONE',  ( -7.862072633119802312, -12.50000000000001066, 18.45147343247918670 ) ) ;
#315 = CARTESIAN_POINT ( 'NONE',  ( 11.85000000000000142, -9.707106781186604749, 16.73357303036088339 ) ) ;
#316 = DIRECTION ( 'NONE',  ( -0.8660254037844383745, 0.000000000000000000, 0.5000000000000003331 ) ) ;
#317 = EDGE_CURVE ( 'NONE', #125, #2367, #262, .T. ) ;
#318 = CARTESIAN_POINT ( 'NONE',  ( -9.371405873647740137, -9.394974746830641266, 17.63736291403408174 ) ) ;
#319 = CARTESIAN_POINT ( 'NONE',  ( -12.14999999999999858, -5.500000000000011546, 2.500000000000002220 ) ) ;
#320 = LINE ( 'NONE', #3698, #743 ) ;
#321 = DIRECTION ( 'NONE',  ( 0.4999428824215579326, -0.8659264732365768991, 0.01511480281340694433 ) ) ;
#322 = CARTESIAN_POINT ( 'NONE',  ( -12.15848069596852277, -5.545535554184338523, 12.26450707104205584 ) ) ;
#323 = ORIENTED_EDGE ( 'NONE', *, *, #2133, .T. ) ;
#324 = EDGE_LOOP ( 'NONE', ( #4325, #2674, #849, #207, #181, #1342, #4361, #3930, #2417, #508, #2980, #3434, #177, #265, #1664 ) ) ;
#325 = LINE ( 'NONE', #1809, #736 ) ;
#326 = VERTEX_POINT ( 'NONE', #2511 ) ;
#327 = CARTESIAN_POINT ( 'NONE',  ( 13.84999999999999787, -5.200000000000010836, 10.62472232502674885 ) ) ;
#328 = EDGE_CURVE ( 'NONE', #1780, #539, #4094, .T. ) ;
#329 = DIRECTION ( 'NONE',  ( 0.000000000000000000, -0.000000000000000000, 1.000000000000000000 ) ) ;
#330 = EDGE_LOOP ( 'NONE', ( #1917, #2264, #4832, #2290 ) ) ;
#331 = CARTESIAN_POINT ( 'NONE',  ( 0.000000000000000000, -12.49999999999999645, -10.49999999999999822 ) ) ;
#332 = LINE ( 'NONE', #2948, #3412 ) ;
#333 = CARTESIAN_POINT ( 'NONE',  ( 7.250000000000002665, -12.50000000000001066, 20.22509998793677610 ) ) ;
#334 = VECTOR ( 'NONE', #2409, 1000.000000000000000 ) ;
#335 = CARTESIAN_POINT ( 'NONE',  ( -13.64999999999999680, -18.33257888130140856, -14.08867513459481202 ) ) ;
#336 = EDGE_CURVE ( 'NONE', #2716, #4590, #3248, .T. ) ;
#337 = CARTESIAN_POINT ( 'NONE',  ( -12.14999999999999858, -6.950000000000011724, -22.70303448853970352 ) ) ;
#338 = EDGE_CURVE ( 'NONE', #673, #4802, #2355, .T. ) ;
#339 = EDGE_CURVE ( 'NONE', #3119, #2673, #1407, .T. ) ;
#340 = CARTESIAN_POINT ( 'NONE',  ( 12.15000000000000036, -9.707106781186604749, 16.73357303036088339 ) ) ;
#341 = CYLINDRICAL_SURFACE ( 'NONE', #513, 0.5000000000000004441 ) ;
#342 = AXIS2_PLACEMENT_3D ( 'NONE', #2438, #1708, #2412 ) ;
#343 = CARTESIAN_POINT ( 'NONE',  ( -8.113139720814380951, -5.200000000000010836, 14.05237020535574644 ) ) ;
#344 = VECTOR ( 'NONE', #1017, 1000.000000000000114 ) ;
#345 = DIRECTION ( 'NONE',  ( 0.8660254037844374864, -0.000000000000000000, 0.5000000000000023315 ) ) ;
#346 = CARTESIAN_POINT ( 'NONE',  ( -6.135343034915755389, -12.49999999999999467, -22.19828495911596278 ) ) ;
#347 = CARTESIAN_POINT ( 'NONE',  ( -7.549999999999999822, -16.69999999999999929, 20.22509998793676900 ) ) ;
#348 = ORIENTED_EDGE ( 'NONE', *, *, #2983, .F. ) ;
#349 = FACE_OUTER_BOUND ( 'NONE', #4432, .T. ) ;
#350 = CIRCLE ( 'NONE', #2766, 0.2000000000000011768 ) ;
#351 = AXIS2_PLACEMENT_3D ( 'NONE', #3808, #4527, #4134 ) ;
#352 = DIRECTION ( 'NONE',  ( -0.8660254037844405950, 0.4999999999999966693, 0.000000000000000000 ) ) ;
#353 = ADVANCED_FACE ( 'NONE', ( #822 ), #2595, .T. ) ;
#354 = DIRECTION ( 'NONE',  ( -1.000000000000000000, 8.380306647230952385E-17, 0.000000000000000000 ) ) ;
#355 = ORIENTED_EDGE ( 'NONE', *, *, #4723, .T. ) ;
#356 = FACE_OUTER_BOUND ( 'NONE', #774, .T. ) ;
#357 = CIRCLE ( 'NONE', #4192, 0.5000000000000004441 ) ;
#358 = DIRECTION ( 'NONE',  ( -0.000000000000000000, -1.000000000000000000, -0.000000000000000000 ) ) ;
#359 = DIRECTION ( 'NONE',  ( 0.000000000000000000, -0.000000000000000000, -1.000000000000000000 ) ) ;
#360 = AXIS2_PLACEMENT_3D ( 'NONE', #1835, #3333, #3644 ) ;
#361 = DIRECTION ( 'NONE',  ( 0.000000000000000000, -0.7359360763194502386, -0.6770510258256259295 ) ) ;
#362 = DIRECTION ( 'NONE',  ( 0.000000000000000000, 0.000000000000000000, 1.000000000000000000 ) ) ;
#363 = VECTOR ( 'NONE', #4211, 1000.000000000000000 ) ;
#364 = VECTOR ( 'NONE', #3767, 1000.000000000000000 ) ;
#365 = CARTESIAN_POINT ( 'NONE',  ( -14.14999999999999858, -5.500000000000011546, -22.35662432702594060 ) ) ;
#366 = CARTESIAN_POINT ( 'NONE',  ( 7.862072633119802312, -12.50000000000001066, 18.45147343247918670 ) ) ;
#367 = CIRCLE ( 'NONE', #1141, 28.61551477713268099 ) ;
#368 = ADVANCED_FACE ( 'NONE', ( #61 ), #2229, .T. ) ;
#369 = EDGE_CURVE ( 'NONE', #1939, #3444, #4185, .T. ) ;
#370 = ORIENTED_EDGE ( 'NONE', *, *, #3390, .F. ) ;
#371 = LINE ( 'NONE', #1857, #1129 ) ;
#372 = CARTESIAN_POINT ( 'NONE',  ( 10.23498011539187758, -7.821672074773671213, 15.90860383877282835 ) ) ;
#373 = ORIENTED_EDGE ( 'NONE', *, *, #4102, .T. ) ;
#374 = CARTESIAN_POINT ( 'NONE',  ( -12.14242894432223885, -5.476434061327188019, 12.46459632213637470 ) ) ;
#375 = CARTESIAN_POINT ( 'NONE',  ( 13.84999999999999787, -5.200000000000010836, -14.08867513459481202 ) ) ;
#376 = CARTESIAN_POINT ( 'NONE',  ( -13.84999999999999964, -5.500000000000010658, 2.855673972088735444E-15 ) ) ;
#377 = VERTEX_POINT ( 'NONE', #4856 ) ;
#378 = DIRECTION ( 'NONE',  ( -1.000000000000000000, 0.000000000000000000, -6.505213034913027590E-16 ) ) ;
#379 = LINE ( 'NONE', #685, #1122 ) ;
#380 = DIRECTION ( 'NONE',  ( 0.000000000000000000, 0.000000000000000000, 1.000000000000000000 ) ) ;
#381 = CARTESIAN_POINT ( 'NONE',  ( -10.15809406311464969, -12.49999999999999645, 15.80690261138537700 ) ) ;
#382 = CARTESIAN_POINT ( 'NONE',  ( 6.135343034915744731, -12.50000000000001066, -23.60000000000000142 ) ) ;
#383 = EDGE_CURVE ( 'NONE', #1169, #990, #3730, .T. ) ;
#384 = CARTESIAN_POINT ( 'NONE',  ( -10.29226497308102850, -5.300000000000011369, -22.23024303063489171 ) ) ;
#385 = DIRECTION ( 'NONE',  ( -2.061858463601975203E-16, -0.000000000000000000, -1.000000000000000000 ) ) ;
#386 = CARTESIAN_POINT ( 'NONE',  ( -10.42996363617292488, -7.918886351797306489, 15.78715144562704964 ) ) ;
#387 =( BOUNDED_CURVE ( )  B_SPLINE_CURVE ( 3, ( #3013, #3762, #4066, #800 ),
 .UNSPECIFIED., .F., .F. ) 
 B_SPLINE_CURVE_WITH_KNOTS ( ( 4, 4 ),
 ( 1.605696268718684872, 3.167766281546035678 ),
 .UNSPECIFIED. ) 
 CURVE ( )  GEOMETRIC_REPRESENTATION_ITEM ( )  RATIONAL_B_SPLINE_CURVE ( ( 1.000000000000000000, 0.8067901724359300974, 0.8067901724359300974, 1.000000000000000000 ) ) 
 REPRESENTATION_ITEM ( '' )  );
#388 = ORIENTED_EDGE ( 'NONE', *, *, #3048, .T. ) ;
#389 = EDGE_CURVE ( 'NONE', #3356, #4590, #4443, .T. ) ;
#390 = CARTESIAN_POINT ( 'NONE',  ( 1.821459649775654154E-15, -5.500000000000010658, 2.800000000000010036 ) ) ;
#391 = CARTESIAN_POINT ( 'NONE',  ( 14.14999999999999858, -6.091506350946102266, -22.53963702891816112 ) ) ;
#392 = CARTESIAN_POINT ( 'NONE',  ( -11.96969696969697239, -12.50000000000001066, 17.00865962662715347 ) ) ;
#393 = ORIENTED_EDGE ( 'NONE', *, *, #4032, .F. ) ;
#394 = DIRECTION ( 'NONE',  ( 0.000000000000000000, 0.000000000000000000, 1.000000000000000000 ) ) ;
#395 = VERTEX_POINT ( 'NONE', #4528 ) ;
#396 = EDGE_LOOP ( 'NONE', ( #4529, #3641, #3556, #3265 ) ) ;
#397 = DIRECTION ( 'NONE',  ( 0.000000000000000000, 1.000000000000000000, 0.000000000000000000 ) ) ;
#398 = B_SPLINE_CURVE_WITH_KNOTS ( 'NONE', 3,
 ( #1818, #1492, #4086, #4461 ),
 .UNSPECIFIED., .F., .F.,
 ( 4, 4 ),
 ( 4.336808689942017736E-18, 0.0004025652821168017813 ),
 .UNSPECIFIED. ) ;
#399 = EDGE_CURVE ( 'NONE', #1608, #1568, #1078, .T. ) ;
#400 = CARTESIAN_POINT ( 'NONE',  ( -10.35000000000000142, -12.49999999999999467, -21.70004569145308437 ) ) ;
#401 = DIRECTION ( 'NONE',  ( -0.9998476951563912696, 0.01745240643728354982, 0.000000000000000000 ) ) ;
#402 = ORIENTED_EDGE ( 'NONE', *, *, #4658, .F. ) ;
#403 = CARTESIAN_POINT ( 'NONE',  ( -7.730800266726701508, -12.50000000000001066, 18.46286697658359088 ) ) ;
#404 = CARTESIAN_POINT ( 'NONE',  ( -12.15000000000000036, -9.707106781186604749, 16.73357303036088695 ) ) ;
#405 = CARTESIAN_POINT ( 'NONE',  ( 12.15000000000000036, -5.324264068711941356, 2.500000000000001776 ) ) ;
#406 = CARTESIAN_POINT ( 'NONE',  ( 7.752668494999187310, -12.49999999999999645, 16.61339394481344911 ) ) ;
#407 = CARTESIAN_POINT ( 'NONE',  ( -10.67396142659912606, -5.400000000000011013, 0.000000000000000000 ) ) ;
#408 = CARTESIAN_POINT ( 'NONE',  ( -10.42493003486044856, -8.019990333099237034, 15.63248532922910350 ) ) ;
#409 = EDGE_LOOP ( 'NONE', ( #4673, #693, #3114, #1444, #2870 ) ) ;
#410 = DIRECTION ( 'NONE',  ( 0.000000000000000000, 0.000000000000000000, 1.000000000000000000 ) ) ;
#411 = DIRECTION ( 'NONE',  ( 0.000000000000000000, -0.9998476951563911586, 0.01745240643728354635 ) ) ;
#412 = DIRECTION ( 'NONE',  ( 0.000000000000000000, 1.000000000000000000, 0.000000000000000000 ) ) ;
#413 = ORIENTED_EDGE ( 'NONE', *, *, #4119, .T. ) ;
#414 = VERTEX_POINT ( 'NONE', #1177 ) ;
#415 =( BOUNDED_SURFACE ( )  B_SPLINE_SURFACE ( 3, 2, ( 
 ( #1025, #2120, #215 ),
 ( #4340, #2464, #2901 ),
 ( #2097, #1728, #1411 ),
 ( #267, #3224, #4000 ) ),
 .UNSPECIFIED., .F., .F., .F. ) 
 B_SPLINE_SURFACE_WITH_KNOTS ( ( 4, 4 ),
 ( 3, 3 ),
 ( -8.660064852727966667E-18, 0.0002541600078967910965 ),
 ( 0.000000000000000000, 1.000000000000000000 ),
 .UNSPECIFIED. ) 
 GEOMETRIC_REPRESENTATION_ITEM ( )  RATIONAL_B_SPLINE_SURFACE ( (
 ( 1.000000000000000000, 0.5995010062373571369, 1.000000000000000000),
 ( 1.000000000000000000, 0.6337936235209822300, 1.000000000000000000),
 ( 1.000000000000000000, 0.6753288580712829559, 1.000000000000000000),
 ( 1.000000000000000000, 0.7132504491541867830, 1.000000000000000000) ) ) 
 REPRESENTATION_ITEM ( '' )  SURFACE ( )  );
#416 = DIRECTION ( 'NONE',  ( -0.000000000000000000, 1.000000000000000000, -0.000000000000000000 ) ) ;
#417 = ORIENTED_EDGE ( 'NONE', *, *, #4723, .F. ) ;
#418 = ORIENTED_EDGE ( 'NONE', *, *, #132, .T. ) ;
#419 = VERTEX_POINT ( 'NONE', #1151 ) ;
#420 = CARTESIAN_POINT ( 'NONE',  ( 12.14999999999999858, -6.950000000000011724, -22.70303448853970352 ) ) ;
#421 = AXIS2_PLACEMENT_3D ( 'NONE', #4428, #1793, #719 ) ;
#422 = CARTESIAN_POINT ( 'NONE',  ( -10.68287244362100274, -7.805841636522009352, 15.71253339731172893 ) ) ;
#423 = CARTESIAN_POINT ( 'NONE',  ( 10.73114418875765885, -5.346446609406733330, 13.01342907219198608 ) ) ;
#424 = CARTESIAN_POINT ( 'NONE',  ( -11.94026096232922463, -5.249188471955770652, 12.31341163143454409 ) ) ;
#425 = VERTEX_POINT ( 'NONE', #3316 ) ;
#426 = CARTESIAN_POINT ( 'NONE',  ( -11.85000000000000142, -5.200000000000010836, 2.800000000000002487 ) ) ;
#427 = AXIS2_PLACEMENT_3D ( 'NONE', #4283, #4338, #974 ) ;
#428 = DIRECTION ( 'NONE',  ( 0.000000000000000000, 0.000000000000000000, 1.000000000000000000 ) ) ;
#429 = ADVANCED_FACE ( 'NONE', ( #2963 ), #2312, .T. ) ;
#430 = AXIS2_PLACEMENT_3D ( 'NONE', #2255, #1548, #361 ) ;
#431 = VECTOR ( 'NONE', #4352, 1000.000000000000000 ) ;
#432 = EDGE_CURVE ( 'NONE', #3171, #2038, #2306, .T. ) ;
#433 = CARTESIAN_POINT ( 'NONE',  ( 12.17451917847872345, -5.499999771249266978, 12.19611586364431410 ) ) ;
#434 = CARTESIAN_POINT ( 'NONE',  ( 7.578718707889820827, -12.50000000000000711, 16.77115952700375701 ) ) ;
#435 = ORIENTED_EDGE ( 'NONE', *, *, #4585, .F. ) ;
#436 = CIRCLE ( 'NONE', #1452, 0.5000000000000004441 ) ;
#437 = CARTESIAN_POINT ( 'NONE',  ( -12.15000000000000036, -8.256661700922391489, 15.24156588959338698 ) ) ;
#438 = CARTESIAN_POINT ( 'NONE',  ( -10.26026307958299100, -7.832187760662423059, 15.91034379142767818 ) ) ;
#439 = ORIENTED_EDGE ( 'NONE', *, *, #642, .F. ) ;
#440 = CIRCLE ( 'NONE', #3500, 0.2000000000000005107 ) ;
#441 = AXIS2_PLACEMENT_3D ( 'NONE', #3901, #962, #3211 ) ;
#442 = DIRECTION ( 'NONE',  ( 0.000000000000000000, 0.000000000000000000, 1.000000000000000000 ) ) ;
#443 = CARTESIAN_POINT ( 'NONE',  ( 11.85000000000000142, -12.50000000000001066, 16.73357303036087984 ) ) ;
#444 = CARTESIAN_POINT ( 'NONE',  ( 13.84999999999999964, -5.500000000000011546, 3.000000000000001332 ) ) ;
#445 = ORIENTED_EDGE ( 'NONE', *, *, #4485, .T. ) ;
#446 = CARTESIAN_POINT ( 'NONE',  ( 12.18859123774931241, -5.500000000000010658, 12.16397070398779867 ) ) ;
#447 = VERTEX_POINT ( 'NONE', #1105 ) ;
#448 = ADVANCED_FACE ( 'NONE', ( #1084 ), #2985, .T. ) ;
#449 = EDGE_LOOP ( 'NONE', ( #2554, #128, #1320, #3122, #3796, #3145 ) ) ;
#450 = AXIS2_PLACEMENT_3D ( 'NONE', #1547, #2721, #160 ) ;
#451 = CARTESIAN_POINT ( 'NONE',  ( 7.563472112180225082, -12.52640787841149361, 16.82362044815841173 ) ) ;
#452 = EDGE_CURVE ( 'NONE', #1982, #286, #3738, .T. ) ;
#453 = DIRECTION ( 'NONE',  ( -6.505213034913027590E-16, 0.000000000000000000, -1.000000000000000000 ) ) ;
#454 = EDGE_LOOP ( 'NONE', ( #3547, #2946, #4668, #3124, #4228 ) ) ;
#455 = ORIENTED_EDGE ( 'NONE', *, *, #1607, .T. ) ;
#456 = CARTESIAN_POINT ( 'NONE',  ( -12.14999999999999858, -5.999999999999994671, -23.80000000000000071 ) ) ;
#457 = PLANE ( 'NONE',  #4523 ) ;
#458 = EDGE_CURVE ( 'NONE', #933, #3728, #1527, .T. ) ;
#459 = CARTESIAN_POINT ( 'NONE',  ( -10.67396142659912783, -5.200000000000010836, 12.65068362120861600 ) ) ;
#460 = DIRECTION ( 'NONE',  ( -0.000000000000000000, 1.000000000000000000, -0.000000000000000000 ) ) ;
#461 = DIRECTION ( 'NONE',  ( 0.000000000000000000, 1.000000000000000000, 0.000000000000000000 ) ) ;
#462 = ORIENTED_EDGE ( 'NONE', *, *, #2304, .T. ) ;
#463 = ADVANCED_FACE ( 'NONE', ( #1125 ), #1446, .F. ) ;
#464 = DIRECTION ( 'NONE',  ( 0.000000000000000000, 0.000000000000000000, 1.000000000000000000 ) ) ;
#465 = DIRECTION ( 'NONE',  ( 0.000000000000000000, 0.000000000000000000, 1.000000000000000000 ) ) ;
#466 = ORIENTED_EDGE ( 'NONE', *, *, #4073, .F. ) ;
#467 = DIRECTION ( 'NONE',  ( 0.000000000000000000, 0.000000000000000000, 1.000000000000000000 ) ) ;
#468 = DIRECTION ( 'NONE',  ( 0.000000000000000000, -0.000000000000000000, 1.000000000000000000 ) ) ;
#469 = EDGE_LOOP ( 'NONE', ( #1271, #3454, #4202, #1810 ) ) ;
#470 = EDGE_LOOP ( 'NONE', ( #791, #1621, #4245, #3440 ) ) ;
#471 = CARTESIAN_POINT ( 'NONE',  ( 8.528423394885384923, -11.14690338620549248, 16.41838332727913397 ) ) ;
#472 = ORIENTED_EDGE ( 'NONE', *, *, #3382, .T. ) ;
#473 = B_SPLINE_CURVE_WITH_KNOTS ( 'NONE', 3,
 ( #1868, #2651, #424, #708 ),
 .UNSPECIFIED., .F., .F.,
 ( 4, 4 ),
 ( 3.648078513720560085E-17, 0.0004212045663396561082 ),
 .UNSPECIFIED. ) ;
#474 = DIRECTION ( 'NONE',  ( -0.4999428824215579326, 0.8659264732365767880, -0.01511480281340694606 ) ) ;
#475 = ORIENTED_EDGE ( 'NONE', *, *, #1259, .T. ) ;
#476 = VECTOR ( 'NONE', #811, 1000.000000000000000 ) ;
#477 = DIRECTION ( 'NONE',  ( 0.000000000000000000, 0.000000000000000000, 1.000000000000000000 ) ) ;
#478 = LINE ( 'NONE', #4623, #2089 ) ;
#479 =( BOUNDED_SURFACE ( )  B_SPLINE_SURFACE ( 3, 2, ( 
 ( #2013, #156, #3160 ),
 ( #965, #1376, #631 ),
 ( #256, #3284, #3685 ),
 ( #4748, #2544, #672 ) ),
 .UNSPECIFIED., .F., .F., .F. ) 
 B_SPLINE_SURFACE_WITH_KNOTS ( ( 4, 4 ),
 ( 3, 3 ),
 ( 5.421010862427522170E-20, 0.0001728551505897468331 ),
 ( 0.000000000000000000, 1.000000000000000000 ),
 .UNSPECIFIED. ) 
 GEOMETRIC_REPRESENTATION_ITEM ( )  RATIONAL_B_SPLINE_SURFACE ( (
 ( 1.000000000000000000, 0.8443262081572281419, 1.000000000000000000),
 ( 1.000000000000000000, 0.8347166773776285575, 1.000000000000000000),
 ( 1.000000000000000000, 0.8246360015466704940, 1.000000000000000000),
 ( 1.000000000000000000, 0.8140815235037559550, 1.000000000000000000) ) ) 
 REPRESENTATION_ITEM ( '' )  SURFACE ( )  );
#480 = CARTESIAN_POINT ( 'NONE',  ( 7.862072633119802312, -12.50000000000001066, 18.45147343247918670 ) ) ;
#481 = CARTESIAN_POINT ( 'NONE',  ( 9.485372282482018136, -9.707106781186604749, 17.96098579920803573 ) ) ;
#482 = DIRECTION ( 'NONE',  ( -0.3619113535020125338, 0.000000000000000000, 0.9322125145085433662 ) ) ;
#483 = CYLINDRICAL_SURFACE ( 'NONE', #3417, 31.93912560847268622 ) ;
#484 = EDGE_CURVE ( 'NONE', #1276, #3199, #3584, .T. ) ;
#485 = CARTESIAN_POINT ( 'NONE',  ( -10.47401134145788149, -5.395395006099160007, -21.91989097235459028 ) ) ;
#486 = CARTESIAN_POINT ( 'NONE',  ( -10.39587489562517497, -7.798201529269676691, 15.82083129149552114 ) ) ;
#487 = ORIENTED_EDGE ( 'NONE', *, *, #956, .T. ) ;
#488 = EDGE_CURVE ( 'NONE', #395, #3607, #1610, .T. ) ;
#489 = CARTESIAN_POINT ( 'NONE',  ( 12.15000000000000036, -9.565685424949295523, 16.66967721593321983 ) ) ;
#490 = ADVANCED_FACE ( 'NONE', ( #1530 ), #2612, .T. ) ;
#491 = DIRECTION ( 'NONE',  ( 0.000000000000000000, 0.000000000000000000, 1.000000000000000000 ) ) ;
#492 = CLOSED_SHELL ( 'NONE', ( #4327, #4316, #1392, #3830, #4440, #1921, #2256, #669, #698, #4400, #4349, #1680, #1802, #2074, #448, #1135, #2227, #2497, #2519, #4690, #4595, #4062, #3782, #2541, #587, #2728, #1042, #957, #3147, #647, #2210, #2623, #2030, #2331, #368, #1781, #1763, #1014, #4047, #1204, #2699, #1029, #145, #108, #4023, #755, #2181, #3457, #3213, #872, #2933, #1860, #3239, #2586, #4708, #2421, #4742, #1494, #4647, #4088, #705, #4654, #4448, #586, #1401, #2397, #3490, #2670, #1772, #3117, #4419, #2007, #1166, #93, #239, #4851, #1457, #4750, #2921, #3582, #4420, #4724, #2476, #1383, #2953, #4177, #569, #2532, #490, #1289, #2846, #353, #4493, #2560, #1883, #808, #463, #898, #526, #4237, #3079, #1588, #3202, #1233, #83, #4841, #3764, #2634, #429, #3552, #1311, #288, #1355, #2579, #4300, #506, #4696, #4229, #3662, #4140, #3755, #3553, #2966, #4807, #756, #1103, #3857, #2572, #3980, #1215, #2049, #3974, #154, #3978, #242, #3908, #4133, #4864, #1609, #3511, #2882, #2537, #824, #541, #1713, #1322, #1807, #1088, #4787, #3020, #4161 ) ) ;
#493 = VECTOR ( 'NONE', #4216, 1000.000000000000000 ) ;
#494 = CARTESIAN_POINT ( 'NONE',  ( 0.000000000000000000, -6.950000000000011724, 0.000000000000000000 ) ) ;
#495 = VERTEX_POINT ( 'NONE', #47 ) ;
#496 = ORIENTED_EDGE ( 'NONE', *, *, #2605, .T. ) ;
#497 = ORIENTED_EDGE ( 'NONE', *, *, #124, .T. ) ;
#498 = DIRECTION ( 'NONE',  ( 0.000000000000000000, 0.000000000000000000, 1.000000000000000000 ) ) ;
#499 = TOROIDAL_SURFACE ( 'NONE', #4341, 0.2000000000000000389, 0.2999999999999999889 ) ;
#500 = ORIENTED_EDGE ( 'NONE', *, *, #3257, .F. ) ;
#501 = DIRECTION ( 'NONE',  ( -0.000000000000000000, 1.000000000000000000, -0.000000000000000000 ) ) ;
#502 = ORIENTED_EDGE ( 'NONE', *, *, #3922, .T. ) ;
#503 = ORIENTED_EDGE ( 'NONE', *, *, #1502, .T. ) ;
#504 = CARTESIAN_POINT ( 'NONE',  ( 13.84999999999999964, -5.200000000000010836, -22.35662432702594060 ) ) ;
#505 = VECTOR ( 'NONE', #3206, 1000.000000000000114 ) ;
#506 = ADVANCED_FACE ( 'NONE', ( #1114 ), #2135, .T. ) ;
#507 = CARTESIAN_POINT ( 'NONE',  ( 9.676298072040115272, -8.866885968384529804, 17.23012284896903168 ) ) ;
#508 = ORIENTED_EDGE ( 'NONE', *, *, #4809, .F. ) ;
#509 = CARTESIAN_POINT ( 'NONE',  ( -10.40773502691895480, -5.500000000000010658, -23.60000000000000142 ) ) ;
#510 = VECTOR ( 'NONE', #3494, 1000.000000000000000 ) ;
#511 = CARTESIAN_POINT ( 'NONE',  ( -12.14999999999999858, -5.500000000000011546, -23.80000000000000071 ) ) ;
#512 = AXIS2_PLACEMENT_3D ( 'NONE', #3679, #1363, #4375 ) ;
#513 = AXIS2_PLACEMENT_3D ( 'NONE', #4092, #2907, #4418 ) ;
#514 = CARTESIAN_POINT ( 'NONE',  ( 10.37538499725346774, -8.168193636447936612, 15.74745143250117607 ) ) ;
#515 = AXIS2_PLACEMENT_3D ( 'NONE', #4385, #2420, #3624 ) ;
#516 = CARTESIAN_POINT ( 'NONE',  ( -11.96969696969697061, -9.574797892626445872, 17.00865962662715702 ) ) ;
#517 = VERTEX_POINT ( 'NONE', #1499 ) ;
#518 = EDGE_CURVE ( 'NONE', #2084, #2477, #1188, .T. ) ;
#519 = CARTESIAN_POINT ( 'NONE',  ( 10.25939288115277748, -8.256936133370878395, 16.06160488095811445 ) ) ;
#520 = CIRCLE ( 'NONE', #1768, 0.3000000000000016542 ) ;
#521 = DIRECTION ( 'NONE',  ( -0.000000000000000000, -1.000000000000000000, -0.000000000000000000 ) ) ;
#522 = DIRECTION ( 'NONE',  ( 0.000000000000000000, 1.000000000000000000, -0.000000000000000000 ) ) ;
#523 = ORIENTED_EDGE ( 'NONE', *, *, #3469, .F. ) ;
#524 = CARTESIAN_POINT ( 'NONE',  ( -11.96969696969697061, -9.707106781186599420, 17.00865962662716058 ) ) ;
#525 = CIRCLE ( 'NONE', #2154, 0.5000000000000004441 ) ;
#526 = ADVANCED_FACE ( 'NONE', ( #2659 ), #3768, .F. ) ;
#527 = VECTOR ( 'NONE', #152, 1000.000000000000000 ) ;
#528 = CARTESIAN_POINT ( 'NONE',  ( -10.36373863071949231, -11.71291437322118867, 15.53650685251342978 ) ) ;
#529 = CARTESIAN_POINT ( 'NONE',  ( 2.244298497044992995E-15, -6.950000000000011724, 3.449999999999997513 ) ) ;
#530 = ORIENTED_EDGE ( 'NONE', *, *, #2302, .T. ) ;
#531 = AXIS2_PLACEMENT_3D ( 'NONE', #42, #2972, #4558 ) ;
#532 = ORIENTED_EDGE ( 'NONE', *, *, #793, .F. ) ;
#533 = CARTESIAN_POINT ( 'NONE',  ( 13.64999999999999858, -18.33257888130140856, 2.500000000000001332 ) ) ;
#534 = TOROIDAL_SURFACE ( 'NONE', #2239, 28.47409342089537176, 0.2000000000000000111 ) ;
#535 = DIRECTION ( 'NONE',  ( -4.259132699590121732E-17, 0.000000000000000000, -1.000000000000000000 ) ) ;
#536 = CARTESIAN_POINT ( 'NONE',  ( 9.590040606654715916, -9.353553390593331684, 17.77128881405509020 ) ) ;
#537 = ORIENTED_EDGE ( 'NONE', *, *, #4260, .F. ) ;
#538 = LINE ( 'NONE', #3449, #4827 ) ;
#539 = VERTEX_POINT ( 'NONE', #1485 ) ;
#540 = CARTESIAN_POINT ( 'NONE',  ( -12.06961524227066818, -5.200000000000010836, -23.50000000000000000 ) ) ;
#541 = ADVANCED_FACE ( 'NONE', ( #1036 ), #1774, .T. ) ;
#542 = CARTESIAN_POINT ( 'NONE',  ( 13.84999999999999787, -5.500000000000010658, 10.62472232502674885 ) ) ;
#543 = CARTESIAN_POINT ( 'NONE',  ( -10.67396142627980105, -5.200000000000010836, -21.98376016381748244 ) ) ;
#544 = ORIENTED_EDGE ( 'NONE', *, *, #2384, .T. ) ;
#545 = DIRECTION ( 'NONE',  ( 0.000000000000000000, -0.7914872521527156479, -0.6111856752900410861 ) ) ;
#546 = CARTESIAN_POINT ( 'NONE',  ( -9.270701380825547844, -9.569400044949134099, 18.03253052484732066 ) ) ;
#547 = DIRECTION ( 'NONE',  ( 0.000000000000000000, 1.000000000000000000, 0.000000000000000000 ) ) ;
#548 = ORIENTED_EDGE ( 'NONE', *, *, #3451, .T. ) ;
#549 = VERTEX_POINT ( 'NONE', #4774 ) ;
#550 = VERTEX_POINT ( 'NONE', #2865 ) ;
#551 = EDGE_LOOP ( 'NONE', ( #2159, #3025, #417, #4179 ) ) ;
#552 = CARTESIAN_POINT ( 'NONE',  ( -9.485372282483417905, -9.707106781186604749, 17.96098579920757032 ) ) ;
#553 = B_SPLINE_CURVE_WITH_KNOTS ( 'NONE', 3,
 ( #1223, #446, #3774, #3378, #3002, #4543, #843, #1194, #2646, #3435, #2690, #2665, #1561 ),
 .UNSPECIFIED., .F., .F.,
 ( 4, 3, 3, 3, 4 ),
 ( 0.000000000000000000, 2.524680631499397546E-05, 7.545594541420689726E-05, 0.0001012591630705894218, 0.0001424022084183558393 ),
 .UNSPECIFIED. ) ;
#554 = DIRECTION ( 'NONE',  ( 1.000000000000000000, 0.000000000000000000, -6.505213034913026604E-16 ) ) ;
#555 = VERTEX_POINT ( 'NONE', #1403 ) ;
#556 = ORIENTED_EDGE ( 'NONE', *, *, #1603, .T. ) ;
#557 = DIRECTION ( 'NONE',  ( 0.000000000000000000, 0.000000000000000000, -1.000000000000000000 ) ) ;
#558 = VECTOR ( 'NONE', #814, 1000.000000000000000 ) ;
#559 = EDGE_CURVE ( 'NONE', #1279, #3309, #2593, .T. ) ;
#560 = LINE ( 'NONE', #3836, #510 ) ;
#561 = CARTESIAN_POINT ( 'NONE',  ( 11.94778268881455041, -5.419739984612832906, 12.50182191988728775 ) ) ;
#562 = ORIENTED_EDGE ( 'NONE', *, *, #3748, .T. ) ;
#563 = PLANE ( 'NONE',  #2533 ) ;
#564 = DIRECTION ( 'NONE',  ( 0.000000000000000000, -0.6639008430008022099, 0.7478206139595405810 ) ) ;
#565 = CARTESIAN_POINT ( 'NONE',  ( -7.578718707889819051, -12.50000000000001066, 18.27407996053067407 ) ) ;
#566 = CARTESIAN_POINT ( 'NONE',  ( -9.991746918085103957, -5.820512539844733269, -22.31487584642018973 ) ) ;
#567 = ORIENTED_EDGE ( 'NONE', *, *, #1196, .F. ) ;
#568 = CARTESIAN_POINT ( 'NONE',  ( 10.35009133421096905, -12.49476746655797754, -21.70013702566405200 ) ) ;
#569 = ADVANCED_FACE ( 'NONE', ( #4407 ), #499, .T. ) ;
#570 = CARTESIAN_POINT ( 'NONE',  ( 10.34999999999999787, -12.49999999999999645, 15.52708456944178472 ) ) ;
#571 = DIRECTION ( 'NONE',  ( 1.961181171427461100E-16, 0.000000000000000000, -1.000000000000000000 ) ) ;
#572 = ORIENTED_EDGE ( 'NONE', *, *, #2200, .F. ) ;
#573 = ORIENTED_EDGE ( 'NONE', *, *, #858, .T. ) ;
#574 = ORIENTED_EDGE ( 'NONE', *, *, #4191, .T. ) ;
#575 = ORIENTED_EDGE ( 'NONE', *, *, #4694, .F. ) ;
#576 = CARTESIAN_POINT ( 'NONE',  ( -9.569429319156510516, -9.447036286180907183, 17.87699533908300964 ) ) ;
#577 = CARTESIAN_POINT ( 'NONE',  ( -7.563472112180261497, -12.52640787841142789, 16.82362044815840108 ) ) ;
#578 = ORIENTED_EDGE ( 'NONE', *, *, #1667, .F. ) ;
#579 = VERTEX_POINT ( 'NONE', #3288 ) ;
#580 = CARTESIAN_POINT ( 'NONE',  ( -11.85000000000000142, -5.500000000000010658, -5.047072249014294413E-16 ) ) ;
#581 = DIRECTION ( 'NONE',  ( 1.000000000000000000, -0.000000000000000000, -0.000000000000000000 ) ) ;
#582 = VERTEX_POINT ( 'NONE', #4057 ) ;
#583 = ORIENTED_EDGE ( 'NONE', *, *, #1468, .F. ) ;
#584 = VECTOR ( 'NONE', #2810, 1000.000000000000000 ) ;
#585 = CARTESIAN_POINT ( 'NONE',  ( -12.15000000000000036, 17.00105930301486623, 16.73357303036088339 ) ) ;
#586 = ADVANCED_FACE ( 'NONE', ( #3055 ), #3917, .T. ) ;
#587 = ADVANCED_FACE ( 'NONE', ( #1954 ), #2364, .T. ) ;
#588 = CIRCLE ( 'NONE', #4739, 0.3000000000000003220 ) ;
#589 = CARTESIAN_POINT ( 'NONE',  ( 11.93855100110222622, -8.044528275048538291, 15.43437364207852625 ) ) ;
#590 = CARTESIAN_POINT ( 'NONE',  ( -10.46547005383791529, -5.200000000000010836, -22.23024303063489171 ) ) ;
#591 = VECTOR ( 'NONE', #1143, 1000.000000000000000 ) ;
#592 = VERTEX_POINT ( 'NONE', #2735 ) ;
#593 = DIRECTION ( 'NONE',  ( -0.000000000000000000, -1.000000000000000000, -0.000000000000000000 ) ) ;
#594 = AXIS2_PLACEMENT_3D ( 'NONE', #3498, #3914, #2705 ) ;
#595 = DIRECTION ( 'NONE',  ( 0.01744974916068271764, -0.9996954598818874604, 0.01744974916068272111 ) ) ;
#596 = DIRECTION ( 'NONE',  ( 1.458200821047513565E-16, 0.000000000000000000, 1.000000000000000000 ) ) ;
#597 = CIRCLE ( 'NONE', #2221, 0.2999999999999981570 ) ;
#598 = ORIENTED_EDGE ( 'NONE', *, *, #1514, .T. ) ;
#599 = VERTEX_POINT ( 'NONE', #4249 ) ;
#600 = FACE_OUTER_BOUND ( 'NONE', #2014, .T. ) ;
#601 = EDGE_LOOP ( 'NONE', ( #3828, #2345, #3409, #104 ) ) ;
#602 = CARTESIAN_POINT ( 'NONE',  ( 9.248931386508584040, -9.607106781186605104, 17.77124589387998554 ) ) ;
#603 = CARTESIAN_POINT ( 'NONE',  ( 8.132315294984055143, -11.54114258425607176, 18.12518617639208074 ) ) ;
#604 = ORIENTED_EDGE ( 'NONE', *, *, #4675, .T. ) ;
#605 = EDGE_CURVE ( 'NONE', #4637, #1379, #553, .T. ) ;
#606 = FACE_OUTER_BOUND ( 'NONE', #1034, .T. ) ;
#607 = VERTEX_POINT ( 'NONE', #1582 ) ;
#608 = VECTOR ( 'NONE', #826, 999.9999999999998863 ) ;
#609 = DIRECTION ( 'NONE',  ( 0.000000000000000000, -0.7371742788776919353, -0.6757026583943229747 ) ) ;
#610 = EDGE_CURVE ( 'NONE', #1126, #2731, #4201, .T. ) ;
#611 = DIRECTION ( 'NONE',  ( 0.8660254037844397068, -0.000000000000000000, 0.4999999999999983902 ) ) ;
#612 = VECTOR ( 'NONE', #2991, 1000.000000000000000 ) ;
#613 = VECTOR ( 'NONE', #1958, 1000.000000000000000 ) ;
#614 = DIRECTION ( 'NONE',  ( 8.919616031464893202E-17, 0.000000000000000000, -1.000000000000000000 ) ) ;
#615 = ORIENTED_EDGE ( 'NONE', *, *, #2041, .F. ) ;
#616 = LINE ( 'NONE', #585, #764 ) ;
#617 = EDGE_CURVE ( 'NONE', #3033, #4820, #890, .T. ) ;
#618 = AXIS2_PLACEMENT_3D ( 'NONE', #2191, #3366, #1493 ) ;
#619 = B_SPLINE_CURVE_WITH_KNOTS ( 'NONE', 3,
 ( #4051, #4446, #690, #1397 ),
 .UNSPECIFIED., .F., .F.,
 ( 4, 4 ),
 ( 0.000000000000000000, 0.005816327564543538262 ),
 .UNSPECIFIED. ) ;
#620 = DIRECTION ( 'NONE',  ( 0.000000000000000000, 1.000000000000000000, 0.000000000000000000 ) ) ;
#621 = EDGE_CURVE ( 'NONE', #3197, #419, #2031, .T. ) ;
#622 = LINE ( 'NONE', #3393, #2309 ) ;
#623 = ORIENTED_EDGE ( 'NONE', *, *, #2361, .T. ) ;
#624 = DIRECTION ( 'NONE',  ( -6.505213034913023449E-15, 0.000000000000000000, 1.000000000000000000 ) ) ;
#625 = FACE_OUTER_BOUND ( 'NONE', #4700, .T. ) ;
#626 = LINE ( 'NONE', #2415, #1053 ) ;
#627 = ORIENTED_EDGE ( 'NONE', *, *, #3044, .F. ) ;
#628 = ORIENTED_EDGE ( 'NONE', *, *, #4191, .F. ) ;
#629 = ORIENTED_EDGE ( 'NONE', *, *, #1201, .F. ) ;
#630 = CARTESIAN_POINT ( 'NONE',  ( 12.15000000000000036, -6.956402247817166540, 13.80552681027040762 ) ) ;
#631 = CARTESIAN_POINT ( 'NONE',  ( 12.15216470827777329, -5.594615697377718355, 12.30240533300265682 ) ) ;
#632 = VERTEX_POINT ( 'NONE', #1508 ) ;
#633 = CARTESIAN_POINT ( 'NONE',  ( -11.93480580525836565, -9.353553390593331684, 16.86411994630512368 ) ) ;
#634 = EDGE_LOOP ( 'NONE', ( #4122, #4426, #3673, #370 ) ) ;
#635 = CARTESIAN_POINT ( 'NONE',  ( 15.75000000000000355, -14.50000000000001066, -22.20000000000000284 ) ) ;
#636 = CARTESIAN_POINT ( 'NONE',  ( -10.07254057671482173, -8.524113259328835568, 16.72339875763113781 ) ) ;
#637 = FACE_OUTER_BOUND ( 'NONE', #1197, .T. ) ;
#638 = ORIENTED_EDGE ( 'NONE', *, *, #2213, .F. ) ;
#639 = LINE ( 'NONE', #2949, #1048 ) ;
#640 = SPHERICAL_SURFACE ( 'NONE', #1924, 2.499999999999998668 ) ;
#641 = CARTESIAN_POINT ( 'NONE',  ( -10.73114418875766418, -5.346446609406741324, 13.01342907219199141 ) ) ;
#642 = EDGE_CURVE ( 'NONE', #4034, #4472, #3528, .T. ) ;
#643 = DIRECTION ( 'NONE',  ( -0.000000000000000000, 0.000000000000000000, 1.000000000000000000 ) ) ;
#644 = DIRECTION ( 'NONE',  ( -1.961181171427461100E-16, 0.000000000000000000, -1.000000000000000000 ) ) ;
#645 = ORIENTED_EDGE ( 'NONE', *, *, #3842, .T. ) ;
#646 = VERTEX_POINT ( 'NONE', #3826 ) ;
#647 = ADVANCED_FACE ( 'NONE', ( #4151 ), #785, .F. ) ;
#648 = CARTESIAN_POINT ( 'NONE',  ( -7.549999999999999822, -14.50000000000001066, 20.22509998793676900 ) ) ;
#649 = FACE_OUTER_BOUND ( 'NONE', #3648, .T. ) ;
#650 = ORIENTED_EDGE ( 'NONE', *, *, #1201, .T. ) ;
#651 = CARTESIAN_POINT ( 'NONE',  ( -13.84999999999999432, -5.500000000000010658, 2.716235922427032418E-15 ) ) ;
#652 = ORIENTED_EDGE ( 'NONE', *, *, #3922, .F. ) ;
#653 = CARTESIAN_POINT ( 'NONE',  ( -14.14999999999999680, -5.500000000000011546, 10.62472232502674885 ) ) ;
#654 = B_SPLINE_CURVE_WITH_KNOTS ( 'NONE', 3,
 ( #3878, #204, #2369, #2058, #1269, #528, #3931 ),
 .UNSPECIFIED., .F., .F.,
 ( 4, 3, 4 ),
 ( 0.0003481728243791319612, 0.002543634354093734281, 0.004905420080917985599 ),
 .UNSPECIFIED. ) ;
#655 = CARTESIAN_POINT ( 'NONE',  ( -13.64999999999999858, -5.500000000000011546, 3.000000000000001332 ) ) ;
#656 = DIRECTION ( 'NONE',  ( -0.000000000000000000, -1.000000000000000000, -0.000000000000000000 ) ) ;
#657 = ORIENTED_EDGE ( 'NONE', *, *, #452, .T. ) ;
#658 = CARTESIAN_POINT ( 'NONE',  ( -10.46547005383791529, -5.200000000000010836, -23.50000000000000000 ) ) ;
#659 = CARTESIAN_POINT ( 'NONE',  ( 11.95903609698376435, -5.346446609406734218, 12.41332053553019854 ) ) ;
#661 = AXIS2_PLACEMENT_3D ( 'NONE', #3093, #2333, #2724 ) ;
#660 = CYLINDRICAL_SURFACE ( 'NONE', #4049, 0.2000000000000001221 ) ;
#662 = EDGE_CURVE ( 'NONE', #3513, #2938, #275, .T. ) ;
#663 = CARTESIAN_POINT ( 'NONE',  ( 12.40000000000000213, -5.500000000000011546, 11.92376043070339975 ) ) ;
#664 = CARTESIAN_POINT ( 'NONE',  ( -10.68462630206357922, -7.715612302629073049, 15.61438365179982135 ) ) ;
#665 = CIRCLE ( 'NONE', #4421, 3.750000000000000000 ) ;
#666 = EDGE_CURVE ( 'NONE', #2750, #632, #1183, .T. ) ;
#667 = CIRCLE ( 'NONE', #3321, 0.5000000000000004441 ) ;
#668 = DIRECTION ( 'NONE',  ( 1.458200821047515291E-16, 0.000000000000000000, -1.000000000000000000 ) ) ;
#669 = ADVANCED_FACE ( 'NONE', ( #3032 ), #2714, .F. ) ;
#670 = AXIS2_PLACEMENT_3D ( 'NONE', #2127, #3640, #2332 ) ;
#671 = CARTESIAN_POINT ( 'NONE',  ( 11.93480580525836565, -9.353553390593331684, 16.86411994630512368 ) ) ;
#672 = CARTESIAN_POINT ( 'NONE',  ( 12.14999999999912816, -5.670226432448307818, 12.35677313259570376 ) ) ;
#673 = VERTEX_POINT ( 'NONE', #4227 ) ;
#674 = CARTESIAN_POINT ( 'NONE',  ( -9.371405873647740137, -9.394974746830641266, 17.63736291403408174 ) ) ;
#675 = ORIENTED_EDGE ( 'NONE', *, *, #4131, .F. ) ;
#676 = CARTESIAN_POINT ( 'NONE',  ( -8.407722567266919356, -11.56120721363785719, 18.30329653832121295 ) ) ;
#677 = AXIS2_PLACEMENT_3D ( 'NONE', #3238, #4326, #1694 ) ;
#678 = CARTESIAN_POINT ( 'NONE',  ( -10.35000000000000142, -12.49999999999999289, 15.58770459146205312 ) ) ;
#679 = VERTEX_POINT ( 'NONE', #867 ) ;
#680 = CARTESIAN_POINT ( 'NONE',  ( -10.46547005383791529, -5.200000000000010836, -23.50000000000000000 ) ) ;
#681 = AXIS2_PLACEMENT_3D ( 'NONE', #2275, #4740, #299 ) ;
#682 = CARTESIAN_POINT ( 'NONE',  ( -10.40773502691895480, -5.500000000000010658, -23.80000000000000071 ) ) ;
#683 = CARTESIAN_POINT ( 'NONE',  ( -12.14999999999999858, 18.65052965150742281, -22.15052965150744413 ) ) ;
#684 = AXIS2_PLACEMENT_3D ( 'NONE', #296, #2146, #4046 ) ;
#685 = CARTESIAN_POINT ( 'NONE',  ( 10.34999999999999964, -5.200000000000010836, -23.50000000000000000 ) ) ;
#686 = VECTOR ( 'NONE', #3166, 1000.000000000000000 ) ;
#687 = DIRECTION ( 'NONE',  ( 0.000000000000000000, 1.000000000000000000, 0.000000000000000000 ) ) ;
#688 = AXIS2_PLACEMENT_3D ( 'NONE', #3688, #772, #2982 ) ;
#689 = CARTESIAN_POINT ( 'NONE',  ( 12.14999999999999858, -12.50000000000001066, -22.19999999999999929 ) ) ;
#690 = CARTESIAN_POINT ( 'NONE',  ( 11.94276068353775067, -6.743992533644366461, 13.99606902344156190 ) ) ;
#691 = CARTESIAN_POINT ( 'NONE',  ( 12.06961524227066640, -5.200000000000010836, -23.50000000000000000 ) ) ;
#692 = CARTESIAN_POINT ( 'NONE',  ( 7.583547407897023085, -12.49163644625303426, 18.52647721034946215 ) ) ;
#693 = ORIENTED_EDGE ( 'NONE', *, *, #3718, .T. ) ;
#694 = CARTESIAN_POINT ( 'NONE',  ( -10.47346437500267946, -5.426730693330874544, 12.82094728033003861 ) ) ;
#695 = ORIENTED_EDGE ( 'NONE', *, *, #4032, .T. ) ;
#696 = CARTESIAN_POINT ( 'NONE',  ( -10.47591618945277681, -5.286266337559126782, 13.06375955672772271 ) ) ;
#697 = FACE_OUTER_BOUND ( 'NONE', #3907, .T. ) ;
#698 = ADVANCED_FACE ( 'NONE', ( #1242 ), #2341, .T. ) ;
#699 = DIRECTION ( 'NONE',  ( 0.000000000000000000, 0.000000000000000000, 1.000000000000000000 ) ) ;
#700 = ORIENTED_EDGE ( 'NONE', *, *, #221, .F. ) ;
#701 = CARTESIAN_POINT ( 'NONE',  ( 10.23452994616206624, -5.400000000000011902, -23.59999999999999787 ) ) ;
#702 = DIRECTION ( 'NONE',  ( 0.000000000000000000, 0.000000000000000000, 1.000000000000000000 ) ) ;
#703 = CARTESIAN_POINT ( 'NONE',  ( 12.65000000000000036, -6.950000000000011724, -12.35662432702593172 ) ) ;
#704 = FACE_OUTER_BOUND ( 'NONE', #1101, .T. ) ;
#705 = ADVANCED_FACE ( 'NONE', ( #2441 ), #3925, .T. ) ;
#706 = EDGE_CURVE ( 'NONE', #579, #2891, #3076, .T. ) ;
#707 = B_SPLINE_CURVE_WITH_KNOTS ( 'NONE', 3,
 ( #3508, #2754, #2027, #1634 ),
 .UNSPECIFIED., .F., .F.,
 ( 4, 4 ),
 ( 0.000000000000000000, 0.005816331324979282305 ),
 .UNSPECIFIED. ) ;
#708 = CARTESIAN_POINT ( 'NONE',  ( -11.95903609698376080, -5.346446609406741324, 12.41332053553020565 ) ) ;
#709 = CARTESIAN_POINT ( 'NONE',  ( 9.590040606654715916, -9.353553390593331684, 17.77128881405509020 ) ) ;
#710 = DIRECTION ( 'NONE',  ( 0.000000000000000000, 0.000000000000000000, 1.000000000000000000 ) ) ;
#711 = CARTESIAN_POINT ( 'NONE',  ( 12.15000000000000036, -6.950000000000011724, 3.449999999999991296 ) ) ;
#712 = EDGE_CURVE ( 'NONE', #3607, #2082, #2393, .T. ) ;
#713 = FACE_OUTER_BOUND ( 'NONE', #3373, .T. ) ;
#714 = CARTESIAN_POINT ( 'NONE',  ( -14.75000000000000000, -16.69999999999999929, 16.69681954598461004 ) ) ;
#715 = ORIENTED_EDGE ( 'NONE', *, *, #3843, .F. ) ;
#716 = ORIENTED_EDGE ( 'NONE', *, *, #3247, .F. ) ;
#717 = VERTEX_POINT ( 'NONE', #2028 ) ;
#718 = FACE_OUTER_BOUND ( 'NONE', #174, .T. ) ;
#719 = DIRECTION ( 'NONE',  ( -0.8660254037844383745, 0.000000000000000000, 0.5000000000000003331 ) ) ;
#720 = DIRECTION ( 'NONE',  ( -0.5000000000000006661, 0.000000000000000000, 0.8660254037844382635 ) ) ;
#721 = ORIENTED_EDGE ( 'NONE', *, *, #277, .T. ) ;
#722 = CARTESIAN_POINT ( 'NONE',  ( 10.45924761853282803, -5.232332722285631732, -23.65659679099755053 ) ) ;
#723 = DIRECTION ( 'NONE',  ( 0.000000000000000000, 1.000000000000000000, 0.000000000000000000 ) ) ;
#724 = PRODUCT_RELATED_PRODUCT_CATEGORY ( 'part', '', ( #1623 ) ) ;
#725 = CARTESIAN_POINT ( 'NONE',  ( -10.08618780039204843, -8.156936133377525877, 16.06160488096556094 ) ) ;
#726 = CARTESIAN_POINT ( 'NONE',  ( 10.05004569145308047, -12.49999999999999645, -22.00000000000000355 ) ) ;
#727 = CIRCLE ( 'NONE', #3467, 31.93912560847268622 ) ;
#728 = CARTESIAN_POINT ( 'NONE',  ( -10.16495199884199430, -5.917022058557270370, -22.11490630738890673 ) ) ;
#729 = EDGE_CURVE ( 'NONE', #1660, #891, #3173, .T. ) ;
#730 = EDGE_CURVE ( 'NONE', #4693, #607, #173, .T. ) ;
#731 = LINE ( 'NONE', #2954, #1691 ) ;
#732 = DIRECTION ( 'NONE',  ( 1.000000000000000000, 0.000000000000000000, 0.000000000000000000 ) ) ;
#733 = CIRCLE ( 'NONE', #2057, 0.3000000000000016542 ) ;
#734 =( BOUNDED_SURFACE ( )  B_SPLINE_SURFACE ( 3, 2, ( 
 ( #4090, #2678, #384 ),
 ( #2211, #4487, #1872 ),
 ( #1922, #1497, #4508 ),
 ( #728, #2655, #1895 ) ),
 .UNSPECIFIED., .F., .F., .F. ) 
 B_SPLINE_SURFACE_WITH_KNOTS ( ( 4, 4 ),
 ( 3, 3 ),
 ( 4.080201066060889836, 4.702412141616474806 ),
 ( 0.000000000000000000, 1.000000000000000000 ),
 .UNSPECIFIED. ) 
 GEOMETRIC_REPRESENTATION_ITEM ( )  RATIONAL_B_SPLINE_SURFACE ( (
 ( 1.000000000000000000, 0.8708750750942273466, 1.000000000000000000),
 ( 1.000000000000000000, 0.8289055785289178857, 1.000000000000000000),
 ( 1.000000000000000000, 0.7740883081529138510, 1.000000000000000000),
 ( 1.000000000000000000, 0.7101852586539127987, 1.000000000000000000) ) ) 
 REPRESENTATION_ITEM ( '' )  SURFACE ( )  );
#735 = ORIENTED_EDGE ( 'NONE', *, *, #2488, .T. ) ;
#736 = VECTOR ( 'NONE', #3310, 1000.000000000000114 ) ;
#737 = DIRECTION ( 'NONE',  ( 0.5000000000000022204, 0.000000000000000000, -0.8660254037844372643 ) ) ;
#738 = CARTESIAN_POINT ( 'NONE',  ( 10.34525875983750964, -8.207637963111627855, 15.78462235440925987 ) ) ;
#739 = ORIENTED_EDGE ( 'NONE', *, *, #780, .F. ) ;
#740 = ORIENTED_EDGE ( 'NONE', *, *, #3938, .F. ) ;
#741 = FACE_OUTER_BOUND ( 'NONE', #2105, .T. ) ;
#742 = CIRCLE ( 'NONE', #1052, 0.2000000000000001221 ) ;
#743 = VECTOR ( 'NONE', #4006, 1000.000000000000000 ) ;
#744 = CARTESIAN_POINT ( 'NONE',  ( 9.485372282482018136, -9.707106781186604749, 17.96098579920803573 ) ) ;
#745 = EDGE_CURVE ( 'NONE', #54, #4472, #2836, .T. ) ;
#746 = PLANE ( 'NONE',  #2462 ) ;
#747 = CARTESIAN_POINT ( 'NONE',  ( 10.44390727357292548, -7.120055900157765905, 14.68621302207080959 ) ) ;
#748 = ORIENTED_EDGE ( 'NONE', *, *, #2185, .T. ) ;
#749 = DIRECTION ( 'NONE',  ( 0.000000000000000000, 1.000000000000000000, 0.000000000000000000 ) ) ;
#750 = EDGE_CURVE ( 'NONE', #3356, #3964, #1051, .T. ) ;
#751 = CARTESIAN_POINT ( 'NONE',  ( -12.15000000000000036, -9.565685424949297300, 16.66967721593322338 ) ) ;
#752 = LINE ( 'NONE', #2234, #2063 ) ;
#753 = DIRECTION ( 'NONE',  ( 4.259132699590121732E-17, 0.000000000000000000, -1.000000000000000000 ) ) ;
#754 = VECTOR ( 'NONE', #1836, 1000.000000000000000 ) ;
#755 = ADVANCED_FACE ( 'NONE', ( #3897 ), #3509, .T. ) ;
#756 = ADVANCED_FACE ( 'NONE', ( #4741 ), #1685, .T. ) ;
#757 = CARTESIAN_POINT ( 'NONE',  ( 10.23132901059934774, -8.332960471891293963, 15.85654577982603008 ) ) ;
#758 = VECTOR ( 'NONE', #1552, 1000.000000000000227 ) ;
#759 = CARTESIAN_POINT ( 'NONE',  ( 10.42678230221828883, -5.394874044271940505, -22.01193430355088054 ) ) ;
#760 = VECTOR ( 'NONE', #1414, 1000.000000000000000 ) ;
#761 = CARTESIAN_POINT ( 'NONE',  ( 14.14999999999999858, -6.950000000000011724, 3.449999999999985967 ) ) ;
#762 = CARTESIAN_POINT ( 'NONE',  ( -10.54429934835283156, -8.070422153118354203, 16.05352114542938580 ) ) ;
#763 = EDGE_LOOP ( 'NONE', ( #2959, #472, #70, #675 ) ) ;
#764 = VECTOR ( 'NONE', #238, 1000.000000000000000 ) ;
#765 = DIRECTION ( 'NONE',  ( 1.462565176765435959E-18, 0.01745240643728354982, 0.9998476951563912696 ) ) ;
#766 = CARTESIAN_POINT ( 'NONE',  ( 10.21914566197887453, -7.783026335511844529, 15.87231437719631089 ) ) ;
#767 = VERTEX_POINT ( 'NONE', #3872 ) ;
#768 = APPLICATION_CONTEXT ( 'automotive_design' ) ;
#769 =( BOUNDED_SURFACE ( )  B_SPLINE_SURFACE ( 3, 2, ( 
 ( #1832, #3329, #2563 ),
 ( #4072, #4840, #1437 ),
 ( #3841, #1971, #759 ),
 ( #3788, #43, #3019 ) ),
 .UNSPECIFIED., .F., .F., .F. ) 
 B_SPLINE_SURFACE_WITH_KNOTS ( ( 4, 4 ),
 ( 3, 3 ),
 ( 5.497939437029715215, 6.446220101773850075 ),
 ( 0.000000000000000000, 1.000000000000000000 ),
 .UNSPECIFIED. ) 
 GEOMETRIC_REPRESENTATION_ITEM ( )  RATIONAL_B_SPLINE_SURFACE ( (
 ( 1.000000000000000000, 0.7132504491541837854, 1.000000000000000000),
 ( 1.000000000000000000, 0.7152019959249021896, 1.000000000000000000),
 ( 1.000000000000000000, 0.7161257744285123295, 1.000000000000000000),
 ( 1.000000000000000000, 0.7156641765647790976, 1.000000000000000000) ) ) 
 REPRESENTATION_ITEM ( '' )  SURFACE ( )  );
#770 = ORIENTED_EDGE ( 'NONE', *, *, #4260, .T. ) ;
#771 = VERTEX_POINT ( 'NONE', #4636 ) ;
#772 = DIRECTION ( 'NONE',  ( 0.5000000000000004441, 0.000000000000000000, -0.8660254037844384856 ) ) ;
#773 = CARTESIAN_POINT ( 'NONE',  ( -6.135343034915741178, -12.50000000000001066, -22.08192339052969544 ) ) ;
#774 = EDGE_LOOP ( 'NONE', ( #4337, #2873, #3997, #1932, #2997, #652, #4384, #2442, #2501, #739, #4382, #4575, #1377, #638, #3236, #1265 ) ) ;
#775 = CARTESIAN_POINT ( 'NONE',  ( 0.000000000000000000, -8.115514777132741386, -10.49999999999999822 ) ) ;
#776 = CARTESIAN_POINT ( 'NONE',  ( 12.15680221654958792, -5.558578643762701610, 12.27457856830089966 ) ) ;
#777 = CARTESIAN_POINT ( 'NONE',  ( 10.27444615414607831, -5.330863099726215637, -22.12314052012943222 ) ) ;
#778 = DIRECTION ( 'NONE',  ( 0.4999428824215582656, 0.8659264732365766770, -0.01511480281340694606 ) ) ;
#779 = CARTESIAN_POINT ( 'NONE',  ( -10.35627968409104049, -8.115514777132759150, 16.17574098436973529 ) ) ;
#780 = EDGE_CURVE ( 'NONE', #3281, #2647, #626, .T. ) ;
#781 = ORIENTED_EDGE ( 'NONE', *, *, #3087, .T. ) ;
#782 = DIRECTION ( 'NONE',  ( 4.259132699590121732E-17, 0.000000000000000000, 1.000000000000000000 ) ) ;
#783 = CARTESIAN_POINT ( 'NONE',  ( 10.43286121233073338, -7.752884324893910772, 15.75723860756911954 ) ) ;
#784 = ORIENTED_EDGE ( 'NONE', *, *, #3488, .T. ) ;
#785 = PLANE ( 'NONE',  #1164 ) ;
#786 = VERTEX_POINT ( 'NONE', #4321 ) ;
#787 = EDGE_CURVE ( 'NONE', #1119, #2380, #905, .T. ) ;
#788 = VERTEX_POINT ( 'NONE', #200 ) ;
#789 = ORIENTED_EDGE ( 'NONE', *, *, #3916, .T. ) ;
#790 = DIRECTION ( 'NONE',  ( 0.000000000000000000, 1.000000000000000000, 0.000000000000000000 ) ) ;
#791 = ORIENTED_EDGE ( 'NONE', *, *, #2580, .F. ) ;
#792 = EDGE_CURVE ( 'NONE', #3281, #4354, #985, .T. ) ;
#793 = EDGE_CURVE ( 'NONE', #2731, #4390, #2373, .T. ) ;
#794 =( BOUNDED_CURVE ( )  B_SPLINE_CURVE ( 3, ( #50, #72, #2999, #4125 ),
 .UNSPECIFIED., .F., .F. ) 
 B_SPLINE_CURVE_WITH_KNOTS ( ( 4, 4 ),
 ( 2.978557858995514618, 3.926838523739654363 ),
 .UNSPECIFIED. ) 
 CURVE ( )  GEOMETRIC_REPRESENTATION_ITEM ( )  RATIONAL_B_SPLINE_CURVE ( ( 1.000000000000000000, 0.9264570346843385984, 0.9264570346843385984, 1.000000000000000000 ) ) 
 REPRESENTATION_ITEM ( '' )  );
#795 = CARTESIAN_POINT ( 'NONE',  ( -10.65080291837917237, -7.953497228758918070, 15.88489490376072233 ) ) ;
#796 = CARTESIAN_POINT ( 'NONE',  ( 10.34999999999999787, -12.49999999999999645, 40.49704415459112994 ) ) ;
#797 = ORIENTED_EDGE ( 'NONE', *, *, #1353, .T. ) ;
#798 = ORIENTED_EDGE ( 'NONE', *, *, #1074, .T. ) ;
#799 = LINE ( 'NONE', #936, #1130 ) ;
#800 = CARTESIAN_POINT ( 'NONE',  ( 6.135343034915744731, -12.50000000000001066, -22.19828495911596278 ) ) ;
#801 = CARTESIAN_POINT ( 'NONE',  ( 10.05004569145308047, -12.49999999999999645, -22.00000000000000355 ) ) ;
#802 = CARTESIAN_POINT ( 'NONE',  ( 10.23452994616206624, -5.400000000000011902, -23.60000000000000142 ) ) ;
#803 = ORIENTED_EDGE ( 'NONE', *, *, #317, .F. ) ;
#804 = EDGE_CURVE ( 'NONE', #1661, #2731, #3954, .T. ) ;
#805 = DIRECTION ( 'NONE',  ( 0.000000000000000000, 0.000000000000000000, 1.000000000000000000 ) ) ;
#806 = CARTESIAN_POINT ( 'NONE',  ( -10.21163787567835968, -9.453402779524520128, 15.84321344444219370 ) ) ;
#807 = EDGE_LOOP ( 'NONE', ( #1584, #1886, #1537, #1879 ) ) ;
#808 = ADVANCED_FACE ( 'NONE', ( #3592 ), #1155, .F. ) ;
#809 = CARTESIAN_POINT ( 'NONE',  ( 11.84999999999999964, -5.200000000000010836, -12.35662432702593172 ) ) ;
#810 = CARTESIAN_POINT ( 'NONE',  ( 10.23570246137888873, -7.782346940463086504, 15.86515775759440849 ) ) ;
#811 = DIRECTION ( 'NONE',  ( -4.259132699590121732E-17, 0.000000000000000000, 1.000000000000000000 ) ) ;
#812 = ORIENTED_EDGE ( 'NONE', *, *, #338, .T. ) ;
#813 = CIRCLE ( 'NONE', #2142, 0.5000000000000004441 ) ;
#814 = DIRECTION ( 'NONE',  ( -0.000000000000000000, -0.000000000000000000, 1.000000000000000000 ) ) ;
#815 = ORIENTED_EDGE ( 'NONE', *, *, #488, .F. ) ;
#816 = EDGE_CURVE ( 'NONE', #4722, #3041, #619, .T. ) ;
#817 = ORIENTED_EDGE ( 'NONE', *, *, #2092, .F. ) ;
#818 = VERTEX_POINT ( 'NONE', #1765 ) ;
#819 = CARTESIAN_POINT ( 'NONE',  ( -12.15000000000000036, -9.485348328592305478, 16.88888214043387137 ) ) ;
#820 = VECTOR ( 'NONE', #237, 1000.000000000000000 ) ;
#821 = DIRECTION ( 'NONE',  ( -0.000000000000000000, 1.000000000000000000, -0.000000000000000000 ) ) ;
#822 = FACE_OUTER_BOUND ( 'NONE', #4368, .T. ) ;
#823 = ORIENTED_EDGE ( 'NONE', *, *, #642, .T. ) ;
#824 = ADVANCED_FACE ( 'NONE', ( #2585 ), #1076, .T. ) ;
#825 = VERTEX_POINT ( 'NONE', #711 ) ;
#826 = DIRECTION ( 'NONE',  ( 0.4999999999999978351, -0.8660254037844399289, -0.000000000000000000 ) ) ;
#827 = AXIS2_PLACEMENT_3D ( 'NONE', #1378, #991, #2940 ) ;
#828 = DIRECTION ( 'NONE',  ( -0.000000000000000000, -1.000000000000000000, -0.000000000000000000 ) ) ;
#829 = CARTESIAN_POINT ( 'NONE',  ( 10.15148502156094246, -8.043838028719944688, 16.17805054074122495 ) ) ;
#830 = CARTESIAN_POINT ( 'NONE',  ( -10.67396142659912783, -5.400000000000010125, 12.65068362120861067 ) ) ;
#831 = CARTESIAN_POINT ( 'NONE',  ( -13.89999999999999680, -5.999999999999996447, -22.78963702891815757 ) ) ;
#832 = ORIENTED_EDGE ( 'NONE', *, *, #432, .T. ) ;
#833 = AXIS2_PLACEMENT_3D ( 'NONE', #1108, #2252, #3386 ) ;
#834 = CARTESIAN_POINT ( 'NONE',  ( -12.15000000000000036, -8.099222980933030058, 15.39733804943533535 ) ) ;
#835 = CARTESIAN_POINT ( 'NONE',  ( -10.42952924663999070, -7.943772511471863140, 15.58157060627143231 ) ) ;
#836 = ORIENTED_EDGE ( 'NONE', *, *, #1316, .F. ) ;
#837 = AXIS2_PLACEMENT_3D ( 'NONE', #4479, #1490, #4458 ) ;
#838 = CARTESIAN_POINT ( 'NONE',  ( -10.68287244362100274, -7.805841636522009352, 15.71253339731172893 ) ) ;
#839 = AXIS2_PLACEMENT_3D ( 'NONE', #4536, #2975, #3371 ) ;
#840 = CARTESIAN_POINT ( 'NONE',  ( 12.14999999999999858, -14.50000000000001066, -22.19999999999999929 ) ) ;
#841 = DIRECTION ( 'NONE',  ( -2.168404344971007685E-15, 0.000000000000000000, 1.000000000000000000 ) ) ;
#842 = DIRECTION ( 'NONE',  ( 1.000000000000000000, 0.000000000000000000, 0.000000000000000000 ) ) ;
#843 = CARTESIAN_POINT ( 'NONE',  ( 12.16774878912677593, -5.516212698234071787, 12.22473613167805162 ) ) ;
#844 = EDGE_LOOP ( 'NONE', ( #914, #1443, #3252, #3887 ) ) ;
#845 = ORIENTED_EDGE ( 'NONE', *, *, #1849, .T. ) ;
#846 = CIRCLE ( 'NONE', #3590, 29.85355339059326596 ) ;
#847 = FACE_OUTER_BOUND ( 'NONE', #3846, .T. ) ;
#848 = VERTEX_POINT ( 'NONE', #1786 ) ;
#849 = ORIENTED_EDGE ( 'NONE', *, *, #3044, .T. ) ;
#850 = VERTEX_POINT ( 'NONE', #1831 ) ;
#851 = DIRECTION ( 'NONE',  ( 0.4744255667103972063, 0.8217291859520730046, 0.3157238138089396573 ) ) ;
#852 = CARTESIAN_POINT ( 'NONE',  ( -7.621588577637348649, -16.69999999999999929, 20.51643326024163727 ) ) ;
#853 = EDGE_CURVE ( 'NONE', #4330, #4641, #1655, .T. ) ;
#854 = CARTESIAN_POINT ( 'NONE',  ( 10.46547005383791706, -5.200000000000010836, -22.23024303063488816 ) ) ;
#855 = CARTESIAN_POINT ( 'NONE',  ( -12.15000000000000036, -6.950000000000011724, 3.449999999999991296 ) ) ;
#856 = ORIENTED_EDGE ( 'NONE', *, *, #58, .F. ) ;
#857 = DIRECTION ( 'NONE',  ( 0.000000000000000000, -0.000000000000000000, 1.000000000000000000 ) ) ;
#858 = EDGE_CURVE ( 'NONE', #232, #3646, #320, .T. ) ;
#859 = CARTESIAN_POINT ( 'NONE',  ( 10.17694098435702799, -11.42763299610149730, 15.81968793684647423 ) ) ;
#860 = EDGE_CURVE ( 'NONE', #2693, #1472, #2347, .T. ) ;
#861 = CARTESIAN_POINT ( 'NONE',  ( 10.23272644311155055, -8.253445652082588069, 15.85749211946089687 ) ) ;
#862 = CARTESIAN_POINT ( 'NONE',  ( -10.40317855229352695, -9.453402779524578747, 15.56353664818393767 ) ) ;
#863 = CARTESIAN_POINT ( 'NONE',  ( 7.621588577637349537, -14.50000000000001066, 20.51643326024163727 ) ) ;
#864 = VERTEX_POINT ( 'NONE', #1855 ) ;
#865 = DIRECTION ( 'NONE',  ( 1.000000000000000000, 0.000000000000000000, 0.000000000000000000 ) ) ;
#866 = CARTESIAN_POINT ( 'NONE',  ( 14.05849364905389010, -5.999999999999991118, -22.69813067797204909 ) ) ;
#867 = CARTESIAN_POINT ( 'NONE',  ( 10.29226497308103028, -5.300000000000010481, -22.23024303063488816 ) ) ;
#868 = ORIENTED_EDGE ( 'NONE', *, *, #3441, .F. ) ;
#869 = ORIENTED_EDGE ( 'NONE', *, *, #2606, .T. ) ;
#870 = VERTEX_POINT ( 'NONE', #3328 ) ;
#871 = CARTESIAN_POINT ( 'NONE',  ( -12.14999999999999858, -16.69999999999999929, -25.80000000000000426 ) ) ;
#872 = ADVANCED_FACE ( 'NONE', ( #2176 ), #341, .T. ) ;
#873 = CARTESIAN_POINT ( 'NONE',  ( -12.14999999999999858, -5.500000000000011546, 2.500000000000002220 ) ) ;
#874 = ORIENTED_EDGE ( 'NONE', *, *, #610, .T. ) ;
#875 = AXIS2_PLACEMENT_3D ( 'NONE', #2066, #4679, #1306 ) ;
#876 = DIRECTION ( 'NONE',  ( 0.000000000000000000, -0.9998476951563911586, 0.01745240643728354635 ) ) ;
#877 = DIRECTION ( 'NONE',  ( -4.599880250050122907E-16, -0.7071067811865475727, -0.7071067811865475727 ) ) ;
#878 = SURFACE_STYLE_USAGE ( .BOTH. , #3939 ) ;
#879 = ORIENTED_EDGE ( 'NONE', *, *, #2166, .F. ) ;
#880 = DIRECTION ( 'NONE',  ( -0.8660254037844405950, 0.4999999999999966693, 0.000000000000000000 ) ) ;
#881 = DIRECTION ( 'NONE',  ( 0.000000000000000000, 1.000000000000000000, 0.000000000000000000 ) ) ;
#882 = EDGE_CURVE ( 'NONE', #3119, #301, #2855, .T. ) ;
#883 = CARTESIAN_POINT ( 'NONE',  ( 10.30530978907276207, -8.238273035178510284, 15.81984062626849763 ) ) ;
#884 = FACE_OUTER_BOUND ( 'NONE', #2590, .T. ) ;
#885 = ORIENTED_EDGE ( 'NONE', *, *, #1746, .F. ) ;
#886 = CARTESIAN_POINT ( 'NONE',  ( 12.14999999999999858, -5.500000000000011546, -23.80000000000000071 ) ) ;
#887 = PRODUCT_DEFINITION_SHAPE ( 'NONE', 'NONE',  #4002 ) ;
#888 = CARTESIAN_POINT ( 'NONE',  ( -12.16086426535278342, -5.246991144120585204, 12.22730814831259671 ) ) ;
#889 = VECTOR ( 'NONE', #3969, 1000.000000000000000 ) ;
#890 = LINE ( 'NONE', #1907, #558 ) ;
#891 = VERTEX_POINT ( 'NONE', #3352 ) ;
#892 = ORIENTED_EDGE ( 'NONE', *, *, #383, .T. ) ;
#893 = CARTESIAN_POINT ( 'NONE',  ( 10.65080291837920257, -7.953497228758835469, 15.88489490376062463 ) ) ;
#894 = DIRECTION ( 'NONE',  ( -0.000000000000000000, 1.000000000000000000, -0.000000000000000000 ) ) ;
#895 = ORIENTED_EDGE ( 'NONE', *, *, #2325, .F. ) ;
#896 = DIRECTION ( 'NONE',  ( 0.5000000000000022204, 0.000000000000000000, 0.8660254037844372643 ) ) ;
#897 = AXIS2_PLACEMENT_3D ( 'NONE', #4146, #1533, #4225 ) ;
#898 = ADVANCED_FACE ( 'NONE', ( #3303 ), #1462, .F. ) ;
#899 = LINE ( 'NONE', #84, #3071 ) ;
#900 = CARTESIAN_POINT ( 'NONE',  ( 12.15000000000000213, -9.596326919830310942, 16.93020488443557880 ) ) ;
#901 = ORIENTED_EDGE ( 'NONE', *, *, #3451, .F. ) ;
#902 = PLANE ( 'NONE',  #2695 ) ;
#903 = VECTOR ( 'NONE', #1726, 1000.000000000000000 ) ;
#904 = EDGE_LOOP ( 'NONE', ( #3103, #4170, #3531, #62 ) ) ;
#905 = CIRCLE ( 'NONE', #4506, 0.5000000000000004441 ) ;
#906 = EDGE_CURVE ( 'NONE', #599, #2506, #3398, .T. ) ;
#907 = CARTESIAN_POINT ( 'NONE',  ( 10.47735889826473255, -5.203613605094919770, 12.93875286172916539 ) ) ;
#908 = DIRECTION ( 'NONE',  ( 0.000000000000000000, 1.000000000000000000, 0.000000000000000000 ) ) ;
#909 = CARTESIAN_POINT ( 'NONE',  ( 10.72937262712905770, -5.435760009566577899, 13.11241271702175126 ) ) ;
#910 = AXIS2_PLACEMENT_3D ( 'NONE', #1435, #1075, #3639 ) ;
#911 = CARTESIAN_POINT ( 'NONE',  ( -9.339004429810360719, -9.451095693795808828, 17.97446478357360888 ) ) ;
#912 = DIRECTION ( 'NONE',  ( 0.000000000000000000, 0.6757026583943096520, -0.7371742788777041477 ) ) ;
#913 = ORIENTED_EDGE ( 'NONE', *, *, #2166, .T. ) ;
#914 = ORIENTED_EDGE ( 'NONE', *, *, #1572, .T. ) ;
#915 = EDGE_CURVE ( 'NONE', #1169, #632, #4435, .T. ) ;
#916 = FACE_OUTER_BOUND ( 'NONE', #2107, .T. ) ;
#917 = ORIENTED_EDGE ( 'NONE', *, *, #2642, .T. ) ;
#918 = AXIS2_PLACEMENT_3D ( 'NONE', #1629, #461, #1944 ) ;
#919 = CYLINDRICAL_SURFACE ( 'NONE', #515, 0.2999999999999999334 ) ;
#920 = CARTESIAN_POINT ( 'NONE',  ( -15.75000000000000000, -16.69999999999999929, -22.20000000000000284 ) ) ;
#921 = ORIENTED_EDGE ( 'NONE', *, *, #3130, .T. ) ;
#922 = TOROIDAL_SURFACE ( 'NONE', #3422, 0.7999999999999999334, 0.2999999999999999889 ) ;
#923 = ORIENTED_EDGE ( 'NONE', *, *, #4591, .F. ) ;
#924 = DIRECTION ( 'NONE',  ( -0.000000000000000000, 1.000000000000000000, -0.000000000000000000 ) ) ;
#925 = VECTOR ( 'NONE', #4457, 1000.000000000000000 ) ;
#926 = CARTESIAN_POINT ( 'NONE',  ( 7.578718707889822603, -12.50000000000000888, 36.89604415459112374 ) ) ;
#927 = CARTESIAN_POINT ( 'NONE',  ( 10.73114418875765708, -5.346446609406734218, 13.01342907219198430 ) ) ;
#928 = VERTEX_POINT ( 'NONE', #3682 ) ;
#929 = DIRECTION ( 'NONE',  ( 0.4999428824215567668, 0.8659264732365774542, -0.01511480281340884385 ) ) ;
#930 = DIRECTION ( 'NONE',  ( -0.000000000000000000, -1.000000000000000000, -0.000000000000000000 ) ) ;
#931 = LINE ( 'NONE', #3529, #334 ) ;
#932 = CARTESIAN_POINT ( 'NONE',  ( -10.43097222022590032, -5.200000000001190337, -22.01507793272924829 ) ) ;
#933 = VERTEX_POINT ( 'NONE', #1481 ) ;
#934 = LINE ( 'NONE', #568, #505 ) ;
#935 = CARTESIAN_POINT ( 'NONE',  ( -9.485372282482018136, -9.707106781186606526, 17.96098579920804283 ) ) ;
#936 = CARTESIAN_POINT ( 'NONE',  ( 1.821459649775654154E-15, -5.200000000000010836, 2.800000000000010036 ) ) ;
#937 = CARTESIAN_POINT ( 'NONE',  ( -7.752668494999186422, -12.49999999999999645, 16.61339394481344911 ) ) ;
#938 = ORIENTED_EDGE ( 'NONE', *, *, #729, .F. ) ;
#939 = ORIENTED_EDGE ( 'NONE', *, *, #310, .F. ) ;
#940 = CARTESIAN_POINT ( 'NONE',  ( 7.550000000000000711, -14.50000000000001066, 20.22509998793677610 ) ) ;
#941 = CARTESIAN_POINT ( 'NONE',  ( -12.14999999999999858, -16.69999999999999929, -22.19999999999999929 ) ) ;
#942 = VERTEX_POINT ( 'NONE', #1805 ) ;
#943 = EDGE_LOOP ( 'NONE', ( #1567, #2045, #2830, #4058 ) ) ;
#944 = EDGE_CURVE ( 'NONE', #1775, #3109, #2976, .T. ) ;
#945 = EDGE_CURVE ( 'NONE', #3986, #2712, #198, .T. ) ;
#946 = CARTESIAN_POINT ( 'NONE',  ( -9.485372282483417905, -9.707106781186604749, 17.96098579920757032 ) ) ;
#947 = CARTESIAN_POINT ( 'NONE',  ( -9.371405873647740137, -9.394974746830643042, 17.63736291403408529 ) ) ;
#948 = FILL_AREA_STYLE ('',( #3546 ) ) ;
#949 = ORIENTED_EDGE ( 'NONE', *, *, #1645, .T. ) ;
#950 = DIRECTION ( 'NONE',  ( 0.000000000000000000, -0.7478206139595402480, -0.6639008430008025430 ) ) ;
#951 = CARTESIAN_POINT ( 'NONE',  ( -8.567025472359782512, -11.07957398063440024, 16.40632804325979421 ) ) ;
#952 = CARTESIAN_POINT ( 'NONE',  ( 10.35648094547442000, -8.195849394719930459, 15.77266125759740589 ) ) ;
#953 = LINE ( 'NONE', #4660, #3557 ) ;
#954 = ORIENTED_EDGE ( 'NONE', *, *, #2092, .T. ) ;
#955 = CYLINDRICAL_SURFACE ( 'NONE', #342, 0.5000000000000004441 ) ;
#956 = EDGE_CURVE ( 'NONE', #1472, #377, #2637, .T. ) ;
#957 = ADVANCED_FACE ( 'NONE', ( #3092 ), #4549, .T. ) ;
#958 = CARTESIAN_POINT ( 'NONE',  ( 10.42952924663998537, -7.943772511471866693, 15.58157060627144119 ) ) ;
#959 = CARTESIAN_POINT ( 'NONE',  ( 13.84999999999999432, -5.500000000000010658, 2.716235922427032418E-15 ) ) ;
#960 = EDGE_CURVE ( 'NONE', #3851, #2389, #298, .T. ) ;
#961 = EDGE_LOOP ( 'NONE', ( #1486, #4704, #2452, #4519 ) ) ;
#962 = DIRECTION ( 'NONE',  ( -0.000000000000000000, 1.000000000000000000, -0.000000000000000000 ) ) ;
#963 = VERTEX_POINT ( 'NONE', #400 ) ;
#964 = DIRECTION ( 'NONE',  ( -0.000000000000000000, 1.000000000000000000, -0.000000000000000000 ) ) ;
#965 = CARTESIAN_POINT ( 'NONE',  ( 11.95141709518821749, -5.382481851306657461, 12.45794518396270334 ) ) ;
#966 = ORIENTED_EDGE ( 'NONE', *, *, #18, .F. ) ;
#967 = EDGE_CURVE ( 'NONE', #2569, #3646, #1104, .T. ) ;
#968 = ORIENTED_EDGE ( 'NONE', *, *, #1087, .F. ) ;
#969 = CARTESIAN_POINT ( 'NONE',  ( 13.64999999999999680, -5.500000000000011546, 10.62472232502674885 ) ) ;
#970 = CYLINDRICAL_SURFACE ( 'NONE', #106, 0.5000000000000004441 ) ;
#971 = EDGE_CURVE ( 'NONE', #2891, #1608, #1282, .T. ) ;
#972 = CARTESIAN_POINT ( 'NONE',  ( 15.75000000000000000, -16.69999999999999929, 16.69681954598461004 ) ) ;
#973 = ORIENTED_EDGE ( 'NONE', *, *, #458, .T. ) ;
#974 = DIRECTION ( 'NONE',  ( -0.4999999999999978906, 0.000000000000000000, -0.8660254037844398178 ) ) ;
#975 = AXIS2_PLACEMENT_3D ( 'NONE', #2876, #3219, #4726 ) ;
#976 = FACE_OUTER_BOUND ( 'NONE', #2798, .T. ) ;
#977 = AXIS2_PLACEMENT_3D ( 'NONE', #2376, #4649, #1254 ) ;
#978 = LINE ( 'NONE', #2098, #2461 ) ;
#979 = CARTESIAN_POINT ( 'NONE',  ( 14.14999999999999680, -6.950000000000011724, -13.79999999999999893 ) ) ;
#980 = CARTESIAN_POINT ( 'NONE',  ( 10.67396142659912606, -5.200000000000010836, -21.98833493005069784 ) ) ;
#981 = AXIS2_PLACEMENT_3D ( 'NONE', #830, #3347, #3743 ) ;
#982 = VECTOR ( 'NONE', #2697, 1000.000000000000114 ) ;
#983 = CARTESIAN_POINT ( 'NONE',  ( -11.85000000000000142, -12.50000000000001066, 16.73357303036087984 ) ) ;
#984 = FACE_OUTER_BOUND ( 'NONE', #1294, .T. ) ;
#985 = LINE ( 'NONE', #3183, #431 ) ;
#986 = CIRCLE ( 'NONE', #44, 0.1999999999999995115 ) ;
#987 = ORIENTED_EDGE ( 'NONE', *, *, #1468, .T. ) ;
#988 = EDGE_LOOP ( 'NONE', ( #578, #4848, #3580 ) ) ;
#989 = CARTESIAN_POINT ( 'NONE',  ( -12.18296747218840714, -5.501373773741433659, 12.17812901948572168 ) ) ;
#990 = VERTEX_POINT ( 'NONE', #2271 ) ;
#991 = DIRECTION ( 'NONE',  ( 1.000000000000000000, 0.000000000000000000, 0.000000000000000000 ) ) ;
#992 = VERTEX_POINT ( 'NONE', #375 ) ;
#993 = VECTOR ( 'NONE', #4576, 999.9999999999998863 ) ;
#994 = CARTESIAN_POINT ( 'NONE',  ( 10.34999999999999787, -12.49999999999999645, -21.70004569145308437 ) ) ;
#995 = AXIS2_PLACEMENT_3D ( 'NONE', #796, #401, #1843 ) ;
#996 = FACE_OUTER_BOUND ( 'NONE', #1060, .T. ) ;
#997 = VECTOR ( 'NONE', #4489, 1000.000000000000000 ) ;
#998 = B_SPLINE_CURVE_WITH_KNOTS ( 'NONE', 3,
 ( #602, #2795, #4301, #3569 ),
 .UNSPECIFIED., .F., .F.,
 ( 4, 4 ),
 ( 0.000000000000000000, 0.0002822332103018428953 ),
 .UNSPECIFIED. ) ;
#999 = CARTESIAN_POINT ( 'NONE',  ( -9.485372282484179962, -9.707106781182885058, 17.96098579920731808 ) ) ;
#1000 = ORIENTED_EDGE ( 'NONE', *, *, #4264, .F. ) ;
#1001 = DIRECTION ( 'NONE',  ( 1.000000000000000000, -0.000000000000000000, 2.061858463601975203E-16 ) ) ;
#1002 = VERTEX_POINT ( 'NONE', #1202 ) ;
#1003 = DIRECTION ( 'NONE',  ( -0.8660254037844405950, -0.4999999999999966693, 0.000000000000000000 ) ) ;
#1004 = EDGE_CURVE ( 'NONE', #1287, #2128, #3134, .T. ) ;
#1005 = AXIS2_PLACEMENT_3D ( 'NONE', #1699, #4725, #182 ) ;
#1006 = CARTESIAN_POINT ( 'NONE',  ( -13.64999999999999858, -5.500000000000011546, 2.800000000000001155 ) ) ;
#1007 = EDGE_CURVE ( 'NONE', #3753, #2716, #1830, .T. ) ;
#1008 = CARTESIAN_POINT ( 'NONE',  ( 10.29226497308102850, -5.300000000000011369, -23.50000000000000000 ) ) ;
#1009 = CARTESIAN_POINT ( 'NONE',  ( -10.24968728028285980, -5.373746727195500839, -23.59999999573719975 ) ) ;
#1010 = CARTESIAN_POINT ( 'NONE',  ( -7.578718707889819051, -12.50000000000001066, 16.81977793090867479 ) ) ;
#1011 = ORIENTED_EDGE ( 'NONE', *, *, #610, .F. ) ;
#1012 = EDGE_LOOP ( 'NONE', ( #3542, #2463, #2034, #4394 ) ) ;
#1013 = CARTESIAN_POINT ( 'NONE',  ( -15.22674262636436460, -14.50000000000001066, 17.57586247338190333 ) ) ;
#1014 = ADVANCED_FACE ( 'NONE', ( #2249 ), #746, .F. ) ;
#1015 = DIRECTION ( 'NONE',  ( 0.3603062169355878974, 0.000000000000000000, -0.9328340849462808393 ) ) ;
#1016 = EDGE_LOOP ( 'NONE', ( #3900, #2771, #3506, #968 ) ) ;
#1017 = DIRECTION ( 'NONE',  ( 0.8660254037844383745, -0.000000000000000000, -0.5000000000000003331 ) ) ;
#1018 = ORIENTED_EDGE ( 'NONE', *, *, #3926, .T. ) ;
#1019 = EDGE_CURVE ( 'NONE', #236, #963, #4342, .T. ) ;
#1020 = CARTESIAN_POINT ( 'NONE',  ( 15.22674262636435571, -14.50000000000001066, 17.57586247338190688 ) ) ;
#1021 = FACE_OUTER_BOUND ( 'NONE', #3823, .T. ) ;
#1022 = CARTESIAN_POINT ( 'NONE',  ( -10.29226497308102850, -5.300000000000011369, -22.07284373846077941 ) ) ;
#1023 = ORIENTED_EDGE ( 'NONE', *, *, #4833, .T. ) ;
#1024 = CARTESIAN_POINT ( 'NONE',  ( -7.578718707889819051, -12.50000000000001066, 16.81977793090867479 ) ) ;
#1025 = CARTESIAN_POINT ( 'NONE',  ( -10.47245814652242402, -5.484377484356593335, 12.88477304920239064 ) ) ;
#1026 = DIRECTION ( 'NONE',  ( 0.000000000000000000, 0.000000000000000000, 1.000000000000000000 ) ) ;
#1027 = EDGE_CURVE ( 'NONE', #1583, #1712, #3074, .T. ) ;
#1028 = CARTESIAN_POINT ( 'NONE',  ( -10.68638104453162718, -7.625425939531150554, 15.51619440043859299 ) ) ;
#1029 = ADVANCED_FACE ( 'NONE', ( #3414 ), #3251, .T. ) ;
#1030 = FACE_OUTER_BOUND ( 'NONE', #165, .T. ) ;
#1031 = CARTESIAN_POINT ( 'NONE',  ( 7.578718707889822603, -12.50000000000000888, 18.27407996053067407 ) ) ;
#1032 = CARTESIAN_POINT ( 'NONE',  ( 14.14999999999999858, -6.500000000000024869, 2.999999999999999112 ) ) ;
#1033 = CARTESIAN_POINT ( 'NONE',  ( 7.578718707889822603, -12.50000000000000888, 16.81977793090867479 ) ) ;
#1034 = EDGE_LOOP ( 'NONE', ( #3425, #1771, #1466, #1725 ) ) ;
#1035 = DIRECTION ( 'NONE',  ( 1.000000000000000000, 0.000000000000000000, 0.000000000000000000 ) ) ;
#1036 = FACE_OUTER_BOUND ( 'NONE', #844, .T. ) ;
#1037 = EDGE_LOOP ( 'NONE', ( #4546, #1228, #3720, #2818 ) ) ;
#1038 = CARTESIAN_POINT ( 'NONE',  ( -6.135343034915755389, -12.49999999999999467, -23.60000000000000142 ) ) ;
#1039 = CARTESIAN_POINT ( 'NONE',  ( -12.40000000000000036, -18.33257888130140856, -12.78963702891815402 ) ) ;
#1040 = ORIENTED_EDGE ( 'NONE', *, *, #2270, .F. ) ;
#1041 = CARTESIAN_POINT ( 'NONE',  ( 10.27003603885586713, -5.338501643475661140, -23.77539919496517484 ) ) ;
#1042 = ADVANCED_FACE ( 'NONE', ( #1914 ), #4499, .T. ) ;
#1043 = DIRECTION ( 'NONE',  ( 0.000000000000000000, 1.000000000000000000, 0.000000000000000000 ) ) ;
#1044 = CARTESIAN_POINT ( 'NONE',  ( -6.308548115672643952, -12.59999999999999432, -23.60000000000000142 ) ) ;
#1045 = CARTESIAN_POINT ( 'NONE',  ( -10.34892114499130855, -5.395129914552751593, -22.06778493106949313 ) ) ;
#1046 = CARTESIAN_POINT ( 'NONE',  ( -9.611841582910354731, -8.978527882433933627, 17.11604932933456169 ) ) ;
#1047 = AXIS2_PLACEMENT_3D ( 'NONE', #1262, #3613, #624 ) ;
#1048 = VECTOR ( 'NONE', #266, 1000.000000000000114 ) ;
#1049 = DIRECTION ( 'NONE',  ( -0.000000000000000000, 1.000000000000000000, -0.000000000000000000 ) ) ;
#1050 = DIRECTION ( 'NONE',  ( 0.01744974916068272111, 0.9996954598818874604, -0.01744974916068272111 ) ) ;
#1051 = CIRCLE ( 'NONE', #1674, 0.2999999999999994338 ) ;
#1052 = AXIS2_PLACEMENT_3D ( 'NONE', #1968, #929, #880 ) ;
#1053 = VECTOR ( 'NONE', #3154, 1000.000000000000000 ) ;
#1054 = VERTEX_POINT ( 'NONE', #1566 ) ;
#1055 = DIRECTION ( 'NONE',  ( 0.8125314260817289025, -0.000000000000000000, 0.5829173883403994116 ) ) ;
#1056 = DIRECTION ( 'NONE',  ( 0.000000000000000000, 0.000000000000000000, 1.000000000000000000 ) ) ;
#1057 = ORIENTED_EDGE ( 'NONE', *, *, #1160, .T. ) ;
#1058 = EDGE_CURVE ( 'NONE', #3109, #4009, #3060, .T. ) ;
#1059 = CARTESIAN_POINT ( 'NONE',  ( -13.64999999999999680, -5.500000000000011546, -14.08867513459481202 ) ) ;
#1060 = EDGE_LOOP ( 'NONE', ( #1956, #103, #4273, #2715 ) ) ;
#1061 = DIRECTION ( 'NONE',  ( 0.000000000000000000, 1.000000000000000000, 0.000000000000000000 ) ) ;
#1062 = DIRECTION ( 'NONE',  ( 0.000000000000000000, 1.000000000000000000, 0.000000000000000000 ) ) ;
#1063 = VERTEX_POINT ( 'NONE', #2449 ) ;
#1064 = CARTESIAN_POINT ( 'NONE',  ( -14.75000000000000000, -14.50000000000001066, 16.69681954598461004 ) ) ;
#1065 = AXIS2_PLACEMENT_3D ( 'NONE', #3705, #2225, #352 ) ;
#1066 = CARTESIAN_POINT ( 'NONE',  ( -10.46547005383791529, -5.200000000000010836, -23.50000000000000000 ) ) ;
#1067 = CARTESIAN_POINT ( 'NONE',  ( 15.75000000000000000, -14.50000000000001066, 1.404839524955720698E-15 ) ) ;
#1068 = CARTESIAN_POINT ( 'NONE',  ( -12.15000000000000036, -9.601945625106312221, 16.70923616478542328 ) ) ;
#1069 = VECTOR ( 'NONE', #1432, 1000.000000000000000 ) ;
#1070 = AXIS2_PLACEMENT_3D ( 'NONE', #4695, #1373, #3988 ) ;
#1071 = LINE ( 'NONE', #4709, #3791 ) ;
#1072 = AXIS2_PLACEMENT_3D ( 'NONE', #1870, #4160, #4463 ) ;
#1073 = DIRECTION ( 'NONE',  ( -0.000000000000000000, 1.000000000000000000, -0.000000000000000000 ) ) ;
#1074 = EDGE_CURVE ( 'NONE', #2230, #1002, #3578, .T. ) ;
#1075 = DIRECTION ( 'NONE',  ( 0.000000000000000000, 1.000000000000000000, 0.000000000000000000 ) ) ;
#1076 = PLANE ( 'NONE',  #3793 ) ;
#1077 = FACE_OUTER_BOUND ( 'NONE', #4076, .T. ) ;
#1078 = B_SPLINE_CURVE_WITH_KNOTS ( 'NONE', 3,
 ( #3039, #1516, #1815, #4550 ),
 .UNSPECIFIED., .F., .F.,
 ( 4, 4 ),
 ( 0.000000000000000000, 0.002130991686142769820 ),
 .UNSPECIFIED. ) ;
#1079 = DIRECTION ( 'NONE',  ( 0.000000000000000000, 0.000000000000000000, 1.000000000000000000 ) ) ;
#1080 = CARTESIAN_POINT ( 'NONE',  ( -12.16636245199883604, -5.519045802410571078, 12.22990815648550011 ) ) ;
#1081 = EDGE_LOOP ( 'NONE', ( #3285, #219, #3958, #1251, #1203 ) ) ;
#1082 = ORIENTED_EDGE ( 'NONE', *, *, #621, .T. ) ;
#1083 = CYLINDRICAL_SURFACE ( 'NONE', #3259, 0.5000000000000004441 ) ;
#1084 = FACE_OUTER_BOUND ( 'NONE', #4604, .T. ) ;
#1085 = ORIENTED_EDGE ( 'NONE', *, *, #2072, .F. ) ;
#1086 = CARTESIAN_POINT ( 'NONE',  ( 10.28604253777594835, -5.310777574095221887, -23.55219893033251921 ) ) ;
#1087 = EDGE_CURVE ( 'NONE', #2128, #599, #1299, .T. ) ;
#1088 = ADVANCED_FACE ( 'NONE', ( #3853 ), #1590, .T. ) ;
#1089 = DIRECTION ( 'NONE',  ( 0.000000000000000000, 1.000000000000000000, 0.000000000000000000 ) ) ;
#1090 = DIRECTION ( 'NONE',  ( -0.000000000000000000, -1.000000000000000000, -0.000000000000000000 ) ) ;
#1091 = DIRECTION ( 'NONE',  ( 0.8660254037844405950, 0.4999999999999966693, 0.000000000000000000 ) ) ;
#1092 = CARTESIAN_POINT ( 'NONE',  ( 10.22993157668497943, -8.412475291057514681, 15.85559938827618964 ) ) ;
#1093 = DIRECTION ( 'NONE',  ( 0.5000000000000006661, -0.000000000000000000, 0.8660254037844382635 ) ) ;
#1094 = CARTESIAN_POINT ( 'NONE',  ( 3.500000000000000000, -12.50000000000001066, 10.52693615844911257 ) ) ;
#1095 = DIRECTION ( 'NONE',  ( -0.8660254037844423713, -0.4999999999999933942, 0.000000000000000000 ) ) ;
#1096 = EDGE_CURVE ( 'NONE', #4354, #4798, #1987, .T. ) ;
#1097 = CARTESIAN_POINT ( 'NONE',  ( -9.590040606654714139, -9.353553390593331684, 17.77128881405509020 ) ) ;
#1098 = LINE ( 'NONE', #2589, #754 ) ;
#1099 = ORIENTED_EDGE ( 'NONE', *, *, #2302, .F. ) ;
#1100 = EDGE_CURVE ( 'NONE', #254, #818, #1960, .T. ) ;
#1101 = EDGE_LOOP ( 'NONE', ( #187, #4667, #4699, #548, #2443, #832, #2459, #4496, #2088, #3943, #1579, #496, #2222, #3212, #4339, #48 ) ) ;
#1102 = PLANE ( 'NONE',  #688 ) ;
#1103 = ADVANCED_FACE ( 'NONE', ( #3189 ), #4844, .T. ) ;
#1104 = LINE ( 'NONE', #1515, #1991 ) ;
#1105 = CARTESIAN_POINT ( 'NONE',  ( -11.96969696969696706, -9.707106781186604749, 17.00865962662715347 ) ) ;
#1106 = ORIENTED_EDGE ( 'NONE', *, *, #2977, .T. ) ;
#1107 = DIRECTION ( 'NONE',  ( 0.5000000000000022204, 0.000000000000000000, 0.8660254037844372643 ) ) ;
#1108 = CARTESIAN_POINT ( 'NONE',  ( -11.85000000000000142, -5.670226432448637333, 12.35677313259561672 ) ) ;
#1109 = FACE_BOUND ( 'NONE', #2423, .T. ) ;
#1110 = CARTESIAN_POINT ( 'NONE',  ( 7.621588577637349537, -16.69999999999999929, 20.51643326024163727 ) ) ;
#1111 = VECTOR ( 'NONE', #3886, 1000.000000000000000 ) ;
#1112 = DIRECTION ( 'NONE',  ( 0.000000000000000000, 1.000000000000000000, 0.000000000000000000 ) ) ;
#1113 = LINE ( 'NONE', #3746, #1134 ) ;
#1114 = FACE_OUTER_BOUND ( 'NONE', #1260, .T. ) ;
#1115 = VECTOR ( 'NONE', #1428, 1000.000000000000000 ) ;
#1116 = CARTESIAN_POINT ( 'NONE',  ( -14.14999999999999680, -18.33257888130140856, -14.08867513459481202 ) ) ;
#1117 = CARTESIAN_POINT ( 'NONE',  ( 10.57884094609553571, -8.045223483014101618, 16.01262946627108619 ) ) ;
#1118 = ORIENTED_EDGE ( 'NONE', *, *, #2200, .T. ) ;
#1119 = VERTEX_POINT ( 'NONE', #2059 ) ;
#1120 = ORIENTED_EDGE ( 'NONE', *, *, #191, .T. ) ;
#1121 = CARTESIAN_POINT ( 'NONE',  ( -12.15216470827784434, -5.594615697376454477, 12.30240533300221983 ) ) ;
#1122 = VECTOR ( 'NONE', #4068, 1000.000000000000000 ) ;
#1123 = AXIS2_PLACEMENT_3D ( 'NONE', #4478, #4156, #60 ) ;
#1124 = DIRECTION ( 'NONE',  ( 1.000000000000000000, 0.000000000000000000, 0.000000000000000000 ) ) ;
#1125 = FACE_OUTER_BOUND ( 'NONE', #2118, .T. ) ;
#1126 = VERTEX_POINT ( 'NONE', #2370 ) ;
#1127 = DIRECTION ( 'NONE',  ( 0.000000000000000000, 0.000000000000000000, 1.000000000000000000 ) ) ;
#1128 = CARTESIAN_POINT ( 'NONE',  ( 12.15000000000000036, 17.00105930301486623, 16.73357303036088339 ) ) ;
#1129 = VECTOR ( 'NONE', #321, 1000.000000000000114 ) ;
#1130 = VECTOR ( 'NONE', #2440, 1000.000000000000000 ) ;
#1131 = CARTESIAN_POINT ( 'NONE',  ( -14.14999999999999858, -6.249999999999997335, -22.35662432702594060 ) ) ;
#1132 = EDGE_CURVE ( 'NONE', #425, #646, #3570, .T. ) ;
#1133 = FACE_OUTER_BOUND ( 'NONE', #4099, .T. ) ;
#1134 = VECTOR ( 'NONE', #385, 1000.000000000000000 ) ;
#1135 = ADVANCED_FACE ( 'NONE', ( #1227 ), #4698, .T. ) ;
#1136 = AXIS2_PLACEMENT_3D ( 'NONE', #3204, #1073, #3256 ) ;
#1137 = EDGE_CURVE ( 'NONE', #850, #2183, #2216, .T. ) ;
#1138 = CARTESIAN_POINT ( 'NONE',  ( -12.14999999999999858, -12.50000000000001066, -25.80000000000000426 ) ) ;
#1139 = CARTESIAN_POINT ( 'NONE',  ( -14.14999999999999680, -6.950000000000011724, -13.79999999999999893 ) ) ;
#1140 = ORIENTED_EDGE ( 'NONE', *, *, #1874, .F. ) ;
#1141 = AXIS2_PLACEMENT_3D ( 'NONE', #775, #1847, #3387 ) ;
#1142 = DIRECTION ( 'NONE',  ( -1.000000000000000000, -0.000000000000000000, -0.000000000000000000 ) ) ;
#1143 = DIRECTION ( 'NONE',  ( 8.919616031464893202E-17, -0.000000000000000000, -1.000000000000000000 ) ) ;
#1144 = CARTESIAN_POINT ( 'NONE',  ( 15.75000000000000355, -16.69999999999999929, -22.20000000000000284 ) ) ;
#1145 = CARTESIAN_POINT ( 'NONE',  ( 13.64999999999999858, -5.500000000000011546, -22.35662432702594060 ) ) ;
#1146 = VERTEX_POINT ( 'NONE', #873 ) ;
#1147 = EDGE_LOOP ( 'NONE', ( #3437, #22, #3880, #2180, #206 ) ) ;
#1148 = EDGE_LOOP ( 'NONE', ( #1507, #52, #836, #2266 ) ) ;
#1149 = DIRECTION ( 'NONE',  ( 0.000000000000000000, 0.000000000000000000, 1.000000000000000000 ) ) ;
#1150 = DIRECTION ( 'NONE',  ( -1.000000000000000000, 0.000000000000000000, 6.505213034913027590E-16 ) ) ;
#1151 = CARTESIAN_POINT ( 'NONE',  ( -10.47245814652242402, -5.484377484356599552, 12.88477304920239952 ) ) ;
#1152 = ORIENTED_EDGE ( 'NONE', *, *, #3792, .T. ) ;
#1153 = CYLINDRICAL_SURFACE ( 'NONE', #2474, 0.5000000000000000000 ) ;
#1154 = CARTESIAN_POINT ( 'NONE',  ( -10.23272644311155233, -8.253445652082598727, 15.85749211946089332 ) ) ;
#1155 =( BOUNDED_SURFACE ( )  B_SPLINE_SURFACE ( 3, 2, ( 
 ( #250, #224, #3233 ),
 ( #1370, #1635, #4814 ),
 ( #2540, #3280, #4071 ),
 ( #4767, #4791, #4027 ) ),
 .UNSPECIFIED., .F., .F., .F. ) 
 B_SPLINE_SURFACE_WITH_KNOTS ( ( 4, 4 ),
 ( 3, 3 ),
 ( 0.03869913713489601947, 0.04331107133126429337 ),
 ( 0.000000000000000000, 1.000000000000000000 ),
 .UNSPECIFIED. ) 
 GEOMETRIC_REPRESENTATION_ITEM ( )  RATIONAL_B_SPLINE_SURFACE ( (
 ( 1.000000000000000000, 0.8247423937089948254, 1.000000000000000000),
 ( 1.000000000000000000, 0.8249288249512044535, 1.000000000000000000),
 ( 1.000000000000000000, 0.8251146552068941986, 1.000000000000000000),
 ( 1.000000000000000000, 0.8252998903128201391, 1.000000000000000000) ) ) 
 REPRESENTATION_ITEM ( '' )  SURFACE ( )  );
#1156 = DIRECTION ( 'NONE',  ( -0.000000000000000000, -1.000000000000000000, 0.000000000000000000 ) ) ;
#1157 = EDGE_CURVE ( 'NONE', #2938, #4335, #3657, .T. ) ;
#1158 = CARTESIAN_POINT ( 'NONE',  ( 12.14999999999999858, -16.69999999999999929, -22.19999999999999929 ) ) ;
#1159 = EDGE_CURVE ( 'NONE', #942, #1619, #1620, .T. ) ;
#1160 = EDGE_CURVE ( 'NONE', #825, #3690, #2763, .T. ) ;
#1161 = CARTESIAN_POINT ( 'NONE',  ( -15.75000000000000000, -16.69999999999999929, 16.69681954598461360 ) ) ;
#1162 = CARTESIAN_POINT ( 'NONE',  ( -10.31617397413258885, -7.833688325888602755, 15.89037142890630605 ) ) ;
#1163 = ORIENTED_EDGE ( 'NONE', *, *, #3695, .F. ) ;
#1164 = AXIS2_PLACEMENT_3D ( 'NONE', #494, #1613, #1170 ) ;
#1165 = DIRECTION ( 'NONE',  ( 1.000000000000000000, 0.000000000000000000, 0.000000000000000000 ) ) ;
#1166 = ADVANCED_FACE ( 'NONE', ( #4621 ), #479, .T. ) ;
#1167 = DIRECTION ( 'NONE',  ( 0.000000000000000000, 1.000000000000000000, 0.000000000000000000 ) ) ;
#1168 = DIRECTION ( 'NONE',  ( -0.000000000000000000, -1.000000000000000000, -0.000000000000000000 ) ) ;
#1169 = VERTEX_POINT ( 'NONE', #2156 ) ;
#1170 = DIRECTION ( 'NONE',  ( 0.000000000000000000, -0.000000000000000000, 1.000000000000000000 ) ) ;
#1171 = ORIENTED_EDGE ( 'NONE', *, *, #3201, .T. ) ;
#1172 = VERTEX_POINT ( 'NONE', #1033 ) ;
#1173 = ORIENTED_EDGE ( 'NONE', *, *, #1615, .F. ) ;
#1174 = CARTESIAN_POINT ( 'NONE',  ( 0.000000000000000000, -5.200000000000010836, -10.49999999999999822 ) ) ;
#1175 = ORIENTED_EDGE ( 'NONE', *, *, #4694, .T. ) ;
#1176 = CARTESIAN_POINT ( 'NONE',  ( 12.14999999999999858, -18.33257888130140856, 2.500000000000002220 ) ) ;
#1177 = CARTESIAN_POINT ( 'NONE',  ( -12.14999999999999858, -6.950000000000011724, -12.35662432702593350 ) ) ;
#1178 = ORIENTED_EDGE ( 'NONE', *, *, #1157, .F. ) ;
#1179 = DIRECTION ( 'NONE',  ( 1.000000000000000000, -0.000000000000000000, -6.505213034913027590E-16 ) ) ;
#1180 = ORIENTED_EDGE ( 'NONE', *, *, #1948, .T. ) ;
#1181 = CYLINDRICAL_SURFACE ( 'NONE', #2383, 0.5000000000000004441 ) ;
#1182 = LINE ( 'NONE', #136, #56 ) ;
#1183 = B_SPLINE_CURVE_WITH_KNOTS ( 'NONE', 3,
 ( #2289, #2265, #95, #1933 ),
 .UNSPECIFIED., .F., .F.,
 ( 4, 4 ),
 ( 1.939479807224432123E-18, 0.0004172784311679918656 ),
 .UNSPECIFIED. ) ;
#1184 = PLANE ( 'NONE',  #4028 ) ;
#1185 = CARTESIAN_POINT ( 'NONE',  ( 12.19196609096476891, -5.199999999999905143, 12.15626144172972189 ) ) ;
#1186 = CARTESIAN_POINT ( 'NONE',  ( 7.706068865436530579, -12.50000000000001066, 16.62671841023169605 ) ) ;
#1187 = DIRECTION ( 'NONE',  ( 0.000000000000000000, 0.000000000000000000, -1.000000000000000000 ) ) ;
#1188 = LINE ( 'NONE', #1139, #1974 ) ;
#1189 = ORIENTED_EDGE ( 'NONE', *, *, #3266, .T. ) ;
#1190 = CARTESIAN_POINT ( 'NONE',  ( -12.65000000000000036, -5.500000000000011546, -12.35662432702593350 ) ) ;
#1191 = CARTESIAN_POINT ( 'NONE',  ( -9.371405873647743690, -9.394974746830637713, 17.63736291403408885 ) ) ;
#1192 = CARTESIAN_POINT ( 'NONE',  ( 12.15000000000000036, -8.256661700923091374, 15.24156588959170122 ) ) ;
#1193 = AXIS2_PLACEMENT_3D ( 'NONE', #3477, #908, #2388 ) ;
#1194 = CARTESIAN_POINT ( 'NONE',  ( 12.16571923294070423, -5.520073227551207218, 12.23214887145149277 ) ) ;
#1195 = EDGE_LOOP ( 'NONE', ( #1834, #2223, #3956, #2666 ) ) ;
#1196 = EDGE_CURVE ( 'NONE', #2941, #1279, #1406, .T. ) ;
#1197 = EDGE_LOOP ( 'NONE', ( #500, #308, #3061, #153 ) ) ;
#1198 = ORIENTED_EDGE ( 'NONE', *, *, #1353, .F. ) ;
#1199 = CARTESIAN_POINT ( 'NONE',  ( 10.68287244362099919, -7.805841636522016458, 15.71253339731173604 ) ) ;
#1200 = AXIS2_PLACEMENT_3D ( 'NONE', #1597, #1965, #2403 ) ;
#1201 = EDGE_CURVE ( 'NONE', #1568, #3150, #2994, .T. ) ;
#1202 = CARTESIAN_POINT ( 'NONE',  ( -11.94763723614615714, -5.458094398092673494, 12.54509989680543391 ) ) ;
#1203 = ORIENTED_EDGE ( 'NONE', *, *, #112, .T. ) ;
#1204 = ADVANCED_FACE ( 'NONE', ( #2521 ), #4030, .T. ) ;
#1205 = VERTEX_POINT ( 'NONE', #4794 ) ;
#1206 = CARTESIAN_POINT ( 'NONE',  ( 14.14999999999999858, -6.950000000000011724, -22.64529946162074836 ) ) ;
#1207 = VECTOR ( 'NONE', #4398, 1000.000000000000000 ) ;
#1208 = DIRECTION ( 'NONE',  ( -7.149836278586008120E-13, 0.000000000000000000, -1.000000000000000000 ) ) ;
#1209 = DIRECTION ( 'NONE',  ( -1.000000000000000000, 0.000000000000000000, 6.505213034913027590E-16 ) ) ;
#1210 = VECTOR ( 'NONE', #3170, 1000.000000000000000 ) ;
#1211 = LINE ( 'NONE', #1600, #2147 ) ;
#1212 = CIRCLE ( 'NONE', #4754, 0.3000000000000003220 ) ;
#1213 = DIRECTION ( 'NONE',  ( 0.000000000000000000, -0.000000000000000000, 1.000000000000000000 ) ) ;
#1214 = ORIENTED_EDGE ( 'NONE', *, *, #1244, .T. ) ;
#1215 = ADVANCED_FACE ( 'NONE', ( #303 ), #2111, .T. ) ;
#1216 = CIRCLE ( 'NONE', #2777, 0.5000000000000004441 ) ;
#1217 = CARTESIAN_POINT ( 'NONE',  ( 10.40773502691895480, -5.500000000000010658, -23.80000000000000071 ) ) ;
#1218 = CARTESIAN_POINT ( 'NONE',  ( -10.37635068636851798, -10.99037018900347817, 15.54515673263255593 ) ) ;
#1219 = VERTEX_POINT ( 'NONE', #4771 ) ;
#1220 = TOROIDAL_SURFACE ( 'NONE', #3810, 25.49289321881341053, 0.5000000000000000000 ) ;
#1221 = CIRCLE ( 'NONE', #1070, 1.000000000000000888 ) ;
#1222 = FACE_OUTER_BOUND ( 'NONE', #2349, .T. ) ;
#1223 = CARTESIAN_POINT ( 'NONE',  ( 12.19196609096476713, -5.500000000000011546, 12.15626144172972367 ) ) ;
#1224 = ORIENTED_EDGE ( 'NONE', *, *, #3052, .T. ) ;
#1225 = ORIENTED_EDGE ( 'NONE', *, *, #4265, .F. ) ;
#1226 = CARTESIAN_POINT ( 'NONE',  ( -12.15000000000000213, -9.595455996185974001, 16.93020514758842410 ) ) ;
#1227 = FACE_OUTER_BOUND ( 'NONE', #454, .T. ) ;
#1228 = ORIENTED_EDGE ( 'NONE', *, *, #1862, .F. ) ;
#1229 = DIRECTION ( 'NONE',  ( 0.000000000000000000, -0.7772896257502454054, -0.6291429390059491977 ) ) ;
#1230 =( BOUNDED_CURVE ( )  B_SPLINE_CURVE ( 3, ( #2929, #3660, #980, #269 ),
 .UNSPECIFIED., .F., .F. ) 
 B_SPLINE_CURVE_WITH_KNOTS ( ( 4, 4 ),
 ( 6.120150512585322389, 7.068431177329457249 ),
 .UNSPECIFIED. ) 
 CURVE ( )  GEOMETRIC_REPRESENTATION_ITEM ( )  RATIONAL_B_SPLINE_CURVE ( ( 1.000000000000000000, 0.9264570346843392645, 0.9264570346843392645, 1.000000000000000000 ) ) 
 REPRESENTATION_ITEM ( '' )  );
#1231 = CARTESIAN_POINT ( 'NONE',  ( 12.14999999999999858, -6.950000000000011724, -23.80000000000000071 ) ) ;
#1232 = EDGE_CURVE ( 'NONE', #4390, #592, #2775, .T. ) ;
#1233 = ADVANCED_FACE ( 'NONE', ( #649 ), #4001, .T. ) ;
#1234 = LINE ( 'NONE', #4239, #1111 ) ;
#1235 = ORIENTED_EDGE ( 'NONE', *, *, #3111, .F. ) ;
#1236 = CARTESIAN_POINT ( 'NONE',  ( -12.65000000000000036, -6.950000000000011724, -12.35662432702593350 ) ) ;
#1237 = DIRECTION ( 'NONE',  ( -0.000000000000000000, 1.000000000000000000, -0.000000000000000000 ) ) ;
#1238 = CARTESIAN_POINT ( 'NONE',  ( 9.262422663874577466, -9.583739203329702860, 16.35308518184318416 ) ) ;
#1239 = ORIENTED_EDGE ( 'NONE', *, *, #2168, .F. ) ;
#1240 = DIRECTION ( 'NONE',  ( 0.000000000000000000, 1.000000000000000000, 0.000000000000000000 ) ) ;
#1241 = CARTESIAN_POINT ( 'NONE',  ( -11.95903609698376435, -5.346446609406751094, 12.41332053553020742 ) ) ;
#1242 = FACE_OUTER_BOUND ( 'NONE', #28, .T. ) ;
#1243 = ORIENTED_EDGE ( 'NONE', *, *, #328, .T. ) ;
#1244 = EDGE_CURVE ( 'NONE', #2437, #1344, #4492, .T. ) ;
#1245 = ORIENTED_EDGE ( 'NONE', *, *, #2792, .F. ) ;
#1246 = ORIENTED_EDGE ( 'NONE', *, *, #4063, .F. ) ;
#1247 = CARTESIAN_POINT ( 'NONE',  ( -12.15000000000000036, -9.707106781186599420, 16.93020532660898425 ) ) ;
#1248 = ORIENTED_EDGE ( 'NONE', *, *, #3181, .F. ) ;
#1249 = CARTESIAN_POINT ( 'NONE',  ( -11.94763723614615714, -5.458094398092673494, 12.54509989680543391 ) ) ;
#1250 = MECHANICAL_DESIGN_GEOMETRIC_PRESENTATION_REPRESENTATION (  '', ( #1479 ), #2592 ) ;
#1251 = ORIENTED_EDGE ( 'NONE', *, *, #3229, .T. ) ;
#1252 = DIRECTION ( 'NONE',  ( 1.482513615868391144E-16, 0.6546536707079813056, -0.7559289460184508425 ) ) ;
#1253 = EDGE_CURVE ( 'NONE', #4520, #3342, #1399, .T. ) ;
#1254 = DIRECTION ( 'NONE',  ( 0.000000000000000000, 0.000000000000000000, 1.000000000000000000 ) ) ;
#1255 = ORIENTED_EDGE ( 'NONE', *, *, #3637, .T. ) ;
#1256 = CARTESIAN_POINT ( 'NONE',  ( 7.862072633119802312, -12.50000000000001066, 18.45147343247918670 ) ) ;
#1257 = FACE_OUTER_BOUND ( 'NONE', #1586, .T. ) ;
#1258 =( BOUNDED_SURFACE ( )  B_SPLINE_SURFACE ( 3, 2, ( 
 ( #4315, #3452, #4611 ),
 ( #3177, #89, #3844 ),
 ( #4262, #907, #2386 ),
 ( #3100, #3530, #2046 ) ),
 .UNSPECIFIED., .F., .F., .F. ) 
 B_SPLINE_SURFACE_WITH_KNOTS ( ( 4, 4 ),
 ( 3, 3 ),
 ( 0.000000000000000000, 0.0002549414714929217020 ),
 ( 0.000000000000000000, 1.000000000000000000 ),
 .UNSPECIFIED. ) 
 GEOMETRIC_REPRESENTATION_ITEM ( )  RATIONAL_B_SPLINE_SURFACE ( (
 ( 1.000000000000000000, 0.7132504491541806768, 1.000000000000000000),
 ( 1.000000000000000000, 0.6754107310576011880, 1.000000000000000000),
 ( 1.000000000000000000, 0.6337069308146420221, 1.000000000000000000),
 ( 1.000000000000000000, 0.5995010062373578030, 1.000000000000000000) ) ) 
 REPRESENTATION_ITEM ( '' )  SURFACE ( )  );
#1259 = EDGE_CURVE ( 'NONE', #80, #1780, #1098, .T. ) ;
#1260 = EDGE_LOOP ( 'NONE', ( #323, #1140, #2845, #3370 ) ) ;
#1261 = DIRECTION ( 'NONE',  ( -0.01744974916068272111, 0.9996954598818874604, -0.01744974916068271764 ) ) ;
#1262 = CARTESIAN_POINT ( 'NONE',  ( 12.65000000000000213, -5.200000000000010836, 12.35677313259562382 ) ) ;
#1263 = CYLINDRICAL_SURFACE ( 'NONE', #3001, 29.99999999999999645 ) ;
#1264 = CARTESIAN_POINT ( 'NONE',  ( -13.74999999999999645, -5.500000000000010658, 10.79792740578363563 ) ) ;
#1265 = ORIENTED_EDGE ( 'NONE', *, *, #305, .F. ) ;
#1266 = ORIENTED_EDGE ( 'NONE', *, *, #3330, .T. ) ;
#1267 = CARTESIAN_POINT ( 'NONE',  ( 7.578718707889822603, -12.50000000000000888, 36.89604415459112374 ) ) ;
#1268 = ORIENTED_EDGE ( 'NONE', *, *, #1463, .T. ) ;
#1269 = CARTESIAN_POINT ( 'NONE',  ( -10.37747726250792724, -10.92582868520252504, 15.54592401976617566 ) ) ;
#1270 = ORIENTED_EDGE ( 'NONE', *, *, #3021, .T. ) ;
#1271 = ORIENTED_EDGE ( 'NONE', *, *, #780, .T. ) ;
#1272 = CARTESIAN_POINT ( 'NONE',  ( 0.000000000000000000, -8.253445652082858075, -10.49999999999999822 ) ) ;
#1273 = VECTOR ( 'NONE', #581, 1000.000000000000000 ) ;
#1274 = CARTESIAN_POINT ( 'NONE',  ( 10.47399188756784660, -5.396509518712553799, 12.65068362120861600 ) ) ;
#1275 = CARTESIAN_POINT ( 'NONE',  ( 12.15000000000000036, -9.602094232647456096, 16.70939831090865724 ) ) ;
#1276 = VERTEX_POINT ( 'NONE', #392 ) ;
#1277 = DIRECTION ( 'NONE',  ( 0.4999999999999981126, 0.8660254037844397068, -0.000000000000000000 ) ) ;
#1278 = AXIS2_PLACEMENT_3D ( 'NONE', #258, #2090, #3242 ) ;
#1279 = VERTEX_POINT ( 'NONE', #3700 ) ;
#1280 = CARTESIAN_POINT ( 'NONE',  ( 14.14999999999999680, -18.33257888130140856, 10.62472232502674885 ) ) ;
#1281 = AXIS2_PLACEMENT_3D ( 'NONE', #840, #2340, #3848 ) ;
#1282 = CIRCLE ( 'NONE', #4746, 29.85355339059326596 ) ;
#1283 = DIRECTION ( 'NONE',  ( -0.8660254037844382635, 0.000000000000000000, 0.5000000000000006661 ) ) ;
#1284 = CARTESIAN_POINT ( 'NONE',  ( -10.47399188756785016, -5.396509518712553799, -21.82403757902093133 ) ) ;
#1285 = CIRCLE ( 'NONE', #3575, 25.84644660940669425 ) ;
#1286 = LINE ( 'NONE', #1337, #2603 ) ;
#1287 = VERTEX_POINT ( 'NONE', #346 ) ;
#1288 = CARTESIAN_POINT ( 'NONE',  ( -15.75000000000000000, -12.50000000000001066, -22.20000000000000284 ) ) ;
#1289 = ADVANCED_FACE ( 'NONE', ( #2645 ), #2858, .T. ) ;
#1290 = AXIS2_PLACEMENT_3D ( 'NONE', #4665, #3534, #477 ) ;
#1291 = CARTESIAN_POINT ( 'NONE',  ( -12.16250895063805970, -5.514233680564680107, 12.24033605327176488 ) ) ;
#1292 = CARTESIAN_POINT ( 'NONE',  ( -12.14999999999999858, 3.857596844149359328, -35.18257238306474477 ) ) ;
#1293 = DIRECTION ( 'NONE',  ( 1.000000000000000000, 0.000000000000000000, 0.000000000000000000 ) ) ;
#1294 = EDGE_LOOP ( 'NONE', ( #2274, #812, #1225, #2587 ) ) ;
#1295 = EDGE_LOOP ( 'NONE', ( #3999, #4240, #2396, #868 ) ) ;
#1296 = CARTESIAN_POINT ( 'NONE',  ( 9.295577081290593568, -9.526314067869817492, 17.75569977388242648 ) ) ;
#1297 = VECTOR ( 'NONE', #316, 1000.000000000000114 ) ;
#1298 = CARTESIAN_POINT ( 'NONE',  ( 0.000000000000000000, -5.346446609406741324, -10.49999999999999822 ) ) ;
#1299 = LINE ( 'NONE', #3137, #3716 ) ;
#1300 = ORIENTED_EDGE ( 'NONE', *, *, #2439, .T. ) ;
#1301 = CIRCLE ( 'NONE', #2008, 29.99999999999999289 ) ;
#1302 = ORIENTED_EDGE ( 'NONE', *, *, #2680, .T. ) ;
#1303 = DIRECTION ( 'NONE',  ( 4.259132699590121732E-17, 0.000000000000000000, -1.000000000000000000 ) ) ;
#1304 = B_SPLINE_CURVE_WITH_KNOTS ( 'NONE', 3,
 ( #4607, #3448, #4256, #1274 ),
 .UNSPECIFIED., .F., .F.,
 ( 4, 4 ),
 ( 0.000000000000000000, 0.0002536281286993978643 ),
 .UNSPECIFIED. ) ;
#1305 = DIRECTION ( 'NONE',  ( 0.4999428824215583766, 0.8659264732365766770, -0.01511480281340694606 ) ) ;
#1306 = DIRECTION ( 'NONE',  ( 1.000000000000000000, 0.000000000000000000, 0.000000000000000000 ) ) ;
#1307 = ORIENTED_EDGE ( 'NONE', *, *, #2819, .T. ) ;
#1308 = CARTESIAN_POINT ( 'NONE',  ( 12.39999999999999858, -5.500000000000011546, -12.78963702891815402 ) ) ;
#1309 = ORIENTED_EDGE ( 'NONE', *, *, #13, .T. ) ;
#1310 = EDGE_CURVE ( 'NONE', #2380, #825, #1881, .T. ) ;
#1311 = ADVANCED_FACE ( 'NONE', ( #51 ), #3798, .T. ) ;
#1312 = DIRECTION ( 'NONE',  ( 1.000000000000000000, 0.000000000000000000, 0.000000000000000000 ) ) ;
#1313 = FACE_OUTER_BOUND ( 'NONE', #2055, .T. ) ;
#1314 = ORIENTED_EDGE ( 'NONE', *, *, #4828, .T. ) ;
#1315 = DIRECTION ( 'NONE',  ( 0.000000000000000000, 1.000000000000000000, 0.000000000000000000 ) ) ;
#1316 = EDGE_CURVE ( 'NONE', #2866, #1988, #3752, .T. ) ;
#1317 = FACE_OUTER_BOUND ( 'NONE', #551, .T. ) ;
#1318 = DIRECTION ( 'NONE',  ( 0.000000000000000000, 0.000000000000000000, -1.000000000000000000 ) ) ;
#1319 = CARTESIAN_POINT ( 'NONE',  ( 7.550000000000000711, -12.50000000000001066, 20.22509998793677610 ) ) ;
#1320 = ORIENTED_EDGE ( 'NONE', *, *, #67, .T. ) ;
#1321 = CARTESIAN_POINT ( 'NONE',  ( 14.14999999999999680, -6.950000000000011724, -14.08867513459481202 ) ) ;
#1322 = ADVANCED_FACE ( 'NONE', ( #4075 ), #1904, .T. ) ;
#1323 = DIRECTION ( 'NONE',  ( 0.000000000000000000, 0.000000000000000000, -1.000000000000000000 ) ) ;
#1324 = CARTESIAN_POINT ( 'NONE',  ( -14.14999999999999858, -18.33257888130140856, -22.64529946162074836 ) ) ;
#1325 = EDGE_LOOP ( 'NONE', ( #1733, #3005, #4772, #1509 ) ) ;
#1326 = VERTEX_POINT ( 'NONE', #2286 ) ;
#1327 = CARTESIAN_POINT ( 'NONE',  ( 14.14999999999999858, -18.33257888130140856, -22.64529946162074836 ) ) ;
#1328 = CARTESIAN_POINT ( 'NONE',  ( -9.676298072043305609, -8.866885968379103033, 17.23012284896787349 ) ) ;
#1329 = CARTESIAN_POINT ( 'NONE',  ( -8.719528903442164136, -10.52405877951418312, 18.21158794356973232 ) ) ;
#1330 = ORIENTED_EDGE ( 'NONE', *, *, #2515, .F. ) ;
#1331 = CARTESIAN_POINT ( 'NONE',  ( -15.75000000000000000, -16.69999999999999929, -22.20000000000000284 ) ) ;
#1332 = ORIENTED_EDGE ( 'NONE', *, *, #3390, .T. ) ;
#1333 = LINE ( 'NONE', #683, #2943 ) ;
#1334 = DIRECTION ( 'NONE',  ( -1.000000000000000000, 0.000000000000000000, 0.000000000000000000 ) ) ;
#1335 = LINE ( 'NONE', #1931, #4631 ) ;
#1336 = DIRECTION ( 'NONE',  ( 0.000000000000000000, -1.000000000000000000, 0.000000000000000000 ) ) ;
#1337 = CARTESIAN_POINT ( 'NONE',  ( 10.17755899964003952, -5.194767466557993707, -22.12751330818695905 ) ) ;
#1338 = ORIENTED_EDGE ( 'NONE', *, *, #3501, .F. ) ;
#1339 = FACE_OUTER_BOUND ( 'NONE', #904, .T. ) ;
#1340 = DIRECTION ( 'NONE',  ( -0.000000000000000000, 1.000000000000000000, -0.000000000000000000 ) ) ;
#1341 = DIRECTION ( 'NONE',  ( -0.8660254037844399289, 0.000000000000000000, -0.4999999999999979461 ) ) ;
#1342 = ORIENTED_EDGE ( 'NONE', *, *, #3257, .T. ) ;
#1343 = CARTESIAN_POINT ( 'NONE',  ( 9.532319340076023551, -9.572485989378183291, 17.94533945715973999 ) ) ;
#1344 = VERTEX_POINT ( 'NONE', #1535 ) ;
#1345 = CARTESIAN_POINT ( 'NONE',  ( 12.15000000000000036, -9.565685424949295523, 16.66967721593321983 ) ) ;
#1346 = VECTOR ( 'NONE', #4060, 1000.000000000000000 ) ;
#1347 = EDGE_CURVE ( 'NONE', #2898, #254, #1601, .T. ) ;
#1348 = CARTESIAN_POINT ( 'NONE',  ( -12.15680221654958615, -5.558578643762706939, 12.27457856830090321 ) ) ;
#1349 = ORIENTED_EDGE ( 'NONE', *, *, #124, .F. ) ;
#1350 = CARTESIAN_POINT ( 'NONE',  ( 13.64999999999999858, -18.33257888130140856, -22.35662432702594060 ) ) ;
#1351 = ORIENTED_EDGE ( 'NONE', *, *, #4096, .T. ) ;
#1352 = CARTESIAN_POINT ( 'NONE',  ( 12.19196609096476713, -5.500000000000011546, 12.15626144172972367 ) ) ;
#1353 = EDGE_CURVE ( 'NONE', #1940, #3309, #3658, .T. ) ;
#1354 = DIRECTION ( 'NONE',  ( 0.000000000000000000, 0.000000000000000000, 1.000000000000000000 ) ) ;
#1355 = ADVANCED_FACE ( 'NONE', ( #4199 ), #4147, .T. ) ;
#1356 = LINE ( 'NONE', #1022, #2831 ) ;
#1357 = ORIENTED_EDGE ( 'NONE', *, *, #1160, .F. ) ;
#1358 = CARTESIAN_POINT ( 'NONE',  ( -8.425997353063412021, -11.03247033839122437, 16.60599164073046197 ) ) ;
#1359 = ORIENTED_EDGE ( 'NONE', *, *, #1521, .T. ) ;
#1360 = AXIS2_PLACEMENT_3D ( 'NONE', #3167, #1305, #1750 ) ;
#1361 = DIRECTION ( 'NONE',  ( 0.000000000000000000, 0.000000000000000000, 1.000000000000000000 ) ) ;
#1362 = VECTOR ( 'NONE', #378, 1000.000000000000000 ) ;
#1363 = DIRECTION ( 'NONE',  ( -1.000000000000000000, 0.000000000000000000, -6.505213034913027590E-16 ) ) ;
#1364 = FACE_OUTER_BOUND ( 'NONE', #252, .T. ) ;
#1365 = DIRECTION ( 'NONE',  ( 1.482513615868391144E-16, -0.6546536707079813056, 0.7559289460184508425 ) ) ;
#1366 = AXIS2_PLACEMENT_3D ( 'NONE', #4415, #2145, #294 ) ;
#1367 = AXIS2_PLACEMENT_3D ( 'NONE', #3540, #4233, #3517 ) ;
#1368 = EDGE_CURVE ( 'NONE', #1002, #2891, #707, .T. ) ;
#1369 = CARTESIAN_POINT ( 'NONE',  ( -10.28604253777595190, -5.310777574095213005, -23.55219893033251566 ) ) ;
#1370 = CARTESIAN_POINT ( 'NONE',  ( 10.37635068636853930, -10.99037018900208373, 15.54515673261440512 ) ) ;
#1371 = AXIS2_PLACEMENT_3D ( 'NONE', #3990, #4359, #3136 ) ;
#1372 = EDGE_LOOP ( 'NONE', ( #4491, #1916, #1467 ) ) ;
#1373 = DIRECTION ( 'NONE',  ( 0.000000000000000000, 1.000000000000000000, 0.000000000000000000 ) ) ;
#1374 = ORIENTED_EDGE ( 'NONE', *, *, #3602, .F. ) ;
#1375 = CARTESIAN_POINT ( 'NONE',  ( -9.590040606654714139, -9.353553390593331684, 17.77128881405509020 ) ) ;
#1376 = CARTESIAN_POINT ( 'NONE',  ( 12.13796504866009940, -5.442820046218642460, 12.42884641439740356 ) ) ;
#1377 = ORIENTED_EDGE ( 'NONE', *, *, #3064, .F. ) ;
#1378 = CARTESIAN_POINT ( 'NONE',  ( 0.000000000000000000, -5.500000000000010658, -23.50000000000000000 ) ) ;
#1379 = VERTEX_POINT ( 'NONE', #2413 ) ;
#1380 = AXIS2_PLACEMENT_3D ( 'NONE', #1427, #4109, #702 ) ;
#1381 = DIRECTION ( 'NONE',  ( -0.5000000000000022204, 0.000000000000000000, 0.8660254037844372643 ) ) ;
#1382 = VECTOR ( 'NONE', #57, 1000.000000000000000 ) ;
#1383 = ADVANCED_FACE ( 'NONE', ( #3152 ), #4648, .T. ) ;
#1384 = CARTESIAN_POINT ( 'NONE',  ( -9.611934275417031159, -8.978367334302889802, 17.11584835332265442 ) ) ;
#1385 = CIRCLE ( 'NONE', #3732, 0.1999999999999999556 ) ;
#1386 = CARTESIAN_POINT ( 'NONE',  ( -14.14999999999999680, -18.33257888130140856, 10.62472232502674885 ) ) ;
#1387 = VERTEX_POINT ( 'NONE', #3871 ) ;
#1388 = LINE ( 'NONE', #1474, #4662 ) ;
#1389 = EDGE_LOOP ( 'NONE', ( #1867, #2815, #2224, #2492, #55 ) ) ;
#1390 = FACE_OUTER_BOUND ( 'NONE', #4568, .T. ) ;
#1391 = CIRCLE ( 'NONE', #1851, 0.2000000000000011768 ) ;
#1392 = ADVANCED_FACE ( 'NONE', ( #4635 ), #1263, .T. ) ;
#1393 = CARTESIAN_POINT ( 'NONE',  ( 13.74999999999999645, -5.200000000000010836, -13.91547005383792524 ) ) ;
#1394 =( BOUNDED_CURVE ( )  B_SPLINE_CURVE ( 3, ( #1892, #4436, #2556, #1453 ),
 .UNSPECIFIED., .F., .F. ) 
 B_SPLINE_CURVE_WITH_KNOTS ( ( 4, 4 ),
 ( 4.712388980384689674, 6.283185307179586232 ),
 .UNSPECIFIED. ) 
 CURVE ( )  GEOMETRIC_REPRESENTATION_ITEM ( )  RATIONAL_B_SPLINE_CURVE ( ( 1.000000000000000000, 0.8047378541243649375, 0.8047378541243649375, 1.000000000000000000 ) ) 
 REPRESENTATION_ITEM ( '' )  );
#1395 = B_SPLINE_CURVE_WITH_KNOTS ( 'NONE', 3,
 ( #4502, #4531, #4137, #403, #3319, #314 ),
 .UNSPECIFIED., .F., .F.,
 ( 4, 2, 4 ),
 ( 0.000000000000000000, 0.0001928748325148670994, 0.0003857496650297341989 ),
 .UNSPECIFIED. ) ;
#1396 = DIRECTION ( 'NONE',  ( 0.000000000000000000, 1.000000000000000000, 0.000000000000000000 ) ) ;
#1397 = CARTESIAN_POINT ( 'NONE',  ( 11.94763723614615714, -5.458094398092683264, 12.54509989680543924 ) ) ;
#1398 = CARTESIAN_POINT ( 'NONE',  ( -13.64999999999999858, -6.000000000000023981, 2.500000000000001332 ) ) ;
#1399 = LINE ( 'NONE', #1144, #2381 ) ;
#1400 = ORIENTED_EDGE ( 'NONE', *, *, #3413, .T. ) ;
#1401 = ADVANCED_FACE ( 'NONE', ( #3159 ), #919, .T. ) ;
#1402 = CARTESIAN_POINT ( 'NONE',  ( -10.47399188756785016, -5.396509518712553799, 12.65068362120860890 ) ) ;
#1403 = CARTESIAN_POINT ( 'NONE',  ( 12.39999999999999858, -6.950000000000011724, -12.78963702891815402 ) ) ;
#1404 = EDGE_LOOP ( 'NONE', ( #2343, #1419, #1245, #628 ) ) ;
#1405 = DIRECTION ( 'NONE',  ( -0.000000000000000000, 1.000000000000000000, -0.000000000000000000 ) ) ;
#1406 = B_SPLINE_CURVE_WITH_KNOTS ( 'NONE', 3,
 ( #1348, #322, #1770, #3645, #3264, #4055, #1080, #2844, #2936, #2869, #989, #1442, #4386, #4451, #3991, #3961 ),
 .UNSPECIFIED., .F., .F.,
 ( 4, 3, 3, 3, 3, 4 ),
 ( 0.000000000000000000, 4.969276429719952205E-05, 6.045789584765042982E-05, 0.0001120064883672315539, 0.0001292972530014741602, 0.0001411732071954737756 ),
 .UNSPECIFIED. ) ;
#1407 = LINE ( 'NONE', #3689, #3262 ) ;
#1408 = ORIENTED_EDGE ( 'NONE', *, *, #2304, .F. ) ;
#1409 = DIRECTION ( 'NONE',  ( -0.8660254037844405950, -0.4999999999999966693, 0.000000000000000000 ) ) ;
#1410 = CARTESIAN_POINT ( 'NONE',  ( 12.40000000000000213, -18.33257888130140856, 11.92376043070339975 ) ) ;
#1411 = CARTESIAN_POINT ( 'NONE',  ( -10.69568355267824700, -5.200000000000009059, 12.78348901639127888 ) ) ;
#1412 = VECTOR ( 'NONE', #416, 1000.000000000000000 ) ;
#1413 = LINE ( 'NONE', #4808, #1207 ) ;
#1414 = DIRECTION ( 'NONE',  ( -0.8660254037844382635, -0.000000000000000000, -0.5000000000000006661 ) ) ;
#1415 = EDGE_CURVE ( 'NONE', #2512, #2291, #4220, .T. ) ;
#1416 = FACE_OUTER_BOUND ( 'NONE', #1967, .T. ) ;
#1417 = CARTESIAN_POINT ( 'NONE',  ( 7.618528057263068476, -12.50000000000001066, 18.39989116269257963 ) ) ;
#1418 = CARTESIAN_POINT ( 'NONE',  ( 10.46547005383791706, -5.400000000000011013, -22.23024303063488816 ) ) ;
#1419 = ORIENTED_EDGE ( 'NONE', *, *, #1652, .F. ) ;
#1420 = FACE_OUTER_BOUND ( 'NONE', #4355, .T. ) ;
#1421 = ORIENTED_EDGE ( 'NONE', *, *, #1729, .F. ) ;
#1422 = CARTESIAN_POINT ( 'NONE',  ( -10.44390727357297521, -7.120055900155049855, 14.68621302207335155 ) ) ;
#1423 = EDGE_CURVE ( 'NONE', #3197, #2230, #1285, .T. ) ;
#1424 = CARTESIAN_POINT ( 'NONE',  ( -7.583689575955566475, -12.49139020395242206, 18.52644007311270258 ) ) ;
#1425 = EDGE_LOOP ( 'NONE', ( #4778, #202, #157, #4079, #2416, #3972, #3573, #1018, #2841, #462, #2308, #475, #1243, #12, #3139, #4203, #1255, #3034 ) ) ;
#1426 = DIRECTION ( 'NONE',  ( 0.000000000000000000, -0.000000000000000000, 1.000000000000000000 ) ) ;
#1427 = CARTESIAN_POINT ( 'NONE',  ( -13.64999999999999858, -18.33257888130140856, -22.35662432702594060 ) ) ;
#1428 = DIRECTION ( 'NONE',  ( -0.000000000000000000, 1.000000000000000000, -0.000000000000000000 ) ) ;
#1429 = FACE_OUTER_BOUND ( 'NONE', #1643, .T. ) ;
#1430 = FACE_OUTER_BOUND ( 'NONE', #3289, .T. ) ;
#1431 = AXIS2_PLACEMENT_3D ( 'NONE', #390, #1952, #92 ) ;
#1432 = DIRECTION ( 'NONE',  ( -0.000000000000000000, -1.000000000000000000, -0.000000000000000000 ) ) ;
#1433 = AXIS2_PLACEMENT_3D ( 'NONE', #2043, #2571, #4081 ) ;
#1434 = AXIS2_PLACEMENT_3D ( 'NONE', #3028, #2261, #1612 ) ;
#1435 = CARTESIAN_POINT ( 'NONE',  ( -13.64999999999999680, -5.200000000000010836, 10.62472232502674885 ) ) ;
#1436 = CARTESIAN_POINT ( 'NONE',  ( 7.731267705033071813, -12.50000000000001421, 18.46307651163428787 ) ) ;
#1437 = CARTESIAN_POINT ( 'NONE',  ( 10.47401134145787793, -5.395395006099156454, -21.91989097235461514 ) ) ;
#1438 = EDGE_CURVE ( 'NONE', #2512, #3994, #3406, .T. ) ;
#1439 = AXIS2_PLACEMENT_3D ( 'NONE', #4517, #1167, #2662 ) ;
#1440 = EDGE_CURVE ( 'NONE', #4077, #2037, #654, .T. ) ;
#1441 = FACE_OUTER_BOUND ( 'NONE', #1525, .T. ) ;
#1442 = CARTESIAN_POINT ( 'NONE',  ( -12.18507458479210115, -5.500732957676382817, 12.17271276071005737 ) ) ;
#1443 = ORIENTED_EDGE ( 'NONE', *, *, #792, .T. ) ;
#1444 = ORIENTED_EDGE ( 'NONE', *, *, #3426, .F. ) ;
#1445 = CYLINDRICAL_SURFACE ( 'NONE', #2850, 0.2000000000000005107 ) ;
#1446 =( BOUNDED_SURFACE ( )  B_SPLINE_SURFACE ( 3, 2, ( 
 ( #2682, #386, #2640 ),
 ( #862, #3795, #806 ),
 ( #1218, #3101, #3372 ),
 ( #3400, #2996, #3476 ) ),
 .UNSPECIFIED., .F., .F., .F. ) 
 B_SPLINE_SURFACE_WITH_KNOTS ( ( 4, 4 ),
 ( 3, 3 ),
 ( 0.03886546131044497920, 0.04347739550902557371 ),
 ( 0.000000000000000000, 1.000000000000000000 ),
 .UNSPECIFIED. ) 
 GEOMETRIC_REPRESENTATION_ITEM ( )  RATIONAL_B_SPLINE_SURFACE ( (
 ( 1.000000000000000000, 0.8252998903128201391, 1.000000000000000000),
 ( 1.000000000000000000, 0.8251146552068956419, 1.000000000000000000),
 ( 1.000000000000000000, 0.8249288249512021221, 1.000000000000000000),
 ( 1.000000000000000000, 0.8247423937089948254, 1.000000000000000000) ) ) 
 REPRESENTATION_ITEM ( '' )  SURFACE ( )  );
#1447 = ORIENTED_EDGE ( 'NONE', *, *, #2942, .T. ) ;
#1448 = CARTESIAN_POINT ( 'NONE',  ( -10.69888367347376779, -6.982124869514144017, 14.81651003587411530 ) ) ;
#1449 = DIRECTION ( 'NONE',  ( -0.000000000000000000, -1.000000000000000000, -0.000000000000000000 ) ) ;
#1450 = ORIENTED_EDGE ( 'NONE', *, *, #3771, .T. ) ;
#1451 = DIRECTION ( 'NONE',  ( -0.8660254037844374864, 2.116509535829166014E-15, 0.5000000000000023315 ) ) ;
#1452 = AXIS2_PLACEMENT_3D ( 'NONE', #4091, #1926, #464 ) ;
#1453 = CARTESIAN_POINT ( 'NONE',  ( 10.46547005383791706, -5.200000000000010836, -23.50000000000000000 ) ) ;
#1454 = CARTESIAN_POINT ( 'NONE',  ( -12.15211370563714688, -5.595012017404467741, 12.30271136770850937 ) ) ;
#1455 = CIRCLE ( 'NONE', #1776, 0.2000000000000005107 ) ;
#1456 = CARTESIAN_POINT ( 'NONE',  ( 11.85000000000000142, -5.200000000000010836, 2.800000000000002043 ) ) ;
#1457 = ADVANCED_FACE ( 'NONE', ( #2012 ), #2035, .T. ) ;
#1458 = VECTOR ( 'NONE', #4830, 1000.000000000000000 ) ;
#1459 = FACE_OUTER_BOUND ( 'NONE', #1984, .T. ) ;
#1460 = EDGE_CURVE ( 'NONE', #2618, #1940, #3326, .T. ) ;
#1461 = CARTESIAN_POINT ( 'NONE',  ( -9.371405873647740137, -9.394974746830641266, 17.63736291403408174 ) ) ;
#1462 = CYLINDRICAL_SURFACE ( 'NONE', #2148, 0.3000000000000013767 ) ;
#1463 = EDGE_CURVE ( 'NONE', #2716, #4346, #4697, .T. ) ;
#1464 = LINE ( 'NONE', #2956, #3877 ) ;
#1465 = CARTESIAN_POINT ( 'NONE',  ( -13.64999999999999680, -5.500000000000011546, 10.62472232502674885 ) ) ;
#1466 = ORIENTED_EDGE ( 'NONE', *, *, #2214, .F. ) ;
#1467 = ORIENTED_EDGE ( 'NONE', *, *, #1938, .T. ) ;
#1468 = EDGE_CURVE ( 'NONE', #1387, #1608, #2454, .T. ) ;
#1469 = CARTESIAN_POINT ( 'NONE',  ( -13.64999999999999680, -6.950000000000011724, -14.08867513459481202 ) ) ;
#1470 = CARTESIAN_POINT ( 'NONE',  ( -10.35000000000000142, -12.49999999999999467, -21.70004569145308437 ) ) ;
#1471 = CARTESIAN_POINT ( 'NONE',  ( 10.46173032406429826, -6.098974021360716868, 13.95940975392558592 ) ) ;
#1472 = VERTEX_POINT ( 'NONE', #2868 ) ;
#1473 = CARTESIAN_POINT ( 'NONE',  ( 10.34999999999999076, -5.200000000000010836, -23.49999999999999645 ) ) ;
#1474 = CARTESIAN_POINT ( 'NONE',  ( 12.14999999999999858, -5.500000000000011546, 2.500000000000002220 ) ) ;
#1475 = LINE ( 'NONE', #2576, #1683 ) ;
#1476 = FACE_OUTER_BOUND ( 'NONE', #2292, .T. ) ;
#1477 = CARTESIAN_POINT ( 'NONE',  ( 11.93744781284211420, -5.234615503793208724, 12.29844143596418782 ) ) ;
#1478 = CARTESIAN_POINT ( 'NONE',  ( 0.000000000000000000, -5.700000000000010836, -10.49999999999999822 ) ) ;
#1479 = STYLED_ITEM ( 'NONE', ( #3523 ), #158 ) ;
#1480 = DIRECTION ( 'NONE',  ( -0.8660254037845454000, -0.4999999999998149258, 0.000000000000000000 ) ) ;
#1481 = CARTESIAN_POINT ( 'NONE',  ( -10.46547005383791529, -5.200000000000010836, -22.23024303063489526 ) ) ;
#1482 = DIRECTION ( 'NONE',  ( -0.000000000000000000, 1.000000000000000000, -0.000000000000000000 ) ) ;
#1483 = CARTESIAN_POINT ( 'NONE',  ( 10.68287244362099919, -7.805841636522013793, 15.71253339731173959 ) ) ;
#1484 = EDGE_LOOP ( 'NONE', ( #575, #4455, #1349, #1357, #4322 ) ) ;
#1485 = CARTESIAN_POINT ( 'NONE',  ( 12.24999999999999822, -5.200000000000010836, -13.04944465005348420 ) ) ;
#1486 = ORIENTED_EDGE ( 'NONE', *, *, #3163, .T. ) ;
#1487 = FACE_OUTER_BOUND ( 'NONE', #961, .T. ) ;
#1488 = CARTESIAN_POINT ( 'NONE',  ( 10.31034787501309680, -8.115514777132609936, 16.19352754239320191 ) ) ;
#1489 = EDGE_CURVE ( 'NONE', #2647, #4798, #2816, .T. ) ;
#1490 = DIRECTION ( 'NONE',  ( 0.000000000000000000, 1.000000000000000000, 0.000000000000000000 ) ) ;
#1491 = ORIENTED_EDGE ( 'NONE', *, *, #222, .F. ) ;
#1492 = CARTESIAN_POINT ( 'NONE',  ( -10.71658092537288454, -5.251986781270116644, 12.91624331428275241 ) ) ;
#1493 = DIRECTION ( 'NONE',  ( 0.000000000000000000, -0.000000000000000000, 1.000000000000000000 ) ) ;
#1494 = ADVANCED_FACE ( 'NONE', ( #3214 ), #4719, .T. ) ;
#1495 = B_SPLINE_CURVE_WITH_KNOTS ( 'NONE', 3,
 ( #1488, #1864, #4854, #4104 ),
 .UNSPECIFIED., .F., .F.,
 ( 4, 4 ),
 ( 3.698741377015320190E-06, 0.002134691413250894201 ),
 .UNSPECIFIED. ) ;
#1496 = CARTESIAN_POINT ( 'NONE',  ( -15.22674262636436460, -12.50000000000001066, 17.57586247338190333 ) ) ;
#1497 = CARTESIAN_POINT ( 'NONE',  ( -10.08221126397094025, -5.663823696497617632, -22.15241571883736071 ) ) ;
#1498 = CARTESIAN_POINT ( 'NONE',  ( -12.15000000000000036, -6.802313515223516127, 13.96021784843864921 ) ) ;
#1499 = CARTESIAN_POINT ( 'NONE',  ( -12.40000000000000036, -5.500000000000011546, -12.78963702891815402 ) ) ;
#1500 = VECTOR ( 'NONE', #1682, 1000.000000000000000 ) ;
#1501 = ORIENTED_EDGE ( 'NONE', *, *, #2121, .T. ) ;
#1502 = EDGE_CURVE ( 'NONE', #377, #2512, #998, .T. ) ;
#1503 = AXIS2_PLACEMENT_3D ( 'NONE', #1796, #1451, #1107 ) ;
#1504 = CARTESIAN_POINT ( 'NONE',  ( -12.14999999999999858, 17.00105930301486623, -23.80000000000000071 ) ) ;
#1505 = DIRECTION ( 'NONE',  ( 0.000000000000000000, 0.000000000000000000, 1.000000000000000000 ) ) ;
#1506 = ORIENTED_EDGE ( 'NONE', *, *, #3926, .F. ) ;
#1507 = ORIENTED_EDGE ( 'NONE', *, *, #4102, .F. ) ;
#1508 = CARTESIAN_POINT ( 'NONE',  ( 11.91714574554354655, -5.200000000000010836, 12.03595442721022657 ) ) ;
#1509 = ORIENTED_EDGE ( 'NONE', *, *, #712, .F. ) ;
#1510 = EDGE_LOOP ( 'NONE', ( #1173, #1934, #3249, #2457 ) ) ;
#1511 = DIRECTION ( 'NONE',  ( -0.000000000000000000, -1.000000000000000000, -0.000000000000000000 ) ) ;
#1512 = CIRCLE ( 'NONE', #3567, 0.2999999999999999334 ) ;
#1513 = AXIS2_PLACEMENT_3D ( 'NONE', #4012, #4360, #3667 ) ;
#1514 = EDGE_CURVE ( 'NONE', #3078, #2378, #2387, .T. ) ;
#1515 = CARTESIAN_POINT ( 'NONE',  ( -3.500000000000000000, -12.50000000000001066, 10.52693615844911079 ) ) ;
#1516 = CARTESIAN_POINT ( 'NONE',  ( -9.832275587743209755, -8.937075370031761778, 17.24933198976987825 ) ) ;
#1517 = EDGE_LOOP ( 'NONE', ( #2864, #987, #4219, #530 ) ) ;
#1518 = LINE ( 'NONE', #199, #4511 ) ;
#1519 = CARTESIAN_POINT ( 'NONE',  ( -10.22541996261740849, -8.669189149428140340, 15.85254417956210027 ) ) ;
#1520 = AXIS2_PLACEMENT_3D ( 'NONE', #443, #1168, #1930 ) ;
#1521 = EDGE_CURVE ( 'NONE', #1608, #3625, #986, .T. ) ;
#1522 = CIRCLE ( 'NONE', #1065, 0.2000000000000001221 ) ;
#1523 = CYLINDRICAL_SURFACE ( 'NONE', #1760, 0.2000000000000001221 ) ;
#1524 = FACE_OUTER_BOUND ( 'NONE', #2328, .T. ) ;
#1525 = EDGE_LOOP ( 'NONE', ( #4552, #1795, #2524, #2853 ) ) ;
#1526 = EDGE_CURVE ( 'NONE', #1126, #2284, #597, .T. ) ;
#1527 = CIRCLE ( 'NONE', #3977, 0.2000000000000005107 ) ;
#1528 = AXIS2_PLACEMENT_3D ( 'NONE', #4731, #2171, #1361 ) ;
#1529 = LINE ( 'NONE', #3023, #1611 ) ;
#1530 = FACE_OUTER_BOUND ( 'NONE', #601, .T. ) ;
#1531 = ORIENTED_EDGE ( 'NONE', *, *, #3332, .F. ) ;
#1532 = AXIS2_PLACEMENT_3D ( 'NONE', #1792, #2570, #1811 ) ;
#1533 = DIRECTION ( 'NONE',  ( -0.3535533905932760068, -0.7071067811865436870, -0.6123724356957978010 ) ) ;
#1534 = FACE_OUTER_BOUND ( 'NONE', #4459, .T. ) ;
#1535 = CARTESIAN_POINT ( 'NONE',  ( -10.29226497308102850, -5.300000000000011369, -23.50000000000000000 ) ) ;
#1536 = CARTESIAN_POINT ( 'NONE',  ( -12.14999999999999858, -18.33257888130140856, 2.500000000000002220 ) ) ;
#1537 = ORIENTED_EDGE ( 'NONE', *, *, #882, .F. ) ;
#1538 = ORIENTED_EDGE ( 'NONE', *, *, #3771, .F. ) ;
#1539 = PLANE ( 'NONE',  #3178 ) ;
#1540 = ORIENTED_EDGE ( 'NONE', *, *, #4148, .T. ) ;
#1541 =( BOUNDED_CURVE ( )  B_SPLINE_CURVE ( 3, ( #1675, #3172, #4188, #831 ),
 .UNSPECIFIED., .F., .F. ) 
 B_SPLINE_CURVE_WITH_KNOTS ( ( 4, 4 ),
 ( 5.235987755982985270, 6.283185307179586232 ),
 .UNSPECIFIED. ) 
 CURVE ( )  GEOMETRIC_REPRESENTATION_ITEM ( )  RATIONAL_B_SPLINE_CURVE ( ( 1.000000000000000000, 0.9106836025229585463, 0.9106836025229585463, 1.000000000000000000 ) ) 
 REPRESENTATION_ITEM ( '' )  );
#1542 = CARTESIAN_POINT ( 'NONE',  ( -12.86820230503482598, -6.950000000000011724, -22.28838019439523777 ) ) ;
#1543 = CARTESIAN_POINT ( 'NONE',  ( 10.67396142659912250, -5.400000000000011013, 12.65068362120861600 ) ) ;
#1544 = ORIENTED_EDGE ( 'NONE', *, *, #3714, .F. ) ;
#1545 = ORIENTED_EDGE ( 'NONE', *, *, #816, .T. ) ;
#1546 = CARTESIAN_POINT ( 'NONE',  ( -13.89999999999999503, -5.500000000000011546, 11.05773502691896759 ) ) ;
#1547 = CARTESIAN_POINT ( 'NONE',  ( 10.46547005383791706, -5.400000000000011013, -22.23024303063488816 ) ) ;
#1548 = DIRECTION ( 'NONE',  ( -0.01181714442709682310, -0.6770037508129257420, 0.7358846896646369373 ) ) ;
#1549 = CARTESIAN_POINT ( 'NONE',  ( 12.14999999999999858, -5.500000000000011546, -12.35662432702593172 ) ) ;
#1550 = VERTEX_POINT ( 'NONE', #228 ) ;
#1551 = EDGE_CURVE ( 'NONE', #2016, #786, #297, .T. ) ;
#1552 = DIRECTION ( 'NONE',  ( -0.4999428824215583211, -0.8659264732365766770, 0.01511480281340694433 ) ) ;
#1553 = DIRECTION ( 'NONE',  ( -0.8660254037844382635, 0.000000000000000000, -0.5000000000000006661 ) ) ;
#1554 = ORIENTED_EDGE ( 'NONE', *, *, #1748, .T. ) ;
#1555 = EDGE_CURVE ( 'NONE', #2880, #2016, #2481, .T. ) ;
#1556 = DIRECTION ( 'NONE',  ( 0.000000000000000000, 0.000000000000000000, -1.000000000000000000 ) ) ;
#1557 = EDGE_CURVE ( 'NONE', #3989, #3749, #4, .T. ) ;
#1558 = CARTESIAN_POINT ( 'NONE',  ( 13.89999999999999680, -5.999999999999996447, -22.78963702891815757 ) ) ;
#1559 = DIRECTION ( 'NONE',  ( 0.000000000000000000, 0.000000000000000000, 1.000000000000000000 ) ) ;
#1560 = FACE_OUTER_BOUND ( 'NONE', #2315, .T. ) ;
#1561 = CARTESIAN_POINT ( 'NONE',  ( 12.15680221654958792, -5.558578643762699834, 12.27457856830089966 ) ) ;
#1562 = ORIENTED_EDGE ( 'NONE', *, *, #3605, .F. ) ;
#1563 = EDGE_LOOP ( 'NONE', ( #4627, #645, #3377, #798, #2060, #4084, #3955, #917 ) ) ;
#1564 = ORIENTED_EDGE ( 'NONE', *, *, #2177, .F. ) ;
#1565 = CARTESIAN_POINT ( 'NONE',  ( -12.14999999999999858, -12.50000000000001066, -23.80000000000000071 ) ) ;
#1566 = CARTESIAN_POINT ( 'NONE',  ( -13.84999999999999787, -5.200000000000010836, -14.08867513459481202 ) ) ;
#1567 = ORIENTED_EDGE ( 'NONE', *, *, #2792, .T. ) ;
#1568 = VERTEX_POINT ( 'NONE', #4450 ) ;
#1569 = CARTESIAN_POINT ( 'NONE',  ( -12.65000000000000036, -5.200000000000010836, -12.35662432702593350 ) ) ;
#1570 = DIRECTION ( 'NONE',  ( -0.5000000000000001110, 0.000000000000000000, -0.8660254037844385966 ) ) ;
#1571 =( BOUNDED_SURFACE ( )  B_SPLINE_SURFACE ( 3, 2, ( 
 ( #30, #4154, #2550 ),
 ( #2184, #374, #3290 ),
 ( #4821, #1863, #1121 ),
 ( #2248, #4524, #2944 ) ),
 .UNSPECIFIED., .F., .F., .F. ) 
 B_SPLINE_SURFACE_WITH_KNOTS ( ( 4, 4 ),
 ( 3, 3 ),
 ( -2.493664996716660198E-18, 0.0001728551505897207581 ),
 ( 0.000000000000000000, 1.000000000000000000 ),
 .UNSPECIFIED. ) 
 GEOMETRIC_REPRESENTATION_ITEM ( )  RATIONAL_B_SPLINE_SURFACE ( (
 ( 1.000000000000000000, 0.8140815235037958120, 1.000000000000000000),
 ( 1.000000000000000000, 0.8246360015466178695, 1.000000000000000000),
 ( 1.000000000000000000, 0.8347166773776448778, 1.000000000000000000),
 ( 1.000000000000000000, 0.8443262081572264766, 1.000000000000000000) ) ) 
 REPRESENTATION_ITEM ( '' )  SURFACE ( )  );
#1572 = EDGE_CURVE ( 'NONE', #1712, #3281, #1997, .T. ) ;
#1573 = CARTESIAN_POINT ( 'NONE',  ( 3.500000000000000000, -12.50000000000001066, 14.27693615844911257 ) ) ;
#1574 =( NAMED_UNIT ( * ) SI_UNIT ( $, .STERADIAN. ) SOLID_ANGLE_UNIT ( ) );
#1575 = DIRECTION ( 'NONE',  ( 1.000000000000000000, 0.000000000000000000, 0.000000000000000000 ) ) ;
#1576 = DIRECTION ( 'NONE',  ( -0.000000000000000000, -1.000000000000000000, -0.000000000000000000 ) ) ;
#1577 = FACE_OUTER_BOUND ( 'NONE', #4544, .T. ) ;
#1578 = CARTESIAN_POINT ( 'NONE',  ( -10.57884094609547532, -8.045223483014064314, 16.01262946627107198 ) ) ;
#1579 = ORIENTED_EDGE ( 'NONE', *, *, #967, .T. ) ;
#1580 = EDGE_LOOP ( 'NONE', ( #2203, #2782, #4318, #1175 ) ) ;
#1581 = AXIS2_PLACEMENT_3D ( 'NONE', #519, #3507, #545 ) ;
#1582 = CARTESIAN_POINT ( 'NONE',  ( 13.84999999999999964, -5.200000000000010836, 3.000000000000001332 ) ) ;
#1583 = VERTEX_POINT ( 'NONE', #1013 ) ;
#1584 = ORIENTED_EDGE ( 'NONE', *, *, #3181, .T. ) ;
#1585 = CARTESIAN_POINT ( 'NONE',  ( -11.93480580525836388, -9.353553390593326355, 16.86411994630512723 ) ) ;
#1586 = EDGE_LOOP ( 'NONE', ( #3537, #4717, #1307, #3850, #3157, #2981 ) ) ;
#1587 = EDGE_CURVE ( 'NONE', #4034, #942, #1212, .T. ) ;
#1588 = ADVANCED_FACE ( 'NONE', ( #1441 ), #3666, .T. ) ;
#1589 = AXIS2_PLACEMENT_3D ( 'NONE', #3116, #139, #4625 ) ;
#1590 = CYLINDRICAL_SURFACE ( 'NONE', #1594, 3.600000000000002309 ) ;
#1591 = ORIENTED_EDGE ( 'NONE', *, *, #2624, .F. ) ;
#1592 = ORIENTED_EDGE ( 'NONE', *, *, #2549, .F. ) ;
#1593 = AXIS2_PLACEMENT_3D ( 'NONE', #4580, #4652, #857 ) ;
#1594 = AXIS2_PLACEMENT_3D ( 'NONE', #941, #894, #102 ) ;
#1595 = DIRECTION ( 'NONE',  ( 3.219601692553881183E-17, -0.6546536707079814166, 0.7559289460184508425 ) ) ;
#1596 = AXIS2_PLACEMENT_3D ( 'NONE', #959, #571, #2756 ) ;
#1597 = CARTESIAN_POINT ( 'NONE',  ( 13.84999999999999964, -5.500000000000010658, 2.855673972088735444E-15 ) ) ;
#1598 = DIRECTION ( 'NONE',  ( -0.4999999999999978351, 0.8660254037844399289, 0.000000000000000000 ) ) ;
#1599 = ORIENTED_EDGE ( 'NONE', *, *, #2428, .F. ) ;
#1600 = CARTESIAN_POINT ( 'NONE',  ( 14.51154575442476080, 1.608008684686282663, -23.80000000000000071 ) ) ;
#1601 = CIRCLE ( 'NONE', #1520, 0.3000000000000016542 ) ;
#1602 = CARTESIAN_POINT ( 'NONE',  ( -12.15000000000000036, -5.324264068711941356, -23.79999999999999716 ) ) ;
#1603 = EDGE_CURVE ( 'NONE', #550, #550, #3966, .T. ) ;
#1604 = VECTOR ( 'NONE', #595, 1000.000000000000114 ) ;
#1605 = FACE_OUTER_BOUND ( 'NONE', #2667, .T. ) ;
#1606 = DIRECTION ( 'NONE',  ( 0.000000000000000000, 0.000000000000000000, 1.000000000000000000 ) ) ;
#1607 = EDGE_CURVE ( 'NONE', #2081, #2569, #276, .T. ) ;
#1608 = VERTEX_POINT ( 'NONE', #1097 ) ;
#1609 = ADVANCED_FACE ( 'NONE', ( #2565 ), #2935, .T. ) ;
#1610 = CIRCLE ( 'NONE', #2236, 0.5000000000000004441 ) ;
#1611 = VECTOR ( 'NONE', #1876, 1000.000000000000000 ) ;
#1612 = DIRECTION ( 'NONE',  ( 0.000000000000000000, 0.000000000000000000, 1.000000000000000000 ) ) ;
#1613 = DIRECTION ( 'NONE',  ( 0.000000000000000000, 1.000000000000000000, 0.000000000000000000 ) ) ;
#1614 = ORIENTED_EDGE ( 'NONE', *, *, #2069, .F. ) ;
#1615 = EDGE_CURVE ( 'NONE', #3356, #3753, #1769, .T. ) ;
#1616 = VERTEX_POINT ( 'NONE', #4770 ) ;
#1617 = CIRCLE ( 'NONE', #4379, 0.5000000000000004441 ) ;
#1618 = CARTESIAN_POINT ( 'NONE',  ( 11.91714574554362649, -5.500000000000011546, 12.03595442721018394 ) ) ;
#1619 = VERTEX_POINT ( 'NONE', #691 ) ;
#1620 = LINE ( 'NONE', #205, #1762 ) ;
#1621 = ORIENTED_EDGE ( 'NONE', *, *, #3282, .T. ) ;
#1622 = ORIENTED_EDGE ( 'NONE', *, *, #559, .F. ) ;
#1623 = PRODUCT ( '260810_1958_21-001_B_DIY_Wallmount', '260810_1958_21-001_B_DIY_Wallmount', '', ( #1689 ) ) ;
#1624 = DIRECTION ( 'NONE',  ( 0.000000000000000000, 1.000000000000000000, 0.000000000000000000 ) ) ;
#1625 = DIRECTION ( 'NONE',  ( 0.000000000000000000, 0.000000000000000000, 1.000000000000000000 ) ) ;
#1626 = CARTESIAN_POINT ( 'NONE',  ( 11.96969696969697239, -9.707106781186602973, 17.00865962662715347 ) ) ;
#1627 = ORIENTED_EDGE ( 'NONE', *, *, #399, .F. ) ;
#1628 = CARTESIAN_POINT ( 'NONE',  ( 14.75000000000000000, -12.50000000000001066, 16.69681954598461004 ) ) ;
#1629 = CARTESIAN_POINT ( 'NONE',  ( 13.64999999999999858, -5.500000000000011546, -22.35662432702594060 ) ) ;
#1630 = CARTESIAN_POINT ( 'NONE',  ( -10.67396142659912783, -5.200000000000010836, -21.82403757902093133 ) ) ;
#1631 = CARTESIAN_POINT ( 'NONE',  ( -11.95696492528948163, -9.446377105032963684, 16.95572358367657273 ) ) ;
#1632 = EDGE_LOOP ( 'NONE', ( #1687, #2047, #3135, #4501 ) ) ;
#1633 = DIRECTION ( 'NONE',  ( 0.000000000000000000, 1.000000000000000000, 0.000000000000000000 ) ) ;
#1634 = CARTESIAN_POINT ( 'NONE',  ( -11.93480580525836565, -9.353553390593331684, 16.86411994630512368 ) ) ;
#1635 = CARTESIAN_POINT ( 'NONE',  ( 10.37630171660711653, -10.99317566450557493, 15.75069622914797840 ) ) ;
#1636 = ORIENTED_EDGE ( 'NONE', *, *, #4215, .T. ) ;
#1637 = VERTEX_POINT ( 'NONE', #1398 ) ;
#1638 = CARTESIAN_POINT ( 'NONE',  ( 10.46407078921500222, -8.115514777132604607, 16.13389341834411894 ) ) ;
#1639 = ORIENTED_EDGE ( 'NONE', *, *, #1676, .T. ) ;
#1640 = CARTESIAN_POINT ( 'NONE',  ( -9.532071607094422916, -9.573196171927685683, 17.94542202069219883 ) ) ;
#1641 = CARTESIAN_POINT ( 'NONE',  ( -9.238257925351421207, -9.625593758206607120, 16.21188987406661397 ) ) ;
#1642 = VERTEX_POINT ( 'NONE', #1032 ) ;
#1643 = EDGE_LOOP ( 'NONE', ( #144, #650, #2691, #1789 ) ) ;
#1644 = CARTESIAN_POINT ( 'NONE',  ( 7.621588577637349537, -12.50000000000001066, 20.51643326024163727 ) ) ;
#1645 = EDGE_CURVE ( 'NONE', #2506, #1287, #371, .T. ) ;
#1646 = CARTESIAN_POINT ( 'NONE',  ( 10.07254057671131164, -8.524113259334487935, 16.72339875763841377 ) ) ;
#1647 = CARTESIAN_POINT ( 'NONE',  ( 8.407722567266761260, -11.56120721363812542, 18.30329653832125913 ) ) ;
#1648 = ORIENTED_EDGE ( 'NONE', *, *, #2375, .T. ) ;
#1649 = CARTESIAN_POINT ( 'NONE',  ( -13.94289321881345067, -6.000000000000025757, 2.500000000000000888 ) ) ;
#1650 = EDGE_CURVE ( 'NONE', #4825, #4145, #1464, .T. ) ;
#1651 = EDGE_CURVE ( 'NONE', #185, #1063, #1806, .T. ) ;
#1652 = EDGE_CURVE ( 'NONE', #818, #4722, #3027, .T. ) ;
#1653 = DIRECTION ( 'NONE',  ( 0.000000000000000000, 0.000000000000000000, 1.000000000000000000 ) ) ;
#1654 = DIRECTION ( 'NONE',  ( 0.8660254037844383745, -0.000000000000000000, 0.5000000000000003331 ) ) ;
#1655 =( BOUNDED_CURVE ( )  B_SPLINE_CURVE ( 3, ( #2195, #3261, #2152, #2887 ),
 .UNSPECIFIED., .F., .T. ) 
 B_SPLINE_CURVE_WITH_KNOTS ( ( 4, 4 ),
 ( 1.570796326794896558, 3.141592653589793116 ),
 .UNSPECIFIED. ) 
 CURVE ( )  GEOMETRIC_REPRESENTATION_ITEM ( )  RATIONAL_B_SPLINE_CURVE ( ( 1.000000000000000000, 0.8047378541243649375, 0.8047378541243649375, 1.000000000000000000 ) ) 
 REPRESENTATION_ITEM ( '' )  );
#1656 = CARTESIAN_POINT ( 'NONE',  ( -9.295793047536889731, -9.525940003358508434, 17.75562781299121440 ) ) ;
#1657 = LINE ( 'NONE', #3591, #608 ) ;
#1658 = CARTESIAN_POINT ( 'NONE',  ( 13.84999999999999964, -5.200000000000010836, 2.855673972088735444E-15 ) ) ;
#1659 = ORIENTED_EDGE ( 'NONE', *, *, #706, .F. ) ;
#1660 = VERTEX_POINT ( 'NONE', #4793 ) ;
#1661 = VERTEX_POINT ( 'NONE', #302 ) ;
#1662 = DIRECTION ( 'NONE',  ( -0.8660254037844398178, 0.000000000000000000, -0.4999999999999979461 ) ) ;
#1663 = EDGE_LOOP ( 'NONE', ( #4633, #2958, #2114, #1816 ) ) ;
#1664 = ORIENTED_EDGE ( 'NONE', *, *, #1019, .T. ) ;
#1665 = LINE ( 'NONE', #4364, #686 ) ;
#1666 = TOROIDAL_SURFACE ( 'NONE', #4498, 0.2000000000000000389, 0.2999999999999999889 ) ;
#1667 = EDGE_CURVE ( 'NONE', #2673, #4335, #350, .T. ) ;
#1668 = CARTESIAN_POINT ( 'NONE',  ( 10.25939288115332992, -8.256936133369920938, 16.06160488095585492 ) ) ;
#1669 = FACE_OUTER_BOUND ( 'NONE', #1372, .T. ) ;
#1670 = CARTESIAN_POINT ( 'NONE',  ( 10.42952924663998537, -7.943772511471866693, 15.58157060627144119 ) ) ;
#1671 = DIRECTION ( 'NONE',  ( 4.599880250050122907E-16, -0.7071067811865475727, -0.7071067811865475727 ) ) ;
#1672 = VECTOR ( 'NONE', #3676, 1000.000000000000000 ) ;
#1673 = ORIENTED_EDGE ( 'NONE', *, *, #3048, .F. ) ;
#1674 = AXIS2_PLACEMENT_3D ( 'NONE', #1264, #1341, #2788 ) ;
#1675 = CARTESIAN_POINT ( 'NONE',  ( -14.14999999999999858, -6.249999999999997335, -22.35662432702594060 ) ) ;
#1676 = EDGE_CURVE ( 'NONE', #2693, #254, #4112, .T. ) ;
#1677 = B_SPLINE_CURVE_WITH_KNOTS ( 'NONE', 3,
 ( #1670, #3222, #264, #1753 ),
 .UNSPECIFIED., .F., .F.,
 ( 4, 4 ),
 ( 0.000000000000000000, 0.003650093677381184652 ),
 .UNSPECIFIED. ) ;
#1678 = AXIS2_PLACEMENT_3D ( 'NONE', #2305, #1156, #4162 ) ;
#1679 = CARTESIAN_POINT ( 'NONE',  ( -10.23272644311155233, -8.253445652082598727, 15.85749211946089332 ) ) ;
#1680 = ADVANCED_FACE ( 'NONE', ( #713 ), #3306, .F. ) ;
#1681 = CARTESIAN_POINT ( 'NONE',  ( 12.06961524227066640, -5.200000000000010836, -23.50000000000000000 ) ) ;
#1682 = DIRECTION ( 'NONE',  ( 0.000000000000000000, 0.000000000000000000, -1.000000000000000000 ) ) ;
#1683 = VECTOR ( 'NONE', #3675, 1000.000000000000000 ) ;
#1684 = DIRECTION ( 'NONE',  ( -1.961181171427461100E-16, 0.000000000000000000, 1.000000000000000000 ) ) ;
#1685 = SPHERICAL_SURFACE ( 'NONE', #4430, 0.2000000000000000111 ) ;
#1686 = ORIENTED_EDGE ( 'NONE', *, *, #369, .T. ) ;
#1687 = ORIENTED_EDGE ( 'NONE', *, *, #1938, .F. ) ;
#1688 = AXIS2_PLACEMENT_3D ( 'NONE', #1543, #329, #4135 ) ;
#1689 = PRODUCT_CONTEXT ( 'NONE', #4783, 'mechanical' ) ;
#1690 = ORIENTED_EDGE ( 'NONE', *, *, #3678, .T. ) ;
#1691 = VECTOR ( 'NONE', #4468, 1000.000000000000000 ) ;
#1692 = AXIS2_PLACEMENT_3D ( 'NONE', #4639, #1911, #3411 ) ;
#1693 = AXIS2_PLACEMENT_3D ( 'NONE', #3651, #285, #4777 ) ;
#1694 = DIRECTION ( 'NONE',  ( 0.000000000000000000, 0.7813101949131537882, 0.6241429157851343668 ) ) ;
#1695 = CARTESIAN_POINT ( 'NONE',  ( -8.396205083280037229, -11.08407206333354900, 16.46122112487965339 ) ) ;
#1696 = EDGE_LOOP ( 'NONE', ( #4174, #3484, #1314, #2251, #3138, #3317, #1545, #2809 ) ) ;
#1697 = ORIENTED_EDGE ( 'NONE', *, *, #3572, .T. ) ;
#1698 = EDGE_CURVE ( 'NONE', #599, #1873, #1945, .T. ) ;
#1699 = CARTESIAN_POINT ( 'NONE',  ( -13.64999999999999680, -5.500000000000011546, -14.08867513459481202 ) ) ;
#1700 = CYLINDRICAL_SURFACE ( 'NONE', #3314, 3.750000000000000000 ) ;
#1701 = CARTESIAN_POINT ( 'NONE',  ( -10.26366900276476279, -12.50000000000001066, 15.74604112382824894 ) ) ;
#1702 = VERTEX_POINT ( 'NONE', #2317 ) ;
#1703 = ORIENTED_EDGE ( 'NONE', *, *, #1368, .F. ) ;
#1704 = CARTESIAN_POINT ( 'NONE',  ( 14.14999999999999858, -6.249999999999997335, -22.35662432702594060 ) ) ;
#1705 = CYLINDRICAL_SURFACE ( 'NONE', #1136, 1.000000000000000888 ) ;
#1706 = DIRECTION ( 'NONE',  ( 0.000000000000000000, 1.000000000000000000, 0.000000000000000000 ) ) ;
#1707 = ORIENTED_EDGE ( 'NONE', *, *, #3353, .F. ) ;
#1708 = DIRECTION ( 'NONE',  ( 0.000000000000000000, 1.000000000000000000, 0.000000000000000000 ) ) ;
#1709 = EDGE_CURVE ( 'NONE', #2419, #3987, #4167, .T. ) ;
#1710 = DIRECTION ( 'NONE',  ( -1.000000000000000000, 0.000000000000000000, 0.000000000000000000 ) ) ;
#1711 = DIRECTION ( 'NONE',  ( 2.061858463601975203E-16, 0.000000000000000000, -1.000000000000000000 ) ) ;
#1712 = VERTEX_POINT ( 'NONE', #3799 ) ;
#1713 = ADVANCED_FACE ( 'NONE', ( #1222 ), #2644, .T. ) ;
#1714 = DIRECTION ( 'NONE',  ( 0.000000000000000000, 0.000000000000000000, 1.000000000000000000 ) ) ;
#1715 = ORIENTED_EDGE ( 'NONE', *, *, #3225, .T. ) ;
#1716 = EDGE_CURVE ( 'NONE', #2367, #3342, #3824, .T. ) ;
#1717 = CARTESIAN_POINT ( 'NONE',  ( -11.85000000000000142, 17.00105930301486623, 16.73357303036087984 ) ) ;
#1718 = CARTESIAN_POINT ( 'NONE',  ( 9.248931386508596475, -9.607106781186585565, 17.77124589387997844 ) ) ;
#1719 = VERTEX_POINT ( 'NONE', #3751 ) ;
#1720 = CARTESIAN_POINT ( 'NONE',  ( 6.135343034915744731, -12.50000000000001066, -22.19828495911596278 ) ) ;
#1721 = ORIENTED_EDGE ( 'NONE', *, *, #3469, .T. ) ;
#1722 = DIRECTION ( 'NONE',  ( 0.000000000000000000, -0.6757026583943221976, 0.7371742788776926014 ) ) ;
#1723 = CYLINDRICAL_SURFACE ( 'NONE', #2447, 0.2999999999999994338 ) ;
#1724 = CARTESIAN_POINT ( 'NONE',  ( 11.95652544579692567, -9.444536176174549880, 16.95390685557929089 ) ) ;
#1725 = ORIENTED_EDGE ( 'NONE', *, *, #3389, .F. ) ;
#1726 = DIRECTION ( 'NONE',  ( 1.961181171427461100E-16, -0.000000000000000000, 1.000000000000000000 ) ) ;
#1727 = PLANE ( 'NONE',  #4583 ) ;
#1728 = CARTESIAN_POINT ( 'NONE',  ( -10.47781095381669481, -5.177715359845242560, 12.78848267537065375 ) ) ;
#1729 = EDGE_CURVE ( 'NONE', #850, #326, #4190, .T. ) ;
#1730 = CARTESIAN_POINT ( 'NONE',  ( -10.41765408769903445, -8.079716561877974712, 15.67387120419708957 ) ) ;
#1731 = CARTESIAN_POINT ( 'NONE',  ( 14.14999999999999680, -12.16628944065071671, 8.666289440650691844 ) ) ;
#1732 = CARTESIAN_POINT ( 'NONE',  ( -10.25939288115325354, -8.256936133370048836, 16.06160488095587979 ) ) ;
#1733 = ORIENTED_EDGE ( 'NONE', *, *, #3695, .T. ) ;
#1734 = CARTESIAN_POINT ( 'NONE',  ( -10.45924761853282803, -5.232332722285619298, -23.65659679099753276 ) ) ;
#1735 = DIRECTION ( 'NONE',  ( -0.8660254037844382635, -0.000000000000000000, 0.5000000000000006661 ) ) ;
#1736 = ORIENTED_EDGE ( 'NONE', *, *, #1423, .F. ) ;
#1737 = ORIENTED_EDGE ( 'NONE', *, *, #605, .F. ) ;
#1738 = CARTESIAN_POINT ( 'NONE',  ( 9.338744067007963778, -9.451546655397770280, 17.97468609582464083 ) ) ;
#1739 = ORIENTED_EDGE ( 'NONE', *, *, #2942, .F. ) ;
#1740 = CARTESIAN_POINT ( 'NONE',  ( -14.14999999999999858, -6.950000000000011724, 2.500000000000000888 ) ) ;
#1741 = VECTOR ( 'NONE', #2138, 1000.000000000000000 ) ;
#1742 = DIRECTION ( 'NONE',  ( 0.000000000000000000, 1.000000000000000000, 0.000000000000000000 ) ) ;
#1743 = EDGE_LOOP ( 'NONE', ( #1899, #2199, #3185, #2720 ) ) ;
#1744 = DIRECTION ( 'NONE',  ( 0.8660254037844374864, -0.000000000000000000, 0.5000000000000023315 ) ) ;
#1745 = EDGE_LOOP ( 'NONE', ( #393, #2764, #4842, #3108 ) ) ;
#1746 = EDGE_CURVE ( 'NONE', #1775, #1719, #4494, .T. ) ;
#1747 = UNCERTAINTY_MEASURE_WITH_UNIT (LENGTH_MEASURE( 1.000000000000000082E-05 ), #2083, 'distance_accuracy_value', 'NONE');
#1748 = EDGE_CURVE ( 'NONE', #1873, #3033, #794, .T. ) ;
#1749 = CARTESIAN_POINT ( 'NONE',  ( 0.000000000000000000, -9.353553390593331684, -10.49999999999999822 ) ) ;
#1750 = DIRECTION ( 'NONE',  ( -0.8660254037844405950, 0.4999999999999966693, 0.000000000000000000 ) ) ;
#1751 = DIRECTION ( 'NONE',  ( 0.000000000000000000, 0.000000000000000000, 1.000000000000000000 ) ) ;
#1752 = ORIENTED_EDGE ( 'NONE', *, *, #1825, .T. ) ;
#1753 = CARTESIAN_POINT ( 'NONE',  ( 10.47245814652242046, -5.484377484356588894, 12.88477304920238531 ) ) ;
#1754 = ORIENTED_EDGE ( 'NONE', *, *, #2820, .F. ) ;
#1755 = PLANE ( 'NONE',  #3650 ) ;
#1756 = VECTOR ( 'NONE', #1261, 1000.000000000000114 ) ;
#1757 = CARTESIAN_POINT ( 'NONE',  ( 10.52320508075688821, -5.299999999999995381, -23.60000000000000142 ) ) ;
#1758 = CIRCLE ( 'NONE', #2924, 0.2000000000000001221 ) ;
#1759 = FACE_OUTER_BOUND ( 'NONE', #1563, .T. ) ;
#1760 = AXIS2_PLACEMENT_3D ( 'NONE', #3016, #2654, #1091 ) ;
#1761 = EDGE_CURVE ( 'NONE', #3989, #54, #4306, .T. ) ;
#1762 = VECTOR ( 'NONE', #4328, 1000.000000000000114 ) ;
#1763 = ADVANCED_FACE ( 'NONE', ( #1534 ), #2713, .T. ) ;
#1764 = CARTESIAN_POINT ( 'NONE',  ( -10.26466701264095072, -5.347801069667499796, -23.58922242590479001 ) ) ;
#1765 = CARTESIAN_POINT ( 'NONE',  ( 11.96969696969697061, -9.707106781186604749, 17.00865962662715347 ) ) ;
#1766 = VECTOR ( 'NONE', #4029, 1000.000000000000000 ) ;
#1767 =( BOUNDED_SURFACE ( )  B_SPLINE_SURFACE ( 3, 2, ( 
 ( #4059, #4475, #3733 ),
 ( #1422, #4497, #1448 ),
 ( #3703, #1840, #2914 ),
 ( #4799, #696, #4427 ) ),
 .UNSPECIFIED., .F., .F., .F. ) 
 B_SPLINE_SURFACE_WITH_KNOTS ( ( 4, 4 ),
 ( 3, 3 ),
 ( 8.673617379884035472E-18, 0.003650093677381166437 ),
 ( 0.000000000000000000, 1.000000000000000000 ),
 .UNSPECIFIED. ) 
 GEOMETRIC_REPRESENTATION_ITEM ( )  RATIONAL_B_SPLINE_SURFACE ( (
 ( 1.000000000000000000, 0.6105379064907812126, 1.000000000000000000),
 ( 1.000000000000000000, 0.6071940758484386524, 1.000000000000000000),
 ( 1.000000000000000000, 0.6035470007586539731, 1.000000000000000000),
 ( 1.000000000000000000, 0.5995010062373580251, 1.000000000000000000) ) ) 
 REPRESENTATION_ITEM ( '' )  SURFACE ( )  );
#1768 = AXIS2_PLACEMENT_3D ( 'NONE', #2169, #723, #4064 ) ;
#1769 = LINE ( 'NONE', #2588, #4365 ) ;
#1770 = CARTESIAN_POINT ( 'NONE',  ( -12.16082367638088613, -5.533841161130999886, 12.25238187645889276 ) ) ;
#1771 = ORIENTED_EDGE ( 'NONE', *, *, #2384, .F. ) ;
#1772 = ADVANCED_FACE ( 'NONE', ( #1903 ), #2930, .T. ) ;
#1773 = FACE_OUTER_BOUND ( 'NONE', #2641, .T. ) ;
#1774 = CYLINDRICAL_SURFACE ( 'NONE', #4733, 0.3000000000000016542 ) ;
#1775 = VERTEX_POINT ( 'NONE', #4540 ) ;
#1776 = AXIS2_PLACEMENT_3D ( 'NONE', #2217, #805, #4120 ) ;
#1777 = CARTESIAN_POINT ( 'NONE',  ( 7.249999999999999112, -14.50000000000001066, 14.27693615844911257 ) ) ;
#1778 = VECTOR ( 'NONE', #359, 1000.000000000000000 ) ;
#1779 = CARTESIAN_POINT ( 'NONE',  ( 3.683610344049517127E-15, -14.50000000000001066, -25.80000000000000426 ) ) ;
#1780 = VERTEX_POINT ( 'NONE', #809 ) ;
#1781 = ADVANCED_FACE ( 'NONE', ( #1929 ), #3075, .T. ) ;
#1782 = CARTESIAN_POINT ( 'NONE',  ( -10.46547005383791529, -5.400000000000011902, -22.23024303063489171 ) ) ;
#1783 = FACE_OUTER_BOUND ( 'NONE', #3162, .T. ) ;
#1784 = B_SPLINE_CURVE_WITH_KNOTS ( 'NONE', 3,
 ( #3278, #664, #1028, #3680, #2075, #218, #2535, #1801, #4003, #641 ),
 .UNSPECIFIED., .F., .F.,
 ( 4, 3, 3, 4 ),
 ( 0.000000000000000000, 0.0004000000391553308523, 0.002000005570894935504, 0.003651882043721354186 ),
 .UNSPECIFIED. ) ;
#1785 = CYLINDRICAL_SURFACE ( 'NONE', #3661, 3.750000000000000000 ) ;
#1786 = CARTESIAN_POINT ( 'NONE',  ( 12.15000000000000036, -12.50000000000001066, -25.80000000000000426 ) ) ;
#1787 = DIRECTION ( 'NONE',  ( -0.000000000000000000, 0.000000000000000000, 1.000000000000000000 ) ) ;
#1788 = DIRECTION ( 'NONE',  ( -0.9328340849462819495, -0.000000000000000000, -0.3603062169355853994 ) ) ;
#1789 = ORIENTED_EDGE ( 'NONE', *, *, #2133, .F. ) ;
#1790 = CARTESIAN_POINT ( 'NONE',  ( -10.46547005383791529, -5.400000000000011013, 0.000000000000000000 ) ) ;
#1791 = EDGE_LOOP ( 'NONE', ( #740, #3760, #1721 ) ) ;
#1792 = CARTESIAN_POINT ( 'NONE',  ( -12.65000000000000213, -18.33257888130140856, 12.35677313259561849 ) ) ;
#1793 = DIRECTION ( 'NONE',  ( -0.5000000000000004441, 0.000000000000000000, -0.8660254037844384856 ) ) ;
#1794 = CARTESIAN_POINT ( 'NONE',  ( -9.270701380827704341, -9.569400044945403749, 18.03253052484661367 ) ) ;
#1795 = ORIENTED_EDGE ( 'NONE', *, *, #4486, .T. ) ;
#1796 = CARTESIAN_POINT ( 'NONE',  ( 12.24999999999999645, -5.500000000000010658, -13.04944465005348597 ) ) ;
#1797 = DIRECTION ( 'NONE',  ( 0.000000000000000000, 1.000000000000000000, 0.000000000000000000 ) ) ;
#1798 = DIRECTION ( 'NONE',  ( 0.5000000000000022204, 0.000000000000000000, -0.8660254037844372643 ) ) ;
#1799 = CARTESIAN_POINT ( 'NONE',  ( -12.65000000000000213, -5.500000000000011546, 12.35677313259561849 ) ) ;
#1800 = LINE ( 'NONE', #3976, #2993 ) ;
#1801 = CARTESIAN_POINT ( 'NONE',  ( -10.71653023833285978, -6.085112933267624591, 13.83007547753070199 ) ) ;
#1802 = ADVANCED_FACE ( 'NONE', ( #4563 ), #4198, .F. ) ;
#1803 = EDGE_CURVE ( 'NONE', #4520, #495, #1912, .T. ) ;
#1804 = CARTESIAN_POINT ( 'NONE',  ( -10.23452994616206624, -5.400000000000011902, -23.79999999999999716 ) ) ;
#1805 = CARTESIAN_POINT ( 'NONE',  ( 13.74999999999999645, -5.200000000000010836, -22.52982940778282739 ) ) ;
#1806 = LINE ( 'NONE', #3283, #1766 ) ;
#1807 = ADVANCED_FACE ( 'NONE', ( #1979 ), #1727, .T. ) ;
#1808 = CARTESIAN_POINT ( 'NONE',  ( 0.000000000000000000, -12.50000000000001066, -10.49999999999999822 ) ) ;
#1809 = CARTESIAN_POINT ( 'NONE',  ( 12.14999999999999858, 18.65052965150742281, -22.15052965150744413 ) ) ;
#1810 = ORIENTED_EDGE ( 'NONE', *, *, #792, .F. ) ;
#1811 = DIRECTION ( 'NONE',  ( 0.000000000000000000, 0.000000000000000000, 1.000000000000000000 ) ) ;
#1812 = AXIS2_PLACEMENT_3D ( 'NONE', #444, #1653, #842 ) ;
#1813 = EDGE_CURVE ( 'NONE', #4472, #4453, #1512, .T. ) ;
#1814 =( BOUNDED_CURVE ( )  B_SPLINE_CURVE ( 3, ( #4169, #3433, #2025, #4566 ),
 .UNSPECIFIED., .F., .F. ) 
 B_SPLINE_CURVE_WITH_KNOTS ( ( 4, 4 ),
 ( 2.356346783439929204, 3.304627448184076055 ),
 .UNSPECIFIED. ) 
 CURVE ( )  GEOMETRIC_REPRESENTATION_ITEM ( )  RATIONAL_B_SPLINE_CURVE ( ( 1.000000000000000000, 0.9264570346843374882, 0.9264570346843374882, 1.000000000000000000 ) ) 
 REPRESENTATION_ITEM ( '' )  );
#1815 = CARTESIAN_POINT ( 'NONE',  ( -10.07246903036495844, -8.524236189688066290, 16.72355817392624999 ) ) ;
#1816 = ORIENTED_EDGE ( 'NONE', *, *, #3489, .F. ) ;
#1817 = CARTESIAN_POINT ( 'NONE',  ( 10.26466701264095605, -5.347801069667491802, -23.58922242590479357 ) ) ;
#1818 = CARTESIAN_POINT ( 'NONE',  ( -10.73114418875766418, -5.346446609406741324, 13.01342907219199141 ) ) ;
#1819 = DIRECTION ( 'NONE',  ( 0.000000000000000000, -1.000000000000000000, 0.000000000000000000 ) ) ;
#1820 = LINE ( 'NONE', #1128, #1458 ) ;
#1821 = EDGE_CURVE ( 'NONE', #2825, #850, #1388, .T. ) ;
#1822 = AXIS2_PLACEMENT_3D ( 'NONE', #2051, #2812, #3616 ) ;
#1823 = DIRECTION ( 'NONE',  ( -0.4744255667104031460, 0.8217291859520762243, 0.3157238138089225599 ) ) ;
#1824 = AXIS2_PLACEMENT_3D ( 'NONE', #1978, #2260, #1165 ) ;
#1825 = EDGE_CURVE ( 'NONE', #3309, #2230, #473, .T. ) ;
#1826 = CYLINDRICAL_SURFACE ( 'NONE', #2632, 3.600000000000002309 ) ;
#1827 = VECTOR ( 'NONE', #3600, 1000.000000000000000 ) ;
#1828 = EDGE_CURVE ( 'NONE', #1619, #3119, #379, .T. ) ;
#1829 = AXIS2_PLACEMENT_3D ( 'NONE', #1782, #1823, #2903 ) ;
#1830 = CIRCLE ( 'NONE', #1913, 0.5000000000000004441 ) ;
#1831 = CARTESIAN_POINT ( 'NONE',  ( 13.64999999999999858, -5.500000000000011546, 2.500000000000001332 ) ) ;
#1832 = CARTESIAN_POINT ( 'NONE',  ( 10.67396142659912428, -5.200000000000010836, -21.82403757902092778 ) ) ;
#1833 = AXIS2_PLACEMENT_3D ( 'NONE', #1628, #4217, #3144 ) ;
#1834 = ORIENTED_EDGE ( 'NONE', *, *, #2905, .F. ) ;
#1835 = CARTESIAN_POINT ( 'NONE',  ( 0.000000000000000000, -12.50000000000001066, -2.249639673992766706E-32 ) ) ;
#1836 = DIRECTION ( 'NONE',  ( -4.259132699590121732E-17, 0.000000000000000000, -1.000000000000000000 ) ) ;
#1837 = AXIS2_PLACEMENT_3D ( 'NONE', #2129, #1787, #3684 ) ;
#1838 = EDGE_LOOP ( 'NONE', ( #4757, #2247, #3408, #3056, #1861 ) ) ;
#1839 = ORIENTED_EDGE ( 'NONE', *, *, #2685, .T. ) ;
#1840 = CARTESIAN_POINT ( 'NONE',  ( -10.46173032406333192, -6.098974021361405207, 13.95940975392475991 ) ) ;
#1841 = CARTESIAN_POINT ( 'NONE',  ( -10.73114418875766418, -5.346446609406741324, 13.01342907219199141 ) ) ;
#1842 = CARTESIAN_POINT ( 'NONE',  ( -10.55208791265468804, -8.074533021344505457, 16.05492127541534231 ) ) ;
#1843 = DIRECTION ( 'NONE',  ( -0.01745240643728354635, -0.9998476951563911586, 0.000000000000000000 ) ) ;
#1844 = CARTESIAN_POINT ( 'NONE',  ( 10.34999999874070120, -5.200000002180863667, -23.56106876610947509 ) ) ;
#1845 = CIRCLE ( 'NONE', #2077, 29.99999999999999289 ) ;
#1846 = CARTESIAN_POINT ( 'NONE',  ( -11.91714574554355011, -5.200000000000010836, 12.03595442721022302 ) ) ;
#1847 = DIRECTION ( 'NONE',  ( 0.000000000000000000, -1.000000000000000000, 0.000000000000000000 ) ) ;
#1848 = CIRCLE ( 'NONE', #3586, 0.3000000000000003220 ) ;
#1849 = EDGE_CURVE ( 'NONE', #3687, #4744, #1800, .T. ) ;
#1850 = PLANE ( 'NONE',  #1593 ) ;
#1851 = AXIS2_PLACEMENT_3D ( 'NONE', #4391, #2799, #2895 ) ;
#1852 = CARTESIAN_POINT ( 'NONE',  ( 10.18719703643215801, -5.481983004523219627, -22.15626221518016337 ) ) ;
#1853 = EDGE_LOOP ( 'NONE', ( #2596, #2737, #2878, #3155 ) ) ;
#1854 = CARTESIAN_POINT ( 'NONE',  ( 13.64999999999999858, -5.200000000000010836, -22.35662432702594060 ) ) ;
#1855 = CARTESIAN_POINT ( 'NONE',  ( -12.06961524227066818, -5.200000000000010836, -23.50000000000000000 ) ) ;
#1856 = EDGE_CURVE ( 'NONE', #2736, #1326, #2372, .T. ) ;
#1857 = CARTESIAN_POINT ( 'NONE',  ( -6.109663765195902485, -12.54447779985604683, -22.19750859623161077 ) ) ;
#1858 = CARTESIAN_POINT ( 'NONE',  ( 10.21275570921533138, -7.796141501438654586, 15.88919128187355057 ) ) ;
#1859 = EDGE_LOOP ( 'NONE', ( #2964, #2813, #2342, #312 ) ) ;
#1860 = ADVANCED_FACE ( 'NONE', ( #4782 ), #3659, .T. ) ;
#1861 = ORIENTED_EDGE ( 'NONE', *, *, #1463, .F. ) ;
#1862 = EDGE_CURVE ( 'NONE', #1146, #3485, #978, .T. ) ;
#1863 = CARTESIAN_POINT ( 'NONE',  ( -12.13796504865984005, -5.442820046205966378, 12.42884641438352133 ) ) ;
#1864 = CARTESIAN_POINT ( 'NONE',  ( 10.07246919012276543, -8.524235915193560942, 16.72355781796130714 ) ) ;
#1865 = CARTESIAN_POINT ( 'NONE',  ( -10.35627968409102984, -8.115514777132741386, 16.17574098436971752 ) ) ;
#1866 = CARTESIAN_POINT ( 'NONE',  ( 10.34999999999999787, -12.49999999999999645, -22.00000000000000355 ) ) ;
#1867 = ORIENTED_EDGE ( 'NONE', *, *, #2467, .F. ) ;
#1868 = CARTESIAN_POINT ( 'NONE',  ( -11.91714574554355011, -5.200000000000010836, 12.03595442721022302 ) ) ;
#1869 = FACE_OUTER_BOUND ( 'NONE', #763, .T. ) ;
#1870 = CARTESIAN_POINT ( 'NONE',  ( 12.65000000000000036, -5.500000000000011546, -12.35662432702593172 ) ) ;
#1871 = CARTESIAN_POINT ( 'NONE',  ( 12.16084873337009675, -5.247014576660165019, 12.22734358222757045 ) ) ;
#1872 = CARTESIAN_POINT ( 'NONE',  ( -10.20532488158329620, -5.450584655688771818, -22.28810048850535352 ) ) ;
#1873 = VERTEX_POINT ( 'NONE', #1045 ) ;
#1874 = EDGE_CURVE ( 'NONE', #4077, #3, #241, .T. ) ;
#1875 = TOROIDAL_SURFACE ( 'NONE', #4243, 25.49289321881341053, 0.5000000000000000000 ) ;
#1876 = DIRECTION ( 'NONE',  ( -1.961181171427461100E-16, -0.000000000000000000, 1.000000000000000000 ) ) ;
#1877 = CARTESIAN_POINT ( 'NONE',  ( -10.40970647179240594, -8.115514736582586153, 16.15499914568018625 ) ) ;
#1878 = ORIENTED_EDGE ( 'NONE', *, *, #3348, .F. ) ;
#1879 = ORIENTED_EDGE ( 'NONE', *, *, #3282, .F. ) ;
#1880 = CARTESIAN_POINT ( 'NONE',  ( 10.34999999999999787, -12.49999999999999645, -22.00000000000000355 ) ) ;
#1881 = LINE ( 'NONE', #3800, #283 ) ;
#1882 = ORIENTED_EDGE ( 'NONE', *, *, #3332, .T. ) ;
#1883 = ADVANCED_FACE ( 'NONE', ( #2883 ), #2173, .T. ) ;
#1884 = CARTESIAN_POINT ( 'NONE',  ( 12.65000000000000036, -5.500000000000011546, -12.35662432702593172 ) ) ;
#1885 = ORIENTED_EDGE ( 'NONE', *, *, #2280, .F. ) ;
#1886 = ORIENTED_EDGE ( 'NONE', *, *, #3934, .F. ) ;
#1887 = DIRECTION ( 'NONE',  ( -0.000000000000000000, -1.000000000000000000, -0.000000000000000000 ) ) ;
#1888 = CARTESIAN_POINT ( 'NONE',  ( 9.248931386508584040, -9.607106781186605104, 17.77124589387998554 ) ) ;
#1889 = CARTESIAN_POINT ( 'NONE',  ( 10.21464459558242233, -12.49999999999999289, 15.78506630337857963 ) ) ;
#1890 = ORIENTED_EDGE ( 'NONE', *, *, #67, .F. ) ;
#1891 = EDGE_CURVE ( 'NONE', #4488, #2400, #1413, .T. ) ;
#1892 = CARTESIAN_POINT ( 'NONE',  ( 10.40773502691895480, -5.500000000000010658, -23.80000000000000071 ) ) ;
#1893 = CARTESIAN_POINT ( 'NONE',  ( -10.21080688654564561, -9.500676091388177369, 15.84264403966671075 ) ) ;
#1894 = DIRECTION ( 'NONE',  ( 0.3535533905932760068, -0.7071067811865436870, -0.6123724356957978010 ) ) ;
#1895 = CARTESIAN_POINT ( 'NONE',  ( -9.991746918085107509, -5.820512539844727939, -22.31487584642018618 ) ) ;
#1896 = DIRECTION ( 'NONE',  ( -1.000000000000000000, 0.000000000000000000, 0.000000000000000000 ) ) ;
#1897 = CARTESIAN_POINT ( 'NONE',  ( 0.000000000000000000, -12.50000000000001066, -10.49999999999999822 ) ) ;
#1898 = CIRCLE ( 'NONE', #2679, 0.2000000000000005107 ) ;
#1899 = ORIENTED_EDGE ( 'NONE', *, *, #2017, .T. ) ;
#1900 = CARTESIAN_POINT ( 'NONE',  ( 15.75000000000000000, -12.50000000000001066, 16.69681954598461004 ) ) ;
#1901 = ORIENTED_EDGE ( 'NONE', *, *, #3315, .F. ) ;
#1902 = VECTOR ( 'NONE', #3318, 1000.000000000000000 ) ;
#1903 = FACE_OUTER_BOUND ( 'NONE', #3210, .T. ) ;
#1904 = CYLINDRICAL_SURFACE ( 'NONE', #4045, 1.000000000000000888 ) ;
#1905 = ORIENTED_EDGE ( 'NONE', *, *, #860, .T. ) ;
#1906 = ORIENTED_EDGE ( 'NONE', *, *, #956, .F. ) ;
#1907 = CARTESIAN_POINT ( 'NONE',  ( -10.47399188756785016, -5.396509518712553799, 12.74029331667455445 ) ) ;
#1908 = EDGE_LOOP ( 'NONE', ( #2848, #3632, #97, #1983, #1268, #781 ) ) ;
#1909 = VERTEX_POINT ( 'NONE', #663 ) ;
#1910 = ORIENTED_EDGE ( 'NONE', *, *, #1698, .T. ) ;
#1911 = DIRECTION ( 'NONE',  ( -0.8660254037844398178, 0.000000000000000000, 0.4999999999999979461 ) ) ;
#1912 = CIRCLE ( 'NONE', #1281, 3.600000000000002309 ) ;
#1913 = AXIS2_PLACEMENT_3D ( 'NONE', #4105, #3340, #2625 ) ;
#1914 = FACE_OUTER_BOUND ( 'NONE', #29, .T. ) ;
#1915 = DIRECTION ( 'NONE',  ( 1.000000000000000000, 0.000000000000000000, -2.061858463601979147E-16 ) ) ;
#1916 = ORIENTED_EDGE ( 'NONE', *, *, #4525, .F. ) ;
#1917 = ORIENTED_EDGE ( 'NONE', *, *, #3022, .T. ) ;
#1918 = CARTESIAN_POINT ( 'NONE',  ( 12.15000000000000036, -5.500000000000010658, 2.500000000000002220 ) ) ;
#1919 = CARTESIAN_POINT ( 'NONE',  ( -10.21811344379195496, -9.084932629211820654, 15.84759482045143564 ) ) ;
#1920 = CARTESIAN_POINT ( 'NONE',  ( 12.13727472846355226, -5.409794818273343964, 12.39175071858877430 ) ) ;
#1921 = ADVANCED_FACE ( 'NONE', ( #1430 ), #3250, .F. ) ;
#1922 = CARTESIAN_POINT ( 'NONE',  ( -10.23049603023488530, -5.730862297103455738, -22.11815573811210456 ) ) ;
#1923 = ORIENTED_EDGE ( 'NONE', *, *, #712, .T. ) ;
#1924 = AXIS2_PLACEMENT_3D ( 'NONE', #3656, #292, #3944 ) ;
#1925 = AXIS2_PLACEMENT_3D ( 'NONE', #1327, #2093, #2821 ) ;
#1926 = DIRECTION ( 'NONE',  ( -0.000000000000000000, -1.000000000000000000, -0.000000000000000000 ) ) ;
#1927 = CARTESIAN_POINT ( 'NONE',  ( -10.63175406741612861, -7.986993225563390197, 15.92870034198860729 ) ) ;
#1928 = ORIENTED_EDGE ( 'NONE', *, *, #3272, .F. ) ;
#1929 = FACE_OUTER_BOUND ( 'NONE', #3708, .T. ) ;
#1930 = DIRECTION ( 'NONE',  ( 1.734723475976797628E-14, 0.000000000000000000, 1.000000000000000000 ) ) ;
#1931 = CARTESIAN_POINT ( 'NONE',  ( -14.14999999999999680, -5.500000000000011546, 10.91339745962156194 ) ) ;
#1932 = ORIENTED_EDGE ( 'NONE', *, *, #3488, .F. ) ;
#1933 = CARTESIAN_POINT ( 'NONE',  ( 11.91714574554354655, -5.200000000000010836, 12.03595442721022657 ) ) ;
#1934 = ORIENTED_EDGE ( 'NONE', *, *, #389, .T. ) ;
#1935 = ORIENTED_EDGE ( 'NONE', *, *, #3229, .F. ) ;
#1936 = ORIENTED_EDGE ( 'NONE', *, *, #4442, .F. ) ;
#1937 = CARTESIAN_POINT ( 'NONE',  ( 9.364688593060796151, -9.688291161947351071, 16.16596712320457740 ) ) ;
#1938 = EDGE_CURVE ( 'NONE', #1873, #3728, #1990, .T. ) ;
#1939 = VERTEX_POINT ( 'NONE', #2534 ) ;
#1940 = VERTEX_POINT ( 'NONE', #4439 ) ;
#1941 = CARTESIAN_POINT ( 'NONE',  ( -12.40000000000000391, -18.33257888130140856, 11.92376043070339797 ) ) ;
#1942 = FACE_OUTER_BOUND ( 'NONE', #1791, .T. ) ;
#1943 = CARTESIAN_POINT ( 'NONE',  ( 9.371405873647761453, -9.394974746830607515, 17.63736291403403911 ) ) ;
#1944 = DIRECTION ( 'NONE',  ( 0.000000000000000000, 0.000000000000000000, 1.000000000000000000 ) ) ;
#1945 =( BOUNDED_CURVE ( )  B_SPLINE_CURVE ( 3, ( #4592, #121, #4149, #3482 ),
 .UNSPECIFIED., .F., .F. ) 
 B_SPLINE_CURVE_WITH_KNOTS ( ( 4, 4 ),
 ( 1.580773165563112093, 2.202984241118697728 ),
 .UNSPECIFIED. ) 
 CURVE ( )  GEOMETRIC_REPRESENTATION_ITEM ( )  RATIONAL_B_SPLINE_CURVE ( ( 1.000000000000000000, 0.9679971560865576752, 0.9679971560865576752, 1.000000000000000000 ) ) 
 REPRESENTATION_ITEM ( '' )  );
#1946 = ORIENTED_EDGE ( 'NONE', *, *, #162, .T. ) ;
#1947 = EDGE_CURVE ( 'NONE', #3086, #864, #1071, .T. ) ;
#1948 = EDGE_CURVE ( 'NONE', #771, #4196, #4745, .T. ) ;
#1949 = CARTESIAN_POINT ( 'NONE',  ( -11.93855100110175727, -8.044528275048467236, 15.43437364207866125 ) ) ;
#1950 = DIRECTION ( 'NONE',  ( 0.8660254037844382635, -0.000000000000000000, 0.5000000000000006661 ) ) ;
#1951 = ORIENTED_EDGE ( 'NONE', *, *, #3814, .F. ) ;
#1952 = DIRECTION ( 'NONE',  ( -1.000000000000000000, 0.000000000000000000, 6.505213034913027590E-16 ) ) ;
#1953 = DIRECTION ( 'NONE',  ( -0.000000000000000000, -1.000000000000000000, -0.000000000000000000 ) ) ;
#1954 = FACE_OUTER_BOUND ( 'NONE', #259, .T. ) ;
#1955 = ORIENTED_EDGE ( 'NONE', *, *, #3614, .T. ) ;
#1956 = ORIENTED_EDGE ( 'NONE', *, *, #3353, .T. ) ;
#1957 = ORIENTED_EDGE ( 'NONE', *, *, #1813, .T. ) ;
#1958 = DIRECTION ( 'NONE',  ( 0.000000000000000000, 0.000000000000000000, -1.000000000000000000 ) ) ;
#1959 = ORIENTED_EDGE ( 'NONE', *, *, #1557, .T. ) ;
#1960 = LINE ( 'NONE', #2740, #2610 ) ;
#1961 = ORIENTED_EDGE ( 'NONE', *, *, #3622, .T. ) ;
#1962 = LINE ( 'NONE', #1292, #993 ) ;
#1963 = CARTESIAN_POINT ( 'NONE',  ( -7.578718707889819051, -12.50000000000001066, 18.27407996053067407 ) ) ;
#1964 = EDGE_CURVE ( 'NONE', #4310, #1568, #4822, .T. ) ;
#1965 = DIRECTION ( 'NONE',  ( 2.061858463601975203E-16, 0.000000000000000000, -1.000000000000000000 ) ) ;
#1966 = LINE ( 'NONE', #3471, #21 ) ;
#1967 = EDGE_LOOP ( 'NONE', ( #1501, #1928, #2011, #3385 ) ) ;
#1968 = CARTESIAN_POINT ( 'NONE',  ( 10.16495199884198897, -5.920512539844739131, -22.31487584642018973 ) ) ;
#1969 = EDGE_CURVE ( 'NONE', #2284, #4390, #3786, .T. ) ;
#1970 = CARTESIAN_POINT ( 'NONE',  ( -8.140283493505135581, -11.52734125957276134, 18.12279076461375737 ) ) ;
#1971 = CARTESIAN_POINT ( 'NONE',  ( 10.43097222022595716, -5.200000000000077449, -22.01507793272939750 ) ) ;
#1972 = CIRCLE ( 'NONE', #2130, 0.2000000000000005107 ) ;
#1973 = EDGE_CURVE ( 'NONE', #3485, #414, #4089, .T. ) ;
#1974 = VECTOR ( 'NONE', #1553, 1000.000000000000000 ) ;
#1975 = CARTESIAN_POINT ( 'NONE',  ( -10.47742197397599284, -5.200000000000010836, -21.82403757902093488 ) ) ;
#1976 = CARTESIAN_POINT ( 'NONE',  ( -10.23498011539162356, -7.821672074773515781, 15.90860383877281592 ) ) ;
#1977 = CARTESIAN_POINT ( 'NONE',  ( -11.85000000000000142, -5.200000000000010836, -12.35662432702593350 ) ) ;
#1978 = CARTESIAN_POINT ( 'NONE',  ( -13.84999999999999787, -5.500000000000010658, -14.08867513459481202 ) ) ;
#1979 = FACE_OUTER_BOUND ( 'NONE', #1853, .T. ) ;
#1980 = AXIS2_PLACEMENT_3D ( 'NONE', #2150, #1093, #2583 ) ;
#1981 = DIRECTION ( 'NONE',  ( 0.000000000000000000, 1.000000000000000000, 0.000000000000000000 ) ) ;
#1982 = VERTEX_POINT ( 'NONE', #801 ) ;
#1983 = ORIENTED_EDGE ( 'NONE', *, *, #1007, .T. ) ;
#1984 = EDGE_LOOP ( 'NONE', ( #1736, #4545, #3195, #1752 ) ) ;
#1985 = FACE_OUTER_BOUND ( 'NONE', #2789, .T. ) ;
#1986 = AXIS2_PLACEMENT_3D ( 'NONE', #2577, #4043, #4413 ) ;
#1987 = LINE ( 'NONE', #2036, #4663 ) ;
#1988 = VERTEX_POINT ( 'NONE', #3763 ) ;
#1989 = ORIENTED_EDGE ( 'NONE', *, *, #3587, .F. ) ;
#1990 = CIRCLE ( 'NONE', #1829, 0.2000000000000005662 ) ;
#1991 = VECTOR ( 'NONE', #1124, 1000.000000000000000 ) ;
#1992 = FACE_OUTER_BOUND ( 'NONE', #1012, .T. ) ;
#1993 = CARTESIAN_POINT ( 'NONE',  ( 9.611934275413862139, -8.978367334308380521, 17.11584835332373800 ) ) ;
#1994 = CARTESIAN_POINT ( 'NONE',  ( -10.05004569145308224, -12.49999999999999467, -22.00000000000000355 ) ) ;
#1995 = ORIENTED_EDGE ( 'NONE', *, *, #3706, .F. ) ;
#1996 = DIRECTION ( 'NONE',  ( 0.000000000000000000, 0.000000000000000000, 1.000000000000000000 ) ) ;
#1997 = CIRCLE ( 'NONE', #117, 0.3000000000000016542 ) ;
#1998 = CARTESIAN_POINT ( 'NONE',  ( 10.34999999999999964, -5.199999999999996625, -18.80000000000000071 ) ) ;
#1999 = CIRCLE ( 'NONE', #1290, 3.600000000000002309 ) ;
#2000 = CARTESIAN_POINT ( 'NONE',  ( 10.42832801935804099, -8.012590776364435285, 15.62636333505265362 ) ) ;
#2001 = VERTEX_POINT ( 'NONE', #1131 ) ;
#2002 = DIRECTION ( 'NONE',  ( 1.457954101459833063E-16, -0.7071067811865474617, 0.7071067811865474617 ) ) ;
#2003 = AXIS2_PLACEMENT_3D ( 'NONE', #4655, #4684, #4284 ) ;
#2004 = CARTESIAN_POINT ( 'NONE',  ( -12.15680221654958792, -5.558578643762707827, 12.27457856830089966 ) ) ;
#2005 = B_SPLINE_CURVE_WITH_KNOTS ( 'NONE', 3,
 ( #2026, #909, #3950, #3921, #4348, #3125, #247, #2752, #170, #4713 ),
 .UNSPECIFIED., .F., .F.,
 ( 4, 3, 3, 4 ),
 ( 0.000000000000000000, 0.0004000000680031378622, 0.002000007416673813768, 0.003651882689303526108 ),
 .UNSPECIFIED. ) ;
#2006 = CARTESIAN_POINT ( 'NONE',  ( 7.249999999999999112, -12.50000000000001066, 14.27693615844911257 ) ) ;
#2007 = ADVANCED_FACE ( 'NONE', ( #2277 ), #4466, .T. ) ;
#2008 = AXIS2_PLACEMENT_3D ( 'NONE', #2115, #2875, #4701 ) ;
#2009 = ORIENTED_EDGE ( 'NONE', *, *, #2488, .F. ) ;
#2010 = CARTESIAN_POINT ( 'NONE',  ( -12.15000000000000036, -9.400304317291466205, 16.82126749423582623 ) ) ;
#2011 = ORIENTED_EDGE ( 'NONE', *, *, #3678, .F. ) ;
#2012 = FACE_OUTER_BOUND ( 'NONE', #2894, .T. ) ;
#2013 = CARTESIAN_POINT ( 'NONE',  ( 11.95903609698376080, -5.346446609406734218, 12.41332053553019854 ) ) ;
#2014 = EDGE_LOOP ( 'NONE', ( #4128, #3805, #532, #1011 ) ) ;
#2015 = EDGE_CURVE ( 'NONE', #2684, #4820, #3073, .T. ) ;
#2016 = VERTEX_POINT ( 'NONE', #382 ) ;
#2017 = EDGE_CURVE ( 'NONE', #2825, #80, #4811, .T. ) ;
#2018 = LINE ( 'NONE', #2039, #2310 ) ;
#2019 = DIRECTION ( 'NONE',  ( 0.000000000000000000, 0.000000000000000000, -1.000000000000000000 ) ) ;
#2020 = CARTESIAN_POINT ( 'NONE',  ( 11.96969706992319971, -9.572719452851238486, 17.00865958301624659 ) ) ;
#2021 = EDGE_LOOP ( 'NONE', ( #3935, #3429, #2411, #159, #3308, #2856 ) ) ;
#2022 = DIRECTION ( 'NONE',  ( -0.8660254037844395958, -0.000000000000000000, 0.4999999999999983347 ) ) ;
#2023 = B_SPLINE_CURVE_WITH_KNOTS ( 'NONE', 3,
 ( #3765, #434, #4534, #4835, #1186, #406 ),
 .UNSPECIFIED., .F., .F.,
 ( 4, 2, 4 ),
 ( 0.000000000000000000, 0.0001444065047946467290, 0.0002888130095892934581 ),
 .UNSPECIFIED. ) ;
#2024 = DIRECTION ( 'NONE',  ( 0.4999999999999981126, 0.8660254037844397068, 0.000000000000000000 ) ) ;
#2025 = CARTESIAN_POINT ( 'NONE',  ( -10.59894756016826989, -5.200000000000010836, -22.13448506128780835 ) ) ;
#2026 = CARTESIAN_POINT ( 'NONE',  ( 10.73114418875765708, -5.346446609406734218, 13.01342907219198430 ) ) ;
#2027 = CARTESIAN_POINT ( 'NONE',  ( -11.93855155538479451, -8.044334552868596333, 15.43416205439699773 ) ) ;
#2028 = CARTESIAN_POINT ( 'NONE',  ( -12.15000000000000036, -5.670226432448636444, 12.35677313259561672 ) ) ;
#2029 = ORIENTED_EDGE ( 'NONE', *, *, #853, .F. ) ;
#2030 = ADVANCED_FACE ( 'NONE', ( #4114 ), #2952, .T. ) ;
#2031 = CIRCLE ( 'NONE', #4789, 0.2000000000000004552 ) ;
#2032 = ORIENTED_EDGE ( 'NONE', *, *, #1947, .T. ) ;
#2033 = ORIENTED_EDGE ( 'NONE', *, *, #2015, .F. ) ;
#2034 = ORIENTED_EDGE ( 'NONE', *, *, #4812, .F. ) ;
#2035 = CYLINDRICAL_SURFACE ( 'NONE', #2468, 0.3000000000000016542 ) ;
#2036 = CARTESIAN_POINT ( 'NONE',  ( -7.250000000000000000, -12.50000000000001066, 20.22509998793676900 ) ) ;
#2037 = VERTEX_POINT ( 'NONE', #3391 ) ;
#2038 = VERTEX_POINT ( 'NONE', #1496 ) ;
#2039 = CARTESIAN_POINT ( 'NONE',  ( 2.588075286112624163, -5.200000000000010836, -4.482677889360416223 ) ) ;
#2040 = CARTESIAN_POINT ( 'NONE',  ( 10.31034787501223526, -8.115514777134087865, 16.19352754239511327 ) ) ;
#2041 = EDGE_CURVE ( 'NONE', #4645, #1982, #2445, .T. ) ;
#2042 = CARTESIAN_POINT ( 'NONE',  ( 11.95141991795080294, -5.382468417544121309, 12.45792855727844994 ) ) ;
#2043 = CARTESIAN_POINT ( 'NONE',  ( -10.62949878567126838, -7.947262992759319467, 15.58157060627143231 ) ) ;
#2044 = FACE_OUTER_BOUND ( 'NONE', #1510, .T. ) ;
#2045 = ORIENTED_EDGE ( 'NONE', *, *, #1100, .F. ) ;
#2046 = CARTESIAN_POINT ( 'NONE',  ( 10.73114418875765885, -5.346446609406736883, 13.01342907219198075 ) ) ;
#2047 = ORIENTED_EDGE ( 'NONE', *, *, #1698, .F. ) ;
#2048 = DIRECTION ( 'NONE',  ( 5.782411586589324901E-15, 0.000000000000000000, 1.000000000000000000 ) ) ;
#2049 = ADVANCED_FACE ( 'NONE', ( #4557 ), #1523, .T. ) ;
#2050 = LINE ( 'NONE', #2329, #3725 ) ;
#2051 = CARTESIAN_POINT ( 'NONE',  ( -13.64999999999999858, -18.33257888130140856, 3.000000000000001332 ) ) ;
#2052 = VERTEX_POINT ( 'NONE', #4533 ) ;
#2053 = ORIENTED_EDGE ( 'NONE', *, *, #4809, .T. ) ;
#2054 = DIRECTION ( 'NONE',  ( 1.000000000000000000, 0.000000000000000000, 0.000000000000000000 ) ) ;
#2055 = EDGE_LOOP ( 'NONE', ( #3058, #2099, #4596, #1648 ) ) ;
#2056 = B_SPLINE_CURVE_WITH_KNOTS ( 'NONE', 3,
 ( #3940, #2119, #2140, #3198 ),
 .UNSPECIFIED., .F., .F.,
 ( 4, 4 ),
 ( 0.000000000000000000, 0.004951059857369840764 ),
 .UNSPECIFIED. ) ;
#2057 = AXIS2_PLACEMENT_3D ( 'NONE', #983, #593, #2048 ) ;
#2058 = CARTESIAN_POINT ( 'NONE',  ( -10.39121589536010681, -10.13874293624220435, 15.55533608781952282 ) ) ;
#2059 = CARTESIAN_POINT ( 'NONE',  ( 12.40000000000000213, -6.950000000000011724, 11.92376043070339975 ) ) ;
#2060 = ORIENTED_EDGE ( 'NONE', *, *, #1368, .T. ) ;
#2061 = ORIENTED_EDGE ( 'NONE', *, *, #4388, .T. ) ;
#2062 = DIRECTION ( 'NONE',  ( -1.000000000000000000, 0.000000000000000000, -4.259132699590106941E-17 ) ) ;
#2063 = VECTOR ( 'NONE', #2599, 1000.000000000000114 ) ;
#2064 = FACE_OUTER_BOUND ( 'NONE', #4619, .T. ) ;
#2065 = ORIENTED_EDGE ( 'NONE', *, *, #2549, .T. ) ;
#2066 = CARTESIAN_POINT ( 'NONE',  ( -10.46547005383791529, -5.400000000000011013, -22.23024303063488460 ) ) ;
#2067 = ORIENTED_EDGE ( 'NONE', *, *, #2638, .T. ) ;
#2068 = CARTESIAN_POINT ( 'NONE',  ( 14.14999999999999858, -6.950000000000011724, -21.54833395016045827 ) ) ;
#2069 = EDGE_CURVE ( 'NONE', #4798, #2569, #2294, .T. ) ;
#2070 = CIRCLE ( 'NONE', #1833, 1.000000000000000888 ) ;
#2071 = AXIS2_PLACEMENT_3D ( 'NONE', #1808, #4423, #1056 ) ;
#2072 = EDGE_CURVE ( 'NONE', #4551, #1661, #4464, .T. ) ;
#2073 = CARTESIAN_POINT ( 'NONE',  ( 12.15000000000000036, -6.956399275605917865, 13.80552346203349678 ) ) ;
#2074 = ADVANCED_FACE ( 'NONE', ( #3324 ), #1850, .T. ) ;
#2075 = CARTESIAN_POINT ( 'NONE',  ( -10.69515927784788012, -7.174715463275129324, 15.02504397961782701 ) ) ;
#2076 = CARTESIAN_POINT ( 'NONE',  ( -9.991746918085103957, -5.820512539844733269, -22.31487584642018973 ) ) ;
#2077 = AXIS2_PLACEMENT_3D ( 'NONE', #2656, #2391, #3180 ) ;
#2078 = CARTESIAN_POINT ( 'NONE',  ( 10.37747726250792724, -10.92582868520240247, 15.54592401976617921 ) ) ;
#2079 = CARTESIAN_POINT ( 'NONE',  ( 10.25939288115325354, -8.256936133370050612, 16.06160488095588335 ) ) ;
#2080 = EDGE_LOOP ( 'NONE', ( #175, #3464, #4509, #1235 ) ) ;
#2081 = VERTEX_POINT ( 'NONE', #2725 ) ;
#2082 = VERTEX_POINT ( 'NONE', #1308 ) ;
#2083 =( LENGTH_UNIT ( ) NAMED_UNIT ( * ) SI_UNIT ( .MILLI., .METRE. ) );
#2084 = VERTEX_POINT ( 'NONE', #3120 ) ;
#2085 = AXIS2_PLACEMENT_3D ( 'NONE', #1854, #2658, #4512 ) ;
#2086 = DIRECTION ( 'NONE',  ( 0.000000000000000000, 0.000000000000000000, 1.000000000000000000 ) ) ;
#2087 = CARTESIAN_POINT ( 'NONE',  ( 10.46547005383791706, -5.400000000000011013, -22.23024303063488816 ) ) ;
#2088 = ORIENTED_EDGE ( 'NONE', *, *, #1096, .T. ) ;
#2089 = VECTOR ( 'NONE', #1252, 1000.000000000000114 ) ;
#2090 = DIRECTION ( 'NONE',  ( 0.000000000000000000, 1.000000000000000000, 0.000000000000000000 ) ) ;
#2091 = EDGE_LOOP ( 'NONE', ( #502, #874, #2319, #1085 ) ) ;
#2092 = EDGE_CURVE ( 'NONE', #4335, #2322, #2951, .T. ) ;
#2093 = DIRECTION ( 'NONE',  ( 1.000000000000000000, -0.000000000000000000, 1.961181171427461100E-16 ) ) ;
#2094 = CARTESIAN_POINT ( 'NONE',  ( -3.499999999999999556, -16.69999999999999929, 14.27693615844911257 ) ) ;
#2095 = CARTESIAN_POINT ( 'NONE',  ( -7.566933738873784954, -12.52041216510141552, 18.27725231937277783 ) ) ;
#2096 = ORIENTED_EDGE ( 'NONE', *, *, #3298, .F. ) ;
#2097 = CARTESIAN_POINT ( 'NONE',  ( -10.47399188712807216, -5.396509543907370698, 12.73637684676445225 ) ) ;
#2098 = CARTESIAN_POINT ( 'NONE',  ( -12.14999999999999858, -5.500000000000010658, -12.35662432702593350 ) ) ;
#2099 = ORIENTED_EDGE ( 'NONE', *, *, #4525, .T. ) ;
#2100 = CARTESIAN_POINT ( 'NONE',  ( -14.14999999999999858, -5.500000000000011546, -22.64529946162074836 ) ) ;
#2101 = LINE ( 'NONE', #4613, #4578 ) ;
#2102 = EDGE_CURVE ( 'NONE', #539, #3875, #3065, .T. ) ;
#2103 = LINE ( 'NONE', #4070, #2622 ) ;
#2104 = CARTESIAN_POINT ( 'NONE',  ( -11.85000000000000142, -9.565685424949293747, 16.66967721593322693 ) ) ;
#2105 = EDGE_LOOP ( 'NONE', ( #1882, #3460, #4617, #3132 ) ) ;
#2106 = ORIENTED_EDGE ( 'NONE', *, *, #1489, .F. ) ;
#2107 = EDGE_LOOP ( 'NONE', ( #3612, #3357, #3080, #3088 ) ) ;
#2108 = CARTESIAN_POINT ( 'NONE',  ( 9.339234158555832721, -9.450697791936459424, 17.70711755517668351 ) ) ;
#2109 = ORIENTED_EDGE ( 'NONE', *, *, #1137, .T. ) ;
#2110 = CARTESIAN_POINT ( 'NONE',  ( 6.135343034915744731, -12.50000000000001066, -23.60000000000000142 ) ) ;
#2111 = SPHERICAL_SURFACE ( 'NONE', #4267, 0.2000000000000000111 ) ;
#2112 = ORIENTED_EDGE ( 'NONE', *, *, #4467, .T. ) ;
#2113 = CARTESIAN_POINT ( 'NONE',  ( 13.89999999999999503, -6.950000000000011724, 11.05773502691896759 ) ) ;
#2114 = ORIENTED_EDGE ( 'NONE', *, *, #383, .F. ) ;
#2115 = CARTESIAN_POINT ( 'NONE',  ( 0.000000000000000000, -9.707106781186604749, -10.49999999999999822 ) ) ;
#2116 = CARTESIAN_POINT ( 'NONE',  ( -9.832350853873927932, -8.936945963952929617, 17.24916980980830417 ) ) ;
#2117 = DIRECTION ( 'NONE',  ( 1.000000000000000000, 0.000000000000000000, 8.919616031464893202E-17 ) ) ;
#2118 = EDGE_LOOP ( 'NONE', ( #4107, #3312, #537, #2757 ) ) ;
#2119 = CARTESIAN_POINT ( 'NONE',  ( 8.567027285944384118, -11.07957081732540594, 16.40632758212107589 ) ) ;
#2120 = CARTESIAN_POINT ( 'NONE',  ( -10.47591618945278036, -5.286266337559125006, 13.06375955672771738 ) ) ;
#2121 = EDGE_CURVE ( 'NONE', #2437, #4744, #2215, .T. ) ;
#2122 = DIRECTION ( 'NONE',  ( 4.259132699590121732E-17, -0.000000000000000000, -1.000000000000000000 ) ) ;
#2123 = CARTESIAN_POINT ( 'NONE',  ( 0.000000000000000000, -12.49999999999999645, -10.49999999999999822 ) ) ;
#2124 = CARTESIAN_POINT ( 'NONE',  ( -15.75000000000000000, -14.50000000000001066, 16.69681954598461360 ) ) ;
#2125 = EDGE_CURVE ( 'NONE', #4601, #2322, #742, .T. ) ;
#2126 = DIRECTION ( 'NONE',  ( 0.000000000000000000, 0.000000000000000000, 1.000000000000000000 ) ) ;
#2127 = CARTESIAN_POINT ( 'NONE',  ( 10.67242768555369459, -5.487867965644045221, 12.88477304920238709 ) ) ;
#2128 = VERTEX_POINT ( 'NONE', #4609 ) ;
#2129 = CARTESIAN_POINT ( 'NONE',  ( 10.46547005383791706, -5.400000000000011013, -18.80000000000000071 ) ) ;
#2130 = AXIS2_PLACEMENT_3D ( 'NONE', #2186, #4727, #3631 ) ;
#2131 = CARTESIAN_POINT ( 'NONE',  ( 9.485372282482030570, -9.707106781186583433, 17.96098579920803218 ) ) ;
#2132 = ORIENTED_EDGE ( 'NONE', *, *, #4004, .T. ) ;
#2133 = EDGE_CURVE ( 'NONE', #3851, #3, #273, .T. ) ;
#2134 = CYLINDRICAL_SURFACE ( 'NONE', #827, 0.3000000000000016542 ) ;
#2135 =( BOUNDED_SURFACE ( )  B_SPLINE_SURFACE ( 3, 2, ( 
 ( #4144, #2282, #835 ),
 ( #2259, #2314, #4222 ),
 ( #3453, #486, #408 ),
 ( #4537, #3070, #4194 ),
 ( #1927, #1162, #90 ),
 ( #1578, #438, #3024 ),
 ( #762, #1976, #4588 ),
 ( #2711, #116, #3747 ),
 ( #1877, #3050, #69 ),
 ( #779, #3428, #20 ) ),
 .UNSPECIFIED., .F., .F., .F. ) 
 B_SPLINE_SURFACE_WITH_KNOTS ( ( 4, 2, 2, 2, 4 ),
 ( 3, 3 ),
 ( 0.002087944751830929542, 0.002258860715905171637, 0.002429776679979413732, 0.002600692644053655828, 0.002771608608127897489 ),
 ( 0.000000000000000000, 1.000000000000000000 ),
 .UNSPECIFIED. ) 
 GEOMETRIC_REPRESENTATION_ITEM ( )  RATIONAL_B_SPLINE_SURFACE ( (
 ( 1.000000000000000000, 0.6105379064907838771, 1.000000000000000000),
 ( 1.000000000000000000, 0.5879244389228500678, 1.000000000000000000),
 ( 1.000000000000000000, 0.5650532298375251505, 1.000000000000000000),
 ( 1.000000000000000000, 0.5189647464453553960, 1.000000000000000000),
 ( 1.000000000000000000, 0.4954393220193107350, 1.000000000000000000),
 ( 1.000000000000000000, 0.4519253708310733142, 1.000000000000000000),
 ( 1.000000000000000000, 0.4313715373866425784, 1.000000000000000000),
 ( 1.000000000000000000, 0.4009941994005511989, 1.000000000000000000),
 ( 1.000000000000000000, 0.3911180873342683384, 1.000000000000000000),
 ( 1.000000000000000000, 0.3907311284892749370, 1.000000000000000000) ) ) 
 REPRESENTATION_ITEM ( '' )  SURFACE ( )  );
#2136 = ORIENTED_EDGE ( 'NONE', *, *, #305, .T. ) ;
#2137 = CARTESIAN_POINT ( 'NONE',  ( -10.31034787501719308, -8.115514777125566681, 16.19352754238407144 ) ) ;
#2138 = DIRECTION ( 'NONE',  ( 0.000000000000000000, 1.000000000000000000, 0.000000000000000000 ) ) ;
#2139 = ORIENTED_EDGE ( 'NONE', *, *, #1232, .F. ) ;
#2140 = CARTESIAN_POINT ( 'NONE',  ( 9.378881640275100295, -9.663536125717035574, 16.16094828602901856 ) ) ;
#2141 = CARTESIAN_POINT ( 'NONE',  ( 10.29226497308103028, -5.300000000000010481, -23.50000000000000000 ) ) ;
#2142 = AXIS2_PLACEMENT_3D ( 'NONE', #1190, #4123, #4197 ) ;
#2143 = LINE ( 'NONE', #4760, #1297 ) ;
#2144 = CIRCLE ( 'NONE', #977, 3.600000000000002309 ) ;
#2145 = DIRECTION ( 'NONE',  ( 0.000000000000000000, 1.000000000000000000, 0.000000000000000000 ) ) ;
#2146 = DIRECTION ( 'NONE',  ( -0.8660254037844374864, 0.000000000000000000, 0.5000000000000023315 ) ) ;
#2147 = VECTOR ( 'NONE', #1277, 1000.000000000000000 ) ;
#2148 = AXIS2_PLACEMENT_3D ( 'NONE', #2517, #1050, #4402 ) ;
#2149 = AXIS2_PLACEMENT_3D ( 'NONE', #53, #468, #3803 ) ;
#2150 = CARTESIAN_POINT ( 'NONE',  ( 14.14999999999999680, -18.33257888130140856, -13.79999999999999893 ) ) ;
#2151 = CARTESIAN_POINT ( 'NONE',  ( -12.15000000000000036, -5.510182038911517033, 12.49885748518421025 ) ) ;
#2152 = CARTESIAN_POINT ( 'NONE',  ( -6.135343034915747396, -12.50000000000000888, -23.71715728752537800 ) ) ;
#2153 = ORIENTED_EDGE ( 'NONE', *, *, #1716, .F. ) ;
#2154 = AXIS2_PLACEMENT_3D ( 'NONE', #2987, #1089, #1127 ) ;
#2155 = CARTESIAN_POINT ( 'NONE',  ( 13.74999999999999645, -5.500000000000010658, -22.52982940778282739 ) ) ;
#2156 = CARTESIAN_POINT ( 'NONE',  ( 10.67396142659912250, -5.200000000000010836, 12.65068362120861600 ) ) ;
#2157 = EDGE_LOOP ( 'NONE', ( #4387, #954, #1885, #615, #3037 ) ) ;
#2158 = CARTESIAN_POINT ( 'NONE',  ( -9.338992401014291289, -9.451116528281518825, 17.70764192401529158 ) ) ;
#2159 = ORIENTED_EDGE ( 'NONE', *, *, #4397, .F. ) ;
#2160 = VECTOR ( 'NONE', #1365, 1000.000000000000114 ) ;
#2161 = CARTESIAN_POINT ( 'NONE',  ( 13.64999999999999858, -6.000000000000023981, 2.500000000000001332 ) ) ;
#2162 = PRODUCT_DEFINITION_FORMATION_WITH_SPECIFIED_SOURCE ( 'ANY', '', #1623, .NOT_KNOWN. ) ;
#2163 = CARTESIAN_POINT ( 'NONE',  ( 0.000000000000000000, -14.50000000000001066, 10.52693615844911079 ) ) ;
#2164 = ORIENTED_EDGE ( 'NONE', *, *, #2739, .T. ) ;
#2165 = DIRECTION ( 'NONE',  ( 1.000000000000000000, -6.151501687861019394E-17, -2.134571085687773996E-14 ) ) ;
#2166 = EDGE_CURVE ( 'NONE', #3078, #3041, #4505, .T. ) ;
#2167 = DIRECTION ( 'NONE',  ( 0.000000000000000000, 0.000000000000000000, 1.000000000000000000 ) ) ;
#2168 = EDGE_CURVE ( 'NONE', #786, #3777, #1211, .T. ) ;
#2169 = CARTESIAN_POINT ( 'NONE',  ( -11.85000000000000142, -9.707106781186604749, 16.73357303036087984 ) ) ;
#2170 = LINE ( 'NONE', #4483, #4187 ) ;
#2171 = DIRECTION ( 'NONE',  ( 0.000000000000000000, 1.000000000000000000, 0.000000000000000000 ) ) ;
#2172 = AXIS2_PLACEMENT_3D ( 'NONE', #282, #3271, #4776 ) ;
#2173 = CYLINDRICAL_SURFACE ( 'NONE', #512, 0.2999999999999999334 ) ;
#2174 = CARTESIAN_POINT ( 'NONE',  ( -9.850188743692292803, -8.565698490119832087, 16.59095333856451759 ) ) ;
#2175 = DIRECTION ( 'NONE',  ( 0.8660254037844395958, 0.000000000000000000, -0.4999999999999983347 ) ) ;
#2176 = FACE_OUTER_BOUND ( 'NONE', #3731, .T. ) ;
#2177 = EDGE_CURVE ( 'NONE', #414, #2084, #357, .T. ) ;
#2178 = CARTESIAN_POINT ( 'NONE',  ( 6.135343034915744731, -12.50000000000001421, -23.71715728752538510 ) ) ;
#2179 = CARTESIAN_POINT ( 'NONE',  ( 8.156727255689142808, -11.49885982800219963, 18.37675228078314404 ) ) ;
#2180 = ORIENTED_EDGE ( 'NONE', *, *, #3421, .F. ) ;
#2181 = ADVANCED_FACE ( 'NONE', ( #2044 ), #2407, .T. ) ;
#2182 = DIRECTION ( 'NONE',  ( -0.000000000000000000, 1.000000000000000000, -0.000000000000000000 ) ) ;
#2183 = VERTEX_POINT ( 'NONE', #3525 ) ;
#2184 = CARTESIAN_POINT ( 'NONE',  ( -11.94778261147449783, -5.419758542437577375, 12.50184286359331587 ) ) ;
#2185 = EDGE_CURVE ( 'NONE', #3190, #2693, #3456, .T. ) ;
#2186 = CARTESIAN_POINT ( 'NONE',  ( 13.64999999999999680, -5.200000000000010836, -14.08867513459481202 ) ) ;
#2187 = ORIENTED_EDGE ( 'NONE', *, *, #3301, .T. ) ;
#2188 = CARTESIAN_POINT ( 'NONE',  ( 10.40773502691895480, -5.500000000000010658, -23.79999999999999716 ) ) ;
#2189 = CARTESIAN_POINT ( 'NONE',  ( 13.64999999999999858, -18.33257888130140856, 3.000000000000001332 ) ) ;
#2190 = CARTESIAN_POINT ( 'NONE',  ( -14.14999999999999680, -6.950000000000011724, 10.62472232502674885 ) ) ;
#2191 = CARTESIAN_POINT ( 'NONE',  ( 0.000000000000000000, -12.50000000000001066, 0.000000000000000000 ) ) ;
#2192 = EDGE_CURVE ( 'NONE', #592, #2367, #2070, .T. ) ;
#2193 = CARTESIAN_POINT ( 'NONE',  ( 10.73114418875765708, -5.346446609406734218, 13.01342907219198430 ) ) ;
#2194 = CARTESIAN_POINT ( 'NONE',  ( -10.29226497308102850, -5.300000000000011369, -23.50000000000000000 ) ) ;
#2195 = CARTESIAN_POINT ( 'NONE',  ( -6.366283142591596445, -12.50000000000001066, -23.80000000000000071 ) ) ;
#2196 = EDGE_CURVE ( 'NONE', #377, #3190, #4586, .T. ) ;
#2197 = CARTESIAN_POINT ( 'NONE',  ( 6.135343034915744731, -12.50000000000001066, -18.80000000000000071 ) ) ;
#2198 = CARTESIAN_POINT ( 'NONE',  ( 10.40970647179274700, -8.115514736582960964, 16.15499914568045625 ) ) ;
#2199 = ORIENTED_EDGE ( 'NONE', *, *, #3455, .F. ) ;
#2200 = EDGE_CURVE ( 'NONE', #1988, #1909, #538, .T. ) ;
#2201 = AXIS2_PLACEMENT_3D ( 'NONE', #4121, #1950, #3845 ) ;
#2202 = CARTESIAN_POINT ( 'NONE',  ( 10.26326255883082261, -12.50000000000001243, 15.74643692084687352 ) ) ;
#2203 = ORIENTED_EDGE ( 'NONE', *, *, #3348, .T. ) ;
#2204 = CARTESIAN_POINT ( 'NONE',  ( 10.29226496929187995, -5.300000006563007737, -23.52625327276595968 ) ) ;
#2205 = CARTESIAN_POINT ( 'NONE',  ( -12.15000000000000036, -6.956402247817154105, 13.80552681027040762 ) ) ;
#2206 = DIRECTION ( 'NONE',  ( 0.000000000000000000, -0.000000000000000000, 1.000000000000000000 ) ) ;
#2207 = LINE ( 'NONE', #3713, #1778 ) ;
#2208 = DIRECTION ( 'NONE',  ( 0.3327589341027959446, -0.5763553805385063233, 0.7463819177197991150 ) ) ;
#2209 = AXIS2_PLACEMENT_3D ( 'NONE', #2783, #1315, #2832 ) ;
#2210 = ADVANCED_FACE ( 'NONE', ( #4258 ), #902, .T. ) ;
#2211 = CARTESIAN_POINT ( 'NONE',  ( -10.29574524884118780, -5.545760582621279688, -22.10141827076374454 ) ) ;
#2212 = AXIS2_PLACEMENT_3D ( 'NONE', #651, #4362, #3647 ) ;
#2213 = EDGE_CURVE ( 'NONE', #425, #2527, #3549, .T. ) ;
#2214 = EDGE_CURVE ( 'NONE', #2273, #3485, #2466, .T. ) ;
#2215 = CIRCLE ( 'NONE', #2854, 0.2000000000000001221 ) ;
#2216 = CIRCLE ( 'NONE', #1367, 0.2999999999999999334 ) ;
#2217 = CARTESIAN_POINT ( 'NONE',  ( -10.46547005383791529, -5.400000000000011013, -23.50000000000000000 ) ) ;
#2218 = CARTESIAN_POINT ( 'NONE',  ( 0.000000000000000000, -5.200000000000010836, -10.49999999999999822 ) ) ;
#2219 = DIRECTION ( 'NONE',  ( 0.000000000000000000, 1.000000000000000000, 0.000000000000000000 ) ) ;
#2220 = CARTESIAN_POINT ( 'NONE',  ( -10.29226497308102850, -5.300000000000011369, -23.50000000000000000 ) ) ;
#2221 = AXIS2_PLACEMENT_3D ( 'NONE', #940, #3960, #2086 ) ;
#2222 = ORIENTED_EDGE ( 'NONE', *, *, #804, .T. ) ;
#2223 = ORIENTED_EDGE ( 'NONE', *, *, #4268, .T. ) ;
#2224 = ORIENTED_EDGE ( 'NONE', *, *, #3021, .F. ) ;
#2225 = DIRECTION ( 'NONE',  ( 0.4999999999999967804, 0.8660254037844405950, 0.000000000000000000 ) ) ;
#2226 =( BOUNDED_CURVE ( )  B_SPLINE_CURVE ( 3, ( #426, #2787, #4181, #3834 ),
 .UNSPECIFIED., .F., .F. ) 
 B_SPLINE_CURVE_WITH_KNOTS ( ( 4, 4 ),
 ( 4.712388980384688786, 6.283185307179586232 ),
 .UNSPECIFIED. ) 
 CURVE ( )  GEOMETRIC_REPRESENTATION_ITEM ( )  RATIONAL_B_SPLINE_CURVE ( ( 1.000000000000000000, 0.8047378541243648264, 0.8047378541243648264, 1.000000000000000000 ) ) 
 REPRESENTATION_ITEM ( '' )  );
#2227 = ADVANCED_FACE ( 'NONE', ( #697 ), #4017, .T. ) ;
#2228 = CARTESIAN_POINT ( 'NONE',  ( -6.135343034915755389, -12.49999999999999467, -18.80000000000000071 ) ) ;
#2229 = PLANE ( 'NONE',  #995 ) ;
#2230 = VERTEX_POINT ( 'NONE', #3919 ) ;
#2231 = FACE_OUTER_BOUND ( 'NONE', #807, .T. ) ;
#2232 = CIRCLE ( 'NONE', #833, 0.3000000000000002665 ) ;
#2233 = LINE ( 'NONE', #3710, #4206 ) ;
#2234 = CARTESIAN_POINT ( 'NONE',  ( -14.14999999999999680, -6.950000000000011724, 10.91339745962156194 ) ) ;
#2235 = CARTESIAN_POINT ( 'NONE',  ( -12.15000000000000036, -5.632392608333169015, 12.33013802409565507 ) ) ;
#2236 = AXIS2_PLACEMENT_3D ( 'NONE', #2338, #3822, #465 ) ;
#2237 = VECTOR ( 'NONE', #3610, 1000.000000000000000 ) ;
#2238 = CARTESIAN_POINT ( 'NONE',  ( 11.95903609698376258, -5.346446609406739547, 12.41332053553019854 ) ) ;
#2239 = AXIS2_PLACEMENT_3D ( 'NONE', #2578, #4504, #428 ) ;
#2240 = CARTESIAN_POINT ( 'NONE',  ( 10.22853414136782213, -8.491990109580928703, 15.85465294479416976 ) ) ;
#2241 = LINE ( 'NONE', #1138, #997 ) ;
#2242 = ORIENTED_EDGE ( 'NONE', *, *, #432, .F. ) ;
#2243 = EDGE_CURVE ( 'NONE', #963, #3033, #4317, .T. ) ;
#2244 = CARTESIAN_POINT ( 'NONE',  ( -10.35000000000000142, -12.49999999999999467, 40.49704415459112994 ) ) ;
#2245 = DIRECTION ( 'NONE',  ( -4.259132699590121732E-17, 0.000000000000000000, -1.000000000000000000 ) ) ;
#2246 = ORIENTED_EDGE ( 'NONE', *, *, #4555, .F. ) ;
#2247 = ORIENTED_EDGE ( 'NONE', *, *, #3714, .T. ) ;
#2248 = CARTESIAN_POINT ( 'NONE',  ( -11.95903609698375902, -5.346446609406744876, 12.41332053553020742 ) ) ;
#2249 = FACE_OUTER_BOUND ( 'NONE', #3634, .T. ) ;
#2250 = CARTESIAN_POINT ( 'NONE',  ( -13.64999999999999680, -5.500000000000011546, 10.62472232502674885 ) ) ;
#2251 = ORIENTED_EDGE ( 'NONE', *, *, #4265, .T. ) ;
#2252 = DIRECTION ( 'NONE',  ( 0.000000000000000000, 0.6639008430008026540, -0.7478206139595402480 ) ) ;
#2253 = CARTESIAN_POINT ( 'NONE',  ( -10.16863673481147146, -11.90013526732246341, 15.81405485328465943 ) ) ;
#2254 =( BOUNDED_SURFACE ( )  B_SPLINE_SURFACE ( 3, 2, ( 
 ( #3681, #2151, #4813 ),
 ( #3794, #1498, #2281 ),
 ( #437, #834, #1949 ),
 ( #4164, #4559, #4838 ) ),
 .UNSPECIFIED., .F., .F., .F. ) 
 B_SPLINE_SURFACE_WITH_KNOTS ( ( 4, 4 ),
 ( 3, 3 ),
 ( 3.469446951953614189E-18, 0.005811690149545522231 ),
 ( 0.000000000000000000, 1.000000000000000000 ),
 .UNSPECIFIED. ) 
 GEOMETRIC_REPRESENTATION_ITEM ( )  RATIONAL_B_SPLINE_SURFACE ( (
 ( 1.000000000000000000, 0.8140815235037942577, 1.000000000000000000),
 ( 1.000000000000000000, 0.8090898618387548646, 1.000000000000000000),
 ( 1.000000000000000000, 0.8047373366352611468, 1.000000000000000000),
 ( 1.000000000000000000, 0.8008389405891424007, 1.000000000000000000) ) ) 
 REPRESENTATION_ITEM ( '' )  SURFACE ( )  );
#2255 = CARTESIAN_POINT ( 'NONE',  ( 10.62949878567126483, -7.947262992759324796, 15.58157060627144297 ) ) ;
#2256 = ADVANCED_FACE ( 'NONE', ( #884 ), #2363, .F. ) ;
#2257 = CARTESIAN_POINT ( 'NONE',  ( 10.29226497308102850, -5.300000000000013145, -22.23024303063489171 ) ) ;
#2258 = LINE ( 'NONE', #3427, #364 ) ;
#2259 = CARTESIAN_POINT ( 'NONE',  ( -10.68211113091450493, -7.845008529479535753, 15.75513839313781261 ) ) ;
#2260 = DIRECTION ( 'NONE',  ( 0.000000000000000000, -0.000000000000000000, 1.000000000000000000 ) ) ;
#2261 = DIRECTION ( 'NONE',  ( -0.000000000000000000, 1.000000000000000000, -0.000000000000000000 ) ) ;
#2262 = CARTESIAN_POINT ( 'NONE',  ( 10.42493003486046987, -8.019990333099181967, 15.63248532922900935 ) ) ;
#2263 = EDGE_LOOP ( 'NONE', ( #3072, #1703, #1531, #3617 ) ) ;
#2264 = ORIENTED_EDGE ( 'NONE', *, *, #328, .F. ) ;
#2265 = CARTESIAN_POINT ( 'NONE',  ( 11.94034242964427506, -5.249610485404430094, 12.31384514684285136 ) ) ;
#2266 = ORIENTED_EDGE ( 'NONE', *, *, #4082, .F. ) ;
#2267 = ORIENTED_EDGE ( 'NONE', *, *, #4232, .F. ) ;
#2268 = CARTESIAN_POINT ( 'NONE',  ( 10.35627968409142241, -8.115514777132744939, 16.17574098436956831 ) ) ;
#2269 = ORIENTED_EDGE ( 'NONE', *, *, #488, .T. ) ;
#2270 = EDGE_CURVE ( 'NONE', #2380, #3078, #953, .T. ) ;
#2271 = CARTESIAN_POINT ( 'NONE',  ( 10.47399188756784660, -5.396509518712553799, 12.65068362120861600 ) ) ;
#2272 = CARTESIAN_POINT ( 'NONE',  ( 10.15809406311464436, -12.49999999999999645, 15.80690261138537345 ) ) ;
#2273 = VERTEX_POINT ( 'NONE', #1977 ) ;
#2274 = ORIENTED_EDGE ( 'NONE', *, *, #3683, .F. ) ;
#2275 = CARTESIAN_POINT ( 'NONE',  ( 0.000000000000000000, -14.50000000000001066, -10.49999999999999822 ) ) ;
#2276 = DIRECTION ( 'NONE',  ( 0.8660254037844405950, -0.4999999999999966693, 0.000000000000000000 ) ) ;
#2277 = FACE_OUTER_BOUND ( 'NONE', #3221, .T. ) ;
#2278 = CARTESIAN_POINT ( 'NONE',  ( 9.993245265930493559, -5.817917325249106320, -22.11663618694350220 ) ) ;
#2279 = CIRCLE ( 'NONE', #3704, 0.2999999999999999334 ) ;
#2280 = EDGE_CURVE ( 'NONE', #1982, #2322, #1286, .T. ) ;
#2281 = CARTESIAN_POINT ( 'NONE',  ( -11.94275964880098861, -6.744265400048249148, 13.99637691772543668 ) ) ;
#2282 = CARTESIAN_POINT ( 'NONE',  ( -10.43286121233073871, -7.752884324893907220, 15.75723860756910888 ) ) ;
#2283 = AXIS2_PLACEMENT_3D ( 'NONE', #3102, #1706, #147 ) ;
#2284 = VERTEX_POINT ( 'NONE', #863 ) ;
#2285 = DIRECTION ( 'NONE',  ( -1.000000000000000000, 0.000000000000000000, 4.259132699590121732E-17 ) ) ;
#2286 = CARTESIAN_POINT ( 'NONE',  ( -13.64999999999999858, -5.200000000000010836, 2.800000000000001155 ) ) ;
#2287 = DIRECTION ( 'NONE',  ( -0.000000000000000000, -1.000000000000000000, 0.000000000000000000 ) ) ;
#2288 = ORIENTED_EDGE ( 'NONE', *, *, #3272, .T. ) ;
#2289 = CARTESIAN_POINT ( 'NONE',  ( 11.95903609698376435, -5.346446609406734218, 12.41332053553019854 ) ) ;
#2290 = ORIENTED_EDGE ( 'NONE', *, *, #4268, .F. ) ;
#2291 = VERTEX_POINT ( 'NONE', #2358 ) ;
#2292 = EDGE_LOOP ( 'NONE', ( #163, #1636, #2648, #1715, #2802, #126, #120, #3581, #3827, #3416, #2974, #3920, #1961 ) ) ;
#2293 = LINE ( 'NONE', #1267, #613 ) ;
#2294 = CIRCLE ( 'NONE', #1678, 3.750000000000000000 ) ;
#2295 = VECTOR ( 'NONE', #644, 1000.000000000000000 ) ;
#2296 = CARTESIAN_POINT ( 'NONE',  ( 0.000000000000000000, -14.50000000000001066, -10.49999999999999822 ) ) ;
#2297 = ORIENTED_EDGE ( 'NONE', *, *, #4828, .F. ) ;
#2298 = ORIENTED_EDGE ( 'NONE', *, *, #3637, .F. ) ;
#2299 = DIRECTION ( 'NONE',  ( 0.000000000000000000, 0.000000000000000000, 1.000000000000000000 ) ) ;
#2300 = CYLINDRICAL_SURFACE ( 'NONE', #3015, 0.2999999999999998779 ) ;
#2301 = CARTESIAN_POINT ( 'NONE',  ( 9.915543775013468064, -8.452500255337991319, 16.70507210567406986 ) ) ;
#2302 = EDGE_CURVE ( 'NONE', #2891, #447, #3945, .T. ) ;
#2303 = AXIS2_PLACEMENT_3D ( 'NONE', #2539, #1396, #2126 ) ;
#2304 = EDGE_CURVE ( 'NONE', #607, #2183, #2990, .T. ) ;
#2305 = CARTESIAN_POINT ( 'NONE',  ( -3.499999999999999556, -12.50000000000001066, 14.27693615844911257 ) ) ;
#2306 = CIRCLE ( 'NONE', #837, 1.000000000000000888 ) ;
#2307 = FACE_OUTER_BOUND ( 'NONE', #449, .T. ) ;
#2308 = ORIENTED_EDGE ( 'NONE', *, *, #3455, .T. ) ;
#2309 = VECTOR ( 'NONE', #3694, 1000.000000000000000 ) ;
#2310 = VECTOR ( 'NONE', #3089, 1000.000000000000000 ) ;
#2311 = B_SPLINE_CURVE_WITH_KNOTS ( 'NONE', 3,
 ( #861, #2808, #883, #952, #514, #3947, #2000, #146 ),
 .UNSPECIFIED., .F., .F.,
 ( 4, 2, 2, 4 ),
 ( 4.038926535047858487E-16, 0.0001230380936157639412, 0.0002460761872311240171, 0.0004921523744618521920 ),
 .UNSPECIFIED. ) ;
#2312 =( BOUNDED_SURFACE ( )  B_SPLINE_SURFACE ( 3, 2, ( 
 ( #4157, #3780, #423 ),
 ( #3415, #1471, #2672 ),
 ( #747, #4083, #4178 ),
 ( #3341, #4824, #2945 ) ),
 .UNSPECIFIED., .F., .F., .T. ) 
 B_SPLINE_SURFACE_WITH_KNOTS ( ( 4, 4 ),
 ( 3, 3 ),
 ( -1.734723475976807094E-18, 0.003650093677381184218 ),
 ( 0.000000000000000000, 1.000000000000000000 ),
 .UNSPECIFIED. ) 
 GEOMETRIC_REPRESENTATION_ITEM ( )  RATIONAL_B_SPLINE_SURFACE ( (
 ( 1.000000000000000000, 0.5995010062373593573, 1.000000000000000000),
 ( 1.000000000000000000, 0.6035470007586571928, 1.000000000000000000),
 ( 1.000000000000000000, 0.6071940758484377643, 1.000000000000000000),
 ( 1.000000000000000000, 0.6105379064907812126, 1.000000000000000000) ) ) 
 REPRESENTATION_ITEM ( '' )  SURFACE ( )  );
#2313 = DIRECTION ( 'NONE',  ( -0.8660254037844374864, 0.000000000000000000, 0.5000000000000023315 ) ) ;
#2314 = CARTESIAN_POINT ( 'NONE',  ( -10.41694386149066887, -7.778272411134916631, 15.79097635534872168 ) ) ;
#2315 = EDGE_LOOP ( 'NONE', ( #913, #4716, #3518, #4405 ) ) ;
#2316 = FACE_OUTER_BOUND ( 'NONE', #1743, .T. ) ;
#2317 = CARTESIAN_POINT ( 'NONE',  ( 12.14999999999999858, -12.50000000000001066, -23.80000000000000071 ) ) ;
#2318 = CARTESIAN_POINT ( 'NONE',  ( -10.67242768555369992, -5.487867965644054102, 12.88477304920240130 ) ) ;
#2319 = ORIENTED_EDGE ( 'NONE', *, *, #804, .F. ) ;
#2320 = EDGE_CURVE ( 'NONE', #3987, #1780, #2755, .T. ) ;
#2321 = ORIENTED_EDGE ( 'NONE', *, *, #4812, .T. ) ;
#2322 = VERTEX_POINT ( 'NONE', #3374 ) ;
#2323 = DIRECTION ( 'NONE',  ( -0.000000000000000000, -1.000000000000000000, -0.000000000000000000 ) ) ;
#2324 = ORIENTED_EDGE ( 'NONE', *, *, #4640, .F. ) ;
#2325 = EDGE_CURVE ( 'NONE', #1702, #786, #24, .T. ) ;
#2326 = CARTESIAN_POINT ( 'NONE',  ( -6.229925610487508258, -12.50000000000001066, -22.00000000000000000 ) ) ;
#2327 = EDGE_LOOP ( 'NONE', ( #1400, #135, #3781, #225 ) ) ;
#2328 = EDGE_LOOP ( 'NONE', ( #3497, #2910, #2664, #817 ) ) ;
#2329 = CARTESIAN_POINT ( 'NONE',  ( 14.14999999999999858, -5.500000000000011546, 2.500000000000000888 ) ) ;
#2330 = DIRECTION ( 'NONE',  ( 0.000000000000000000, 0.000000000000000000, 1.000000000000000000 ) ) ;
#2331 = ADVANCED_FACE ( 'NONE', ( #2643 ), #2613, .T. ) ;
#2332 = DIRECTION ( 'NONE',  ( 0.000000000000000000, -0.7421158902050691841, -0.6702715908533924960 ) ) ;
#2333 = DIRECTION ( 'NONE',  ( -0.1284668894941705108, 0.6239297338944622684, -0.7708488473534085283 ) ) ;
#2334 = DIRECTION ( 'NONE',  ( 0.4931992421009601113, 0.8542461455733338926, -0.1643716227459622314 ) ) ;
#2335 = CARTESIAN_POINT ( 'NONE',  ( 13.89999999999999680, -5.500000000000011546, -22.78963702891815757 ) ) ;
#2336 = EDGE_CURVE ( 'NONE', #4601, #679, #3967, .T. ) ;
#2337 = CARTESIAN_POINT ( 'NONE',  ( -10.35169169660028743, -5.200000000000010836, -22.07164681663836703 ) ) ;
#2338 = CARTESIAN_POINT ( 'NONE',  ( 13.64999999999999680, -5.500000000000011546, -14.08867513459481202 ) ) ;
#2339 = ORIENTED_EDGE ( 'NONE', *, *, #4374, .T. ) ;
#2340 = DIRECTION ( 'NONE',  ( 0.000000000000000000, 1.000000000000000000, 0.000000000000000000 ) ) ;
#2341 = PLANE ( 'NONE',  #3568 ) ;
#2342 = ORIENTED_EDGE ( 'NONE', *, *, #1948, .F. ) ;
#2343 = ORIENTED_EDGE ( 'NONE', *, *, #4603, .T. ) ;
#2344 = CARTESIAN_POINT ( 'NONE',  ( 10.31034787501309680, -8.115514777132609936, 16.19352754239320191 ) ) ;
#2345 = ORIENTED_EDGE ( 'NONE', *, *, #3898, .F. ) ;
#2346 = B_SPLINE_CURVE_WITH_KNOTS ( 'NONE', 3,
 ( #674, #2158, #3669, #306 ),
 .UNSPECIFIED., .F., .F.,
 ( 4, 4 ),
 ( 0.000000000000000000, 0.0002824640380462798426 ),
 .UNSPECIFIED. ) ;
#2347 = B_SPLINE_CURVE_WITH_KNOTS ( 'NONE', 3,
 ( #366, #4490, #1436, #1417, #2932, #1031 ),
 .UNSPECIFIED., .F., .F.,
 ( 4, 2, 4 ),
 ( 0.000000000000000000, 0.0001920306450422357332, 0.0003840612900844714663 ),
 .UNSPECIFIED. ) ;
#2348 = CARTESIAN_POINT ( 'NONE',  ( 10.47401189857418125, -5.395363088927480177, -21.92263600064511664 ) ) ;
#2349 = EDGE_LOOP ( 'NONE', ( #4759, #2112, #939, #1754 ) ) ;
#2350 = FACE_OUTER_BOUND ( 'NONE', #3627, .T. ) ;
#2351 = LINE ( 'NONE', #1231, #4103 ) ;
#2352 = ORIENTED_EDGE ( 'NONE', *, *, #4572, .T. ) ;
#2353 = CARTESIAN_POINT ( 'NONE',  ( -10.30509768964138217, -8.256936133370050612, 16.04390622626641516 ) ) ;
#2354 = LINE ( 'NONE', #3819, #4129 ) ;
#2355 = CIRCLE ( 'NONE', #1693, 0.2000000000000004829 ) ;
#2356 = EDGE_CURVE ( 'NONE', #395, #992, #2279, .T. ) ;
#2357 = CARTESIAN_POINT ( 'NONE',  ( 12.14999999999999858, -5.500000000000011546, -23.80000000000000071 ) ) ;
#2358 = CARTESIAN_POINT ( 'NONE',  ( 10.08618780040435148, -8.156936133356216700, 16.06160488093795990 ) ) ;
#2359 = ORIENTED_EDGE ( 'NONE', *, *, #787, .T. ) ;
#2360 = FACE_OUTER_BOUND ( 'NONE', #4670, .T. ) ;
#2361 = EDGE_CURVE ( 'NONE', #1054, #1719, #2915, .T. ) ;
#2362 = CARTESIAN_POINT ( 'NONE',  ( -12.19196609096476358, -5.200000000000010836, 12.15626144172972189 ) ) ;
#2363 = CONICAL_SURFACE ( 'NONE', #2283, 28.19999999999999218, 0.01745329251994333364 ) ;
#2364 = PLANE ( 'NONE',  #4155 ) ;
#2365 = ORIENTED_EDGE ( 'NONE', *, *, #1310, .T. ) ;
#2366 = CARTESIAN_POINT ( 'NONE',  ( -11.96969701056712054, -9.571663601528774379, 17.00865960884355133 ) ) ;
#2367 = VERTEX_POINT ( 'NONE', #1900 ) ;
#2368 = AXIS2_PLACEMENT_3D ( 'NONE', #1064, #749, #2899 ) ;
#2369 = CARTESIAN_POINT ( 'NONE',  ( -10.40398701153511141, -9.407086180594133040, 15.56408532916323395 ) ) ;
#2370 = CARTESIAN_POINT ( 'NONE',  ( 7.250000000000002665, -14.50000000000001066, 20.22509998793677610 ) ) ;
#2371 = ORIENTED_EDGE ( 'NONE', *, *, #1947, .F. ) ;
#2372 = CIRCLE ( 'NONE', #2536, 0.2999999999999999334 ) ;
#2373 = CIRCLE ( 'NONE', #38, 0.2999999999999981570 ) ;
#2374 = FACE_OUTER_BOUND ( 'NONE', #1696, .T. ) ;
#2375 = EDGE_CURVE ( 'NONE', #1550, #3033, #1898, .T. ) ;
#2376 = CARTESIAN_POINT ( 'NONE',  ( -12.14999999999999858, -14.50000000000001066, -22.19999999999999929 ) ) ;
#2377 =( LENGTH_UNIT ( ) NAMED_UNIT ( * ) SI_UNIT ( .MILLI., .METRE. ) );
#2378 = VERTEX_POINT ( 'NONE', #489 ) ;
#2379 = DIRECTION ( 'NONE',  ( -0.9322125145085438103, 2.175181806941164392E-12, -0.3619113535020117012 ) ) ;
#2380 = VERTEX_POINT ( 'NONE', #3479 ) ;
#2381 = VECTOR ( 'NONE', #4098, 1000.000000000000000 ) ;
#2382 = DIRECTION ( 'NONE',  ( 0.8660254037844397068, -0.4999999999999981126, 0.000000000000000000 ) ) ;
#2383 = AXIS2_PLACEMENT_3D ( 'NONE', #2675, #3953, #2299 ) ;
#2384 = EDGE_CURVE ( 'NONE', #3485, #517, #813, .T. ) ;
#2385 = CARTESIAN_POINT ( 'NONE',  ( 11.85000000000000142, -5.200000000000010836, 2.800000000000002043 ) ) ;
#2386 = CARTESIAN_POINT ( 'NONE',  ( 10.71642595709338330, -5.250981182999389318, 12.91520866489204344 ) ) ;
#2387 = B_SPLINE_CURVE_WITH_KNOTS ( 'NONE', 3,
 ( #3539, #630, #2448, #1345 ),
 .UNSPECIFIED., .F., .F.,
 ( 4, 4 ),
 ( 8.673617379884035472E-19, 0.005811690149545508353 ),
 .UNSPECIFIED. ) ;
#2388 = DIRECTION ( 'NONE',  ( 0.000000000000000000, 0.000000000000000000, 1.000000000000000000 ) ) ;
#2389 = VERTEX_POINT ( 'NONE', #838 ) ;
#2390 = CARTESIAN_POINT ( 'NONE',  ( -13.64999999999999858, -5.500000000000011546, -22.35662432702594060 ) ) ;
#2391 = DIRECTION ( 'NONE',  ( 0.000000000000000000, -1.000000000000000000, 0.000000000000000000 ) ) ;
#2392 = CARTESIAN_POINT ( 'NONE',  ( -12.13727472846355582, -5.409794818273353734, 12.39175071858877963 ) ) ;
#2393 = LINE ( 'NONE', #3209, #4823 ) ;
#2394 = VECTOR ( 'NONE', #1511, 1000.000000000000000 ) ;
#2395 = ORIENTED_EDGE ( 'NONE', *, *, #4286, .T. ) ;
#2396 = ORIENTED_EDGE ( 'NONE', *, *, #86, .F. ) ;
#2397 = ADVANCED_FACE ( 'NONE', ( #2316 ), #3750, .T. ) ;
#2398 = DIRECTION ( 'NONE',  ( -2.061858463601975203E-16, 0.000000000000000000, -1.000000000000000000 ) ) ;
#2399 = CARTESIAN_POINT ( 'NONE',  ( -10.07369368237359275, -8.178576580581252031, 15.92036420284061826 ) ) ;
#2400 = VERTEX_POINT ( 'NONE', #2473 ) ;
#2401 = VERTEX_POINT ( 'NONE', #3982 ) ;
#2402 = CARTESIAN_POINT ( 'NONE',  ( -10.45822403555044922, -6.299849155788868060, 13.78765255900150777 ) ) ;
#2403 = DIRECTION ( 'NONE',  ( -1.000000000000000000, 0.000000000000000000, -2.061858463601979147E-16 ) ) ;
#2404 = CARTESIAN_POINT ( 'NONE',  ( 10.69595927441265815, -5.200000000000009948, 12.78517472848842651 ) ) ;
#2405 = EDGE_LOOP ( 'NONE', ( #4329, #1491, #1248, #1239 ) ) ;
#2406 = CARTESIAN_POINT ( 'NONE',  ( 10.46547005383791529, -5.200000000000010836, -23.50000000000000000 ) ) ;
#2407 = CYLINDRICAL_SURFACE ( 'NONE', #594, 0.5000000000000004441 ) ;
#2408 = EDGE_CURVE ( 'NONE', #3986, #771, #2005, .T. ) ;
#2409 = DIRECTION ( 'NONE',  ( -0.000000000000000000, -0.000000000000000000, -1.000000000000000000 ) ) ;
#2410 = CARTESIAN_POINT ( 'NONE',  ( -10.47851538718936126, -5.199999999999872280, -21.92079602225477331 ) ) ;
#2411 = ORIENTED_EDGE ( 'NONE', *, *, #2608, .T. ) ;
#2412 = DIRECTION ( 'NONE',  ( 0.000000000000000000, 0.000000000000000000, 1.000000000000000000 ) ) ;
#2413 = CARTESIAN_POINT ( 'NONE',  ( 12.15680221654958792, -5.558578643762699834, 12.27457856830089966 ) ) ;
#2414 = LINE ( 'NONE', #3208, #1604 ) ;
#2415 = CARTESIAN_POINT ( 'NONE',  ( -7.249999999999997335, -14.50000000000001066, -1.057195595259448370E-15 ) ) ;
#2416 = ORIENTED_EDGE ( 'NONE', *, *, #915, .T. ) ;
#2417 = ORIENTED_EDGE ( 'NONE', *, *, #1891, .F. ) ;
#2418 = DIRECTION ( 'NONE',  ( -0.000000000000000000, -1.000000000000000000, -0.000000000000000000 ) ) ;
#2419 = VERTEX_POINT ( 'NONE', #4689 ) ;
#2420 = DIRECTION ( 'NONE',  ( 4.259132699590121732E-17, -0.000000000000000000, 1.000000000000000000 ) ) ;
#2421 = ADVANCED_FACE ( 'NONE', ( #4263 ), #955, .F. ) ;
#2422 = DIRECTION ( 'NONE',  ( 0.000000000000000000, 1.000000000000000000, 0.000000000000000000 ) ) ;
#2423 = EDGE_LOOP ( 'NONE', ( #4304, #2132, #3364, #1686, #4569, #4608, #657, #2395, #3594, #3336, #895, #3564, #3838, #4166, #1905 ) ) ;
#2424 = ORIENTED_EDGE ( 'NONE', *, *, #3502, .F. ) ;
#2425 = CARTESIAN_POINT ( 'NONE',  ( -11.85000000000000142, -5.200000000000010836, 2.800000000000002487 ) ) ;
#2426 = EDGE_CURVE ( 'NONE', #2938, #4645, #934, .T. ) ;
#2427 = PLANE ( 'NONE',  #975 ) ;
#2428 = EDGE_CURVE ( 'NONE', #1276, #2400, #733, .T. ) ;
#2429 = SURFACE_STYLE_FILL_AREA ( #948 ) ;
#2430 = ORIENTED_EDGE ( 'NONE', *, *, #2939, .F. ) ;
#2431 = CARTESIAN_POINT ( 'NONE',  ( -10.08618780039204843, -8.156936133377525877, 16.06160488096556094 ) ) ;
#2432 = DIRECTION ( 'NONE',  ( -0.8660254037844405950, -0.4999999999999966693, 0.000000000000000000 ) ) ;
#2433 = CARTESIAN_POINT ( 'NONE',  ( -7.752668494999186422, -12.49999999999999645, 16.61339394481344911 ) ) ;
#2434 = FACE_OUTER_BOUND ( 'NONE', #1663, .T. ) ;
#2435 = CARTESIAN_POINT ( 'NONE',  ( -10.29226497308102850, -5.300000000000011369, -22.23024303063489171 ) ) ;
#2436 = AXIS2_PLACEMENT_3D ( 'NONE', #4314, #620, #3893 ) ;
#2437 = VERTEX_POINT ( 'NONE', #3151 ) ;
#2438 = CARTESIAN_POINT ( 'NONE',  ( -12.65000000000000036, -18.33257888130140856, -12.35662432702593350 ) ) ;
#2439 = EDGE_CURVE ( 'NONE', #4522, #767, #4656, .T. ) ;
#2440 = DIRECTION ( 'NONE',  ( -1.000000000000000000, 0.000000000000000000, 6.505213034913027590E-16 ) ) ;
#2441 = FACE_OUTER_BOUND ( 'NONE', #3524, .T. ) ;
#2442 = ORIENTED_EDGE ( 'NONE', *, *, #277, .F. ) ;
#2443 = ORIENTED_EDGE ( 'NONE', *, *, #2518, .T. ) ;
#2444 = CARTESIAN_POINT ( 'NONE',  ( 9.569569365198228539, -9.446400990451008894, 17.87627698194153325 ) ) ;
#2445 =( BOUNDED_CURVE ( )  B_SPLINE_CURVE ( 3, ( #4862, #2677, #40, #726 ),
 .UNSPECIFIED., .F., .F. ) 
 B_SPLINE_CURVE_WITH_KNOTS ( ( 4, 4 ),
 ( 5.497939437029717880, 7.068431177329454584 ),
 .UNSPECIFIED. ) 
 CURVE ( )  GEOMETRIC_REPRESENTATION_ITEM ( )  RATIONAL_B_SPLINE_CURVE ( ( 1.000000000000000000, 0.8048096403827851297, 0.8048096403827851297, 1.000000000000000000 ) ) 
 REPRESENTATION_ITEM ( '' )  );
#2446 = ORIENTED_EDGE ( 'NONE', *, *, #4215, .F. ) ;
#2447 = AXIS2_PLACEMENT_3D ( 'NONE', #3577, #611, #3604 ) ;
#2448 = CARTESIAN_POINT ( 'NONE',  ( 12.15000000000000036, -8.256658748908494161, 15.24156266887024458 ) ) ;
#2449 = CARTESIAN_POINT ( 'NONE',  ( -12.15000000000000036, -6.950000000000011724, 12.35677313259561672 ) ) ;
#2450 = ORIENTED_EDGE ( 'NONE', *, *, #3064, .T. ) ;
#2451 = CARTESIAN_POINT ( 'NONE',  ( -10.15809406311464969, -12.49999999999999645, 15.80690261138537700 ) ) ;
#2452 = ORIENTED_EDGE ( 'NONE', *, *, #621, .F. ) ;
#2453 = CARTESIAN_POINT ( 'NONE',  ( 9.991746918085100404, -5.820512539844740374, -22.31487584642018973 ) ) ;
#2454 = B_SPLINE_CURVE_WITH_KNOTS ( 'NONE', 3,
 ( #552, #1640, #576, #1375 ),
 .UNSPECIFIED., .F., .F.,
 ( 4, 4 ),
 ( 3.670846212002981710E-15, 0.0004216201598569350268 ),
 .UNSPECIFIED. ) ;
#2455 = CIRCLE ( 'NONE', #35, 0.3000000000000016542 ) ;
#2456 = CARTESIAN_POINT ( 'NONE',  ( 12.65000000000000213, 17.00105930301486623, 12.35677313259562382 ) ) ;
#2457 = ORIENTED_EDGE ( 'NONE', *, *, #1007, .F. ) ;
#2458 = CARTESIAN_POINT ( 'NONE',  ( 11.96969696969697239, -12.50000000000001066, 17.00865962662715347 ) ) ;
#2459 = ORIENTED_EDGE ( 'NONE', *, *, #310, .T. ) ;
#2460 = CARTESIAN_POINT ( 'NONE',  ( 12.15000000000000036, -5.670226432448643550, 12.35677313259562382 ) ) ;
#2461 = VECTOR ( 'NONE', #2122, 1000.000000000000000 ) ;
#2462 = AXIS2_PLACEMENT_3D ( 'NONE', #2228, #3779, #2671 ) ;
#2463 = ORIENTED_EDGE ( 'NONE', *, *, #2465, .F. ) ;
#2464 = CARTESIAN_POINT ( 'NONE',  ( -10.47736025888788980, -5.203535655011138239, 12.93863505528360136 ) ) ;
#2465 = EDGE_CURVE ( 'NONE', #632, #4095, #2842, .T. ) ;
#2466 = CIRCLE ( 'NONE', #188, 0.2999999999999999334 ) ;
#2467 = EDGE_CURVE ( 'NONE', #1205, #4346, #2101, .T. ) ;
#2468 = AXIS2_PLACEMENT_3D ( 'NONE', #1717, #155, #1323 ) ;
#2469 = CARTESIAN_POINT ( 'NONE',  ( -10.23272644311155233, -8.253445652082598727, 15.85749211946089332 ) ) ;
#2470 = CARTESIAN_POINT ( 'NONE',  ( 0.000000000000000000, -9.707106781186602973, -10.49999999999999822 ) ) ;
#2471 = DIRECTION ( 'NONE',  ( 8.380306647230952385E-17, 1.000000000000000000, -0.000000000000000000 ) ) ;
#2472 = ORIENTED_EDGE ( 'NONE', *, *, #1607, .F. ) ;
#2473 = CARTESIAN_POINT ( 'NONE',  ( -12.15000000000000036, -12.50000000000001066, 16.73357303036088339 ) ) ;
#2474 = AXIS2_PLACEMENT_3D ( 'NONE', #2189, #1797, #3294 ) ;
#2475 = DIRECTION ( 'NONE',  ( 0.000000000000000000, 0.000000000000000000, -1.000000000000000000 ) ) ;
#2476 = ADVANCED_FACE ( 'NONE', ( #1339 ), #3237, .T. ) ;
#2477 = VERTEX_POINT ( 'NONE', #3558 ) ;
#2478 = ORIENTED_EDGE ( 'NONE', *, *, #208, .T. ) ;
#2479 = AXIS2_PLACEMENT_3D ( 'NONE', #2573, #720, #3707 ) ;
#2480 = CIRCLE ( 'NONE', #2003, 0.5000000000000004441 ) ;
#2481 = LINE ( 'NONE', #2197, #3254 ) ;
#2482 = CARTESIAN_POINT ( 'NONE',  ( 8.361262123005181124, -11.64114258464610963, 18.31730151992050892 ) ) ;
#2483 = EDGE_CURVE ( 'NONE', #990, #2938, #4634, .T. ) ;
#2484 = AXIS2_PLACEMENT_3D ( 'NONE', #580, #1303, #2062 ) ;
#2485 = LINE ( 'NONE', #3626, #1827 ) ;
#2486 = ORIENTED_EDGE ( 'NONE', *, *, #3099, .F. ) ;
#2487 = FACE_OUTER_BOUND ( 'NONE', #4845, .T. ) ;
#2488 = EDGE_CURVE ( 'NONE', #4597, #4034, #4246, .T. ) ;
#2489 = EDGE_CURVE ( 'NONE', #1616, #4354, #3862, .T. ) ;
#2490 = CARTESIAN_POINT ( 'NONE',  ( -3.500000000000000000, -12.50000000000001066, 10.52693615844911079 ) ) ;
#2491 = LINE ( 'NONE', #1779, #1346 ) ;
#2492 = ORIENTED_EDGE ( 'NONE', *, *, #4173, .F. ) ;
#2493 = DIRECTION ( 'NONE',  ( 2.061858463601975203E-16, 0.000000000000000000, -1.000000000000000000 ) ) ;
#2494 = ORIENTED_EDGE ( 'NONE', *, *, #3401, .F. ) ;
#2495 = B_SPLINE_CURVE_WITH_KNOTS ( 'NONE', 3,
 ( #2860, #2404, #2801, #927 ),
 .UNSPECIFIED., .F., .F.,
 ( 4, 4 ),
 ( 0.000000000000000000, 0.0004024572877274560094 ),
 .UNSPECIFIED. ) ;
#2496 = CARTESIAN_POINT ( 'NONE',  ( 13.94289321881344890, -6.000000000000024869, 2.500000000000001332 ) ) ;
#2497 = ADVANCED_FACE ( 'NONE', ( #2360 ), #4291, .F. ) ;
#2498 = CARTESIAN_POINT ( 'NONE',  ( -14.14999999999999680, -5.500000000000011546, -13.79999999999999893 ) ) ;
#2499 = CARTESIAN_POINT ( 'NONE',  ( -10.23452994616206624, -5.400000000000011902, -23.59999999999999787 ) ) ;
#2500 = CARTESIAN_POINT ( 'NONE',  ( -14.14999999999999858, -6.950000000000011724, -22.64529946162074836 ) ) ;
#2501 = ORIENTED_EDGE ( 'NONE', *, *, #3572, .F. ) ;
#2502 =( NAMED_UNIT ( * ) PLANE_ANGLE_UNIT ( ) SI_UNIT ( $, .RADIAN. ) );
#2503 = ORIENTED_EDGE ( 'NONE', *, *, #2967, .F. ) ;
#2504 = CARTESIAN_POINT ( 'NONE',  ( 6.231001559610984231, -12.50000000000001421, -23.80000000000000071 ) ) ;
#2505 = CARTESIAN_POINT ( 'NONE',  ( -10.25939288115325354, -8.256936133370048836, 16.06160488095588335 ) ) ;
#2506 = VERTEX_POINT ( 'NONE', #2076 ) ;
#2507 = CARTESIAN_POINT ( 'NONE',  ( -12.15680221654958615, -5.558578643762706939, 12.27457856830090321 ) ) ;
#2508 = ORIENTED_EDGE ( 'NONE', *, *, #3201, .F. ) ;
#2509 = FACE_OUTER_BOUND ( 'NONE', #3187, .T. ) ;
#2510 = AXIS2_PLACEMENT_3D ( 'NONE', #542, #3918, #1312 ) ;
#2511 = CARTESIAN_POINT ( 'NONE',  ( 14.14999999999999858, -5.500000000000011546, 3.000000000000001332 ) ) ;
#2512 = VERTEX_POINT ( 'NONE', #4661 ) ;
#2513 = CARTESIAN_POINT ( 'NONE',  ( -13.64999999999999858, -5.500000000000011546, 2.500000000000001332 ) ) ;
#2514 = CARTESIAN_POINT ( 'NONE',  ( 12.15000000000000036, -9.653411159167218258, 16.73357303036088339 ) ) ;
#2515 = EDGE_CURVE ( 'NONE', #4802, #2291, #3949, .T. ) ;
#2516 = LINE ( 'NONE', #319, #3583 ) ;
#2517 = CARTESIAN_POINT ( 'NONE',  ( 10.03110706658982032, -13.57975736982442072, -21.68110706658982068 ) ) ;
#2518 = EDGE_CURVE ( 'NONE', #646, #3171, #148, .T. ) ;
#2519 = ADVANCED_FACE ( 'NONE', ( #4319 ), #3589, .T. ) ;
#2520 = DIRECTION ( 'NONE',  ( -0.000000000000000000, -1.000000000000000000, -0.000000000000000000 ) ) ;
#2521 = FACE_OUTER_BOUND ( 'NONE', #3652, .T. ) ;
#2522 = ORIENTED_EDGE ( 'NONE', *, *, #3718, .F. ) ;
#2523 = CARTESIAN_POINT ( 'NONE',  ( -10.47399188756785016, -5.396509518712552911, 12.73659050946309179 ) ) ;
#2524 = ORIENTED_EDGE ( 'NONE', *, *, #339, .F. ) ;
#2525 = DIRECTION ( 'NONE',  ( -0.8660254037844384856, 0.000000000000000000, -0.5000000000000003331 ) ) ;
#2526 = CARTESIAN_POINT ( 'NONE',  ( 12.15000000000000036, -9.565685424949291971, 16.66967721593322338 ) ) ;
#2527 = VERTEX_POINT ( 'NONE', #2124 ) ;
#2528 = CARTESIAN_POINT ( 'NONE',  ( 0.000000000000000000, -14.50000000000001066, 0.000000000000000000 ) ) ;
#2529 = CARTESIAN_POINT ( 'NONE',  ( 10.47245814652242046, -5.484377484356588894, 12.88477304920238531 ) ) ;
#2530 = AXIS2_PLACEMENT_3D ( 'NONE', #220, #3104, #3532 ) ;
#2531 = DIRECTION ( 'NONE',  ( -0.4999999999999978351, 0.8660254037844399289, 0.000000000000000000 ) ) ;
#2532 = ADVANCED_FACE ( 'NONE', ( #3218 ), #1723, .T. ) ;
#2533 = AXIS2_PLACEMENT_3D ( 'NONE', #4369, #1001, #2493 ) ;
#2534 = CARTESIAN_POINT ( 'NONE',  ( 10.15809406311464436, -12.49999999999999645, 15.80690261138537345 ) ) ;
#2535 = CARTESIAN_POINT ( 'NONE',  ( -10.70924895405081756, -6.455803960670494668, 14.23716544000661877 ) ) ;
#2536 = AXIS2_PLACEMENT_3D ( 'NONE', #1006, #2928, #3277 ) ;
#2537 = ADVANCED_FACE ( 'NONE', ( #212 ), #1700, .F. ) ;
#2538 = ADVANCED_BREP_SHAPE_REPRESENTATION ( '260810_1958_21-001_B_DIY_Wallmount', ( #158, #3734 ), #4445 ) ;
#2539 = CARTESIAN_POINT ( 'NONE',  ( 13.64999999999999858, -5.500000000000011546, 3.000000000000001332 ) ) ;
#2540 = CARTESIAN_POINT ( 'NONE',  ( 10.40317855229353938, -9.453402779523692345, 15.56353664816458782 ) ) ;
#2541 = ADVANCED_FACE ( 'NONE', ( #4333 ), #2427, .T. ) ;
#2542 = AXIS2_PLACEMENT_3D ( 'NONE', #2906, #2835, #4766 ) ;
#2543 = CARTESIAN_POINT ( 'NONE',  ( 11.96969696969697061, -9.707106781186604749, 17.00865962662715347 ) ) ;
#2544 = CARTESIAN_POINT ( 'NONE',  ( 12.14999999999915126, -5.510182038911169755, 12.49885748518432749 ) ) ;
#2545 = EDGE_LOOP ( 'NONE', ( #4411, #4209, #3526, #2804, #3536 ) ) ;
#2546 = LINE ( 'NONE', #4406, #344 ) ;
#2547 = DIRECTION ( 'NONE',  ( 0.000000000000000000, 1.000000000000000000, 0.000000000000000000 ) ) ;
#2548 = ORIENTED_EDGE ( 'NONE', *, *, #3052, .F. ) ;
#2549 = EDGE_CURVE ( 'NONE', #3690, #4053, #261, .T. ) ;
#2550 = CARTESIAN_POINT ( 'NONE',  ( -12.15000000000000036, -5.670226432448635556, 12.35677313259561672 ) ) ;
#2551 = AXIS2_PLACEMENT_3D ( 'NONE', #2840, #2418, #4669 ) ;
#2552 = AXIS2_PLACEMENT_3D ( 'NONE', #1757, #3253, #2276 ) ;
#2553 = CARTESIAN_POINT ( 'NONE',  ( 15.75000000000000355, -16.69999999999999929, -22.20000000000000284 ) ) ;
#2554 = ORIENTED_EDGE ( 'NONE', *, *, #3426, .T. ) ;
#2555 = CARTESIAN_POINT ( 'NONE',  ( 12.15000000000000036, -5.670226432448643550, 12.35677313259562382 ) ) ;
#2556 = CARTESIAN_POINT ( 'NONE',  ( 10.46547005383791706, -5.200000000000010836, -23.67573593128805953 ) ) ;
#2557 = DIRECTION ( 'NONE',  ( -0.5000000000000001110, -0.8660254037844385966, 0.000000000000000000 ) ) ;
#2558 = CARTESIAN_POINT ( 'NONE',  ( -12.15000000000000036, -9.565685424949297300, 16.66967721593322338 ) ) ;
#2559 = CARTESIAN_POINT ( 'NONE',  ( 13.64999999999999680, -5.200000000000010836, 10.62472232502674885 ) ) ;
#2560 = ADVANCED_FACE ( 'NONE', ( #996 ), #1666, .T. ) ;
#2561 = CARTESIAN_POINT ( 'NONE',  ( 10.67396142659912250, -5.200000000000010836, -21.82403757902092778 ) ) ;
#2562 = DIRECTION ( 'NONE',  ( 1.000000000000000000, 0.000000000000000000, 1.458200821047515291E-16 ) ) ;
#2563 = CARTESIAN_POINT ( 'NONE',  ( 10.47399188756784838, -5.396509518712553799, -21.82403757902092778 ) ) ;
#2564 = ORIENTED_EDGE ( 'NONE', *, *, #2905, .T. ) ;
#2565 = FACE_OUTER_BOUND ( 'NONE', #2091, .T. ) ;
#2566 = DIRECTION ( 'NONE',  ( -0.000000000000000000, -1.000000000000000000, -0.000000000000000000 ) ) ;
#2567 = ORIENTED_EDGE ( 'NONE', *, *, #338, .F. ) ;
#2568 = ORIENTED_EDGE ( 'NONE', *, *, #2356, .T. ) ;
#2569 = VERTEX_POINT ( 'NONE', #2490 ) ;
#2570 = DIRECTION ( 'NONE',  ( 0.000000000000000000, 1.000000000000000000, 0.000000000000000000 ) ) ;
#2571 = DIRECTION ( 'NONE',  ( -0.01181714442706120576, 0.6770037508129334025, -0.7358846896646304980 ) ) ;
#2572 = ADVANCED_FACE ( 'NONE', ( #4702 ), #2851, .T. ) ;
#2573 = CARTESIAN_POINT ( 'NONE',  ( -14.14999999999999680, -18.33257888130140856, -13.79999999999999893 ) ) ;
#2574 = EDGE_LOOP ( 'NONE', ( #869, #1330, #2567 ) ) ;
#2575 = CARTESIAN_POINT ( 'NONE',  ( 11.94763723614615714, -5.458094398092683264, 12.54509989680543924 ) ) ;
#2576 = CARTESIAN_POINT ( 'NONE',  ( 13.84999999999999432, -5.200000000000010836, 2.716235922427032418E-15 ) ) ;
#2577 = CARTESIAN_POINT ( 'NONE',  ( 12.25000000000000178, -5.500000000000010658, 11.66395280956806957 ) ) ;
#2578 = CARTESIAN_POINT ( 'NONE',  ( 0.000000000000000000, -8.256936133370048836, -10.49999999999999822 ) ) ;
#2579 = ADVANCED_FACE ( 'NONE', ( #1021 ), #101, .T. ) ;
#2580 = EDGE_CURVE ( 'NONE', #3777, #4597, #2800, .T. ) ;
#2581 = DIRECTION ( 'NONE',  ( 8.673617379884049672E-15, 0.7914872521527187565, 0.6111856752900368672 ) ) ;
#2582 = FACE_OUTER_BOUND ( 'NONE', #1632, .T. ) ;
#2583 = DIRECTION ( 'NONE',  ( 0.8660254037844382635, 0.000000000000000000, -0.5000000000000006661 ) ) ;
#2584 = DIRECTION ( 'NONE',  ( 0.5000000000000022204, 0.000000000000000000, 0.8660254037844372643 ) ) ;
#2585 = FACE_OUTER_BOUND ( 'NONE', #469, .T. ) ;
#2586 = ADVANCED_FACE ( 'NONE', ( #2064 ), #970, .F. ) ;
#2587 = ORIENTED_EDGE ( 'NONE', *, *, #2439, .F. ) ;
#2588 = CARTESIAN_POINT ( 'NONE',  ( -13.89999999999999503, -18.33257888130140856, 11.05773502691896759 ) ) ;
#2589 = CARTESIAN_POINT ( 'NONE',  ( 11.85000000000000142, -5.200000000000010836, -12.35662432702593172 ) ) ;
#2590 = EDGE_LOOP ( 'NONE', ( #3040, #4271, #2620, #695 ) ) ;
#2591 = CYLINDRICAL_SURFACE ( 'NONE', #1532, 0.5000000000000004441 ) ;
#2592 =( GEOMETRIC_REPRESENTATION_CONTEXT ( 3 ) GLOBAL_UNCERTAINTY_ASSIGNED_CONTEXT ( ( #3628 ) ) GLOBAL_UNIT_ASSIGNED_CONTEXT ( ( #2377, #3579, #1574 ) ) REPRESENTATION_CONTEXT ( 'NONE', 'WORKASPACE' ) );
#2593 = CIRCLE ( 'NONE', #3468, 0.3000000000000000444 ) ;
#2594 = DIRECTION ( 'NONE',  ( 0.000000000000000000, 0.000000000000000000, -1.000000000000000000 ) ) ;
#2595 = CYLINDRICAL_SURFACE ( 'NONE', #3889, 0.2999999999999999334 ) ;
#2596 = ORIENTED_EDGE ( 'NONE', *, *, #2213, .T. ) ;
#2597 = DIRECTION ( 'NONE',  ( 1.000000000000000000, 0.000000000000000000, 0.000000000000000000 ) ) ;
#2598 = CYLINDRICAL_SURFACE ( 'NONE', #1380, 0.5000000000000004441 ) ;
#2599 = DIRECTION ( 'NONE',  ( -0.8660254037844395958, 0.000000000000000000, -0.4999999999999983347 ) ) ;
#2600 = CARTESIAN_POINT ( 'NONE',  ( -12.14999999999999858, 17.00105930301486623, -23.80000000000000071 ) ) ;
#2601 =( BOUNDED_CURVE ( )  B_SPLINE_CURVE ( 3, ( #3123, #1238, #2710, #3149 ),
 .UNSPECIFIED., .F., .F. ) 
 B_SPLINE_CURVE_WITH_KNOTS ( ( 4, 4 ),
 ( 1.230561682220554731, 1.323525798598271352 ),
 .UNSPECIFIED. ) 
 CURVE ( )  GEOMETRIC_REPRESENTATION_ITEM ( )  RATIONAL_B_SPLINE_CURVE ( ( 1.000000000000000000, 0.9992799357493213908, 0.9992799357493213908, 1.000000000000000000 ) ) 
 REPRESENTATION_ITEM ( '' )  );
#2602 = DIRECTION ( 'NONE',  ( -0.000000000000000000, -1.000000000000000000, -0.000000000000000000 ) ) ;
#2603 = VECTOR ( 'NONE', #2829, 1000.000000000000114 ) ;
#2604 = DIRECTION ( 'NONE',  ( 0.000000000000000000, 0.000000000000000000, 1.000000000000000000 ) ) ;
#2605 = EDGE_CURVE ( 'NONE', #3646, #1661, #665, .T. ) ;
#2606 = EDGE_CURVE ( 'NONE', #673, #2291, #3392, .T. ) ;
#2607 = CIRCLE ( 'NONE', #4036, 28.19999999999999218 ) ;
#2608 = EDGE_CURVE ( 'NONE', #2712, #990, #1304, .T. ) ;
#2609 = AXIS2_PLACEMENT_3D ( 'NONE', #2353, #2379, #482 ) ;
#2610 = VECTOR ( 'NONE', #2422, 1000.000000000000000 ) ;
#2611 = CARTESIAN_POINT ( 'NONE',  ( -12.14999999999999858, -5.500000000000011546, -23.80000000000000071 ) ) ;
#2612 = CYLINDRICAL_SURFACE ( 'NONE', #2201, 0.2999999999999998779 ) ;
#2613 = PLANE ( 'NONE',  #897 ) ;
#2614 = ORIENTED_EDGE ( 'NONE', *, *, #3111, .T. ) ;
#2615 = CARTESIAN_POINT ( 'NONE',  ( 13.64999999999999858, -5.500000000000011546, 3.000000000000001332 ) ) ;
#2616 = CARTESIAN_POINT ( 'NONE',  ( 10.42884923906420269, -7.982730119397233537, 15.60692750119798511 ) ) ;
#2617 = AXIS2_PLACEMENT_3D ( 'NONE', #3432, #2566, #841 ) ;
#2618 = VERTEX_POINT ( 'NONE', #3522 ) ;
#2619 = ORIENTED_EDGE ( 'NONE', *, *, #617, .F. ) ;
#2620 = ORIENTED_EDGE ( 'NONE', *, *, #3683, .T. ) ;
#2621 = CARTESIAN_POINT ( 'NONE',  ( -6.135343034915755389, -12.49999999999999467, -18.80000000000000071 ) ) ;
#2622 = VECTOR ( 'NONE', #643, 1000.000000000000000 ) ;
#2623 = ADVANCED_FACE ( 'NONE', ( #4556 ), #1184, .T. ) ;
#2624 = EDGE_CURVE ( 'NONE', #2419, #4825, #2351, .T. ) ;
#2625 = DIRECTION ( 'NONE',  ( 0.000000000000000000, 0.000000000000000000, 1.000000000000000000 ) ) ;
#2626 = DIRECTION ( 'NONE',  ( 2.061858463601975203E-16, -0.000000000000000000, 1.000000000000000000 ) ) ;
#2627 = ORIENTED_EDGE ( 'NONE', *, *, #3576, .T. ) ;
#2628 = VECTOR ( 'NONE', #4447, 1000.000000000000114 ) ;
#2629 = VECTOR ( 'NONE', #2323, 1000.000000000000000 ) ;
#2630 = CARTESIAN_POINT ( 'NONE',  ( -13.84999999999999964, -5.200000000000010836, 2.855673972088735444E-15 ) ) ;
#2631 = DIRECTION ( 'NONE',  ( 1.000000000000000000, -0.000000000000000000, 4.259132699590121732E-17 ) ) ;
#2632 = AXIS2_PLACEMENT_3D ( 'NONE', #1158, #3719, #362 ) ;
#2633 = CARTESIAN_POINT ( 'NONE',  ( 11.91959270340541543, -5.199999999999902478, 12.15642708454184273 ) ) ;
#2634 = ADVANCED_FACE ( 'NONE', ( #161 ), #4561, .T. ) ;
#2635 = CIRCLE ( 'NONE', #4052, 0.2999999999999990452 ) ;
#2636 = CARTESIAN_POINT ( 'NONE',  ( 10.08221126397144118, -5.663823696497122029, -22.15241571883702321 ) ) ;
#2637 =( BOUNDED_CURVE ( )  B_SPLINE_CURVE ( 3, ( #3758, #4574, #3038, #1888 ),
 .UNSPECIFIED., .F., .F. ) 
 B_SPLINE_CURVE_WITH_KNOTS ( ( 4, 4 ),
 ( 1.833954892589385821, 1.892495557933565165 ),
 .UNSPECIFIED. ) 
 CURVE ( )  GEOMETRIC_REPRESENTATION_ITEM ( )  RATIONAL_B_SPLINE_CURVE ( ( 1.000000000000000000, 0.9997144362640791870, 0.9997144362640791870, 1.000000000000000000 ) ) 
 REPRESENTATION_ITEM ( '' )  );
#2638 = EDGE_CURVE ( 'NONE', #2898, #1702, #560, .T. ) ;
#2639 = LINE ( 'NONE', #3821, #3495 ) ;
#2640 = CARTESIAN_POINT ( 'NONE',  ( -10.23864922293310542, -7.916435142451952345, 15.86150271378523158 ) ) ;
#2641 = EDGE_LOOP ( 'NONE', ( #2548, #973, #4638, #1690 ) ) ;
#2642 = EDGE_CURVE ( 'NONE', #1568, #3851, #4429, .T. ) ;
#2643 = FACE_OUTER_BOUND ( 'NONE', #1147, .T. ) ;
#2644 = CYLINDRICAL_SURFACE ( 'NONE', #1434, 31.93912560847268622 ) ;
#2645 = FACE_OUTER_BOUND ( 'NONE', #4706, .T. ) ;
#2646 = CARTESIAN_POINT ( 'NONE',  ( 12.16394755894221014, -5.524651349226381569, 12.23929855267384958 ) ) ;
#2647 = VERTEX_POINT ( 'NONE', #4184 ) ;
#2648 = ORIENTED_EDGE ( 'NONE', *, *, #4264, .T. ) ;
#2649 = CARTESIAN_POINT ( 'NONE',  ( -12.40000000000000391, -6.950000000000011724, 11.92376043070339797 ) ) ;
#2650 = EDGE_LOOP ( 'NONE', ( #33, #544, #4230, #1564 ) ) ;
#2651 = CARTESIAN_POINT ( 'NONE',  ( -11.91999809884069528, -5.200000000000010836, 12.17638576155986030 ) ) ;
#2652 = DIRECTION ( 'NONE',  ( -2.061858463601975203E-16, -0.000000000000000000, 1.000000000000000000 ) ) ;
#2653 = CARTESIAN_POINT ( 'NONE',  ( -12.15000000000000036, -5.670226432448636444, 12.35677313259561672 ) ) ;
#2654 = DIRECTION ( 'NONE',  ( 0.4999428824215580436, -0.8659264732365768991, 0.01511480281340694953 ) ) ;
#2655 = CARTESIAN_POINT ( 'NONE',  ( -9.993245265930500665, -5.817917325249093885, -22.11663618694349509 ) ) ;
#2656 = CARTESIAN_POINT ( 'NONE',  ( 0.000000000000000000, -9.707106781186604749, -10.49999999999999822 ) ) ;
#2657 = B_SPLINE_CURVE_WITH_KNOTS ( 'NONE', 3,
 ( #381, #2950, #36, #2253, #2988, #15, #1893, #1919, #1519, #1154 ),
 .UNSPECIFIED., .F., .F.,
 ( 4, 3, 3, 4 ),
 ( 0.000000000000000000, 0.0006000000000008180864, 0.003000000000101927210, 0.004247511403331826960 ),
 .UNSPECIFIED. ) ;
#2658 = DIRECTION ( 'NONE',  ( 0.000000000000000000, 1.000000000000000000, 0.000000000000000000 ) ) ;
#2659 = FACE_OUTER_BOUND ( 'NONE', #3962, .T. ) ;
#2660 = ORIENTED_EDGE ( 'NONE', *, *, #4573, .F. ) ;
#2661 = DIRECTION ( 'NONE',  ( -1.000000000000000000, 0.000000000000000000, 0.000000000000000000 ) ) ;
#2662 = DIRECTION ( 'NONE',  ( 0.000000000000000000, 0.000000000000000000, 1.000000000000000000 ) ) ;
#2663 = CARTESIAN_POINT ( 'NONE',  ( 10.67396142659912250, -5.400000000000011013, 40.49704415459112994 ) ) ;
#2664 = ORIENTED_EDGE ( 'NONE', *, *, #2125, .T. ) ;
#2665 = CARTESIAN_POINT ( 'NONE',  ( 12.15818472172125020, -5.547835504113149518, 12.26628302598465581 ) ) ;
#2666 = ORIENTED_EDGE ( 'NONE', *, *, #2833, .F. ) ;
#2667 = EDGE_LOOP ( 'NONE', ( #892, #3831, #3541, #4204 ) ) ;
#2668 = VERTEX_POINT ( 'NONE', #2723 ) ;
#2669 = CARTESIAN_POINT ( 'NONE',  ( -7.250000000000000000, -12.50000000000001066, 14.27693615844911257 ) ) ;
#2670 = ADVANCED_FACE ( 'NONE', ( #3063 ), #4213, .T. ) ;
#2671 = DIRECTION ( 'NONE',  ( 0.4999999999999977796, -0.8660254037844399289, 0.000000000000000000 ) ) ;
#2672 = CARTESIAN_POINT ( 'NONE',  ( 10.71496903991379490, -6.161917841489141345, 13.91719395696478934 ) ) ;
#2673 = VERTEX_POINT ( 'NONE', #854 ) ;
#2674 = ORIENTED_EDGE ( 'NONE', *, *, #248, .T. ) ;
#2675 = CARTESIAN_POINT ( 'NONE',  ( 13.64999999999999680, -18.33257888130140856, 10.62472232502674885 ) ) ;
#2676 = CARTESIAN_POINT ( 'NONE',  ( -10.44390727800191776, -7.120055646421229234, 14.68621274616882033 ) ) ;
#2677 = CARTESIAN_POINT ( 'NONE',  ( 10.34999999999999787, -12.50000000000001421, -21.87576593954803172 ) ) ;
#2678 = CARTESIAN_POINT ( 'NONE',  ( -10.27444615414607831, -5.330863099726214749, -22.12314052012943577 ) ) ;
#2679 = AXIS2_PLACEMENT_3D ( 'NONE', #3051, #1556, #2661 ) ;
#2680 = EDGE_CURVE ( 'NONE', #788, #425, #2144, .T. ) ;
#2681 = DIRECTION ( 'NONE',  ( -0.000000000000000000, 1.000000000000000000, -0.000000000000000000 ) ) ;
#2682 = CARTESIAN_POINT ( 'NONE',  ( -10.43000642219119989, -7.916435142451952345, 15.58189717902246763 ) ) ;
#2683 = CIRCLE ( 'NONE', #1986, 0.2999999999999994338 ) ;
#2684 = VERTEX_POINT ( 'NONE', #459 ) ;
#2685 = EDGE_CURVE ( 'NONE', #495, #848, #2743, .T. ) ;
#2686 = VECTOR ( 'NONE', #3423, 1000.000000000000000 ) ;
#2687 = CARTESIAN_POINT ( 'NONE',  ( 12.14999999999999858, 17.00105930301486623, -12.35662432702593172 ) ) ;
#2688 = CARTESIAN_POINT ( 'NONE',  ( -9.590040606654717692, -9.353553390593326355, 17.77128881405509375 ) ) ;
#2689 = DIRECTION ( 'NONE',  ( -0.000000000000000000, 1.000000000000000000, -0.000000000000000000 ) ) ;
#2690 = CARTESIAN_POINT ( 'NONE',  ( 12.16000887268056552, -5.538020167914554648, 12.25663522077027068 ) ) ;
#2691 = ORIENTED_EDGE ( 'NONE', *, *, #4456, .F. ) ;
#2692 = EDGE_CURVE ( 'NONE', #447, #1276, #899, .T. ) ;
#2693 = VERTEX_POINT ( 'NONE', #480 ) ;
#2694 = CARTESIAN_POINT ( 'NONE',  ( 10.67588132324112138, -7.882584065457422184, 15.79823974235710438 ) ) ;
#2695 = AXIS2_PLACEMENT_3D ( 'NONE', #3888, #1671, #164 ) ;
#2696 = VECTOR ( 'NONE', #964, 1000.000000000000000 ) ;
#2697 = DIRECTION ( 'NONE',  ( 0.8660254037844383745, 0.000000000000000000, -0.5000000000000003331 ) ) ;
#2698 = ORIENTED_EDGE ( 'NONE', *, *, #86, .T. ) ;
#2699 = ADVANCED_FACE ( 'NONE', ( #3090 ), #3884, .T. ) ;
#2700 = CARTESIAN_POINT ( 'NONE',  ( -12.14999999999999858, -12.50000000000001066, -25.80000000000000782 ) ) ;
#2701 = DIRECTION ( 'NONE',  ( 0.000000000000000000, 0.000000000000000000, 1.000000000000000000 ) ) ;
#2702 = CARTESIAN_POINT ( 'NONE',  ( 9.434158571266095805, -9.286283886243646535, 17.75313192372675886 ) ) ;
#2703 = CIRCLE ( 'NONE', #4761, 25.84644660940668714 ) ;
#2704 = CARTESIAN_POINT ( 'NONE',  ( 15.22674262636435571, -16.69999999999999929, 17.57586247338190688 ) ) ;
#2705 = DIRECTION ( 'NONE',  ( 0.000000000000000000, 0.000000000000000000, 1.000000000000000000 ) ) ;
#2706 = CARTESIAN_POINT ( 'NONE',  ( 14.14999999999999680, -6.950000000000011724, 10.62472232502674885 ) ) ;
#2707 = AXIS2_PLACEMENT_3D ( 'NONE', #2123, #2471, #4786 ) ;
#2708 = AXIS2_PLACEMENT_3D ( 'NONE', #1174, #790, #498 ) ;
#2709 = AXIS2_PLACEMENT_3D ( 'NONE', #1799, #4396, #3200 ) ;
#2710 = CARTESIAN_POINT ( 'NONE',  ( 8.425997353070147966, -11.03247033837956614, 16.60599164072876377 ) ) ;
#2711 = CARTESIAN_POINT ( 'NONE',  ( -10.46033576698818024, -8.105554666161573607, 16.12445953182278657 ) ) ;
#2712 = VERTEX_POINT ( 'NONE', #2529 ) ;
#2713 = PLANE ( 'NONE',  #4041 ) ;
#2714 = PLANE ( 'NONE',  #39 ) ;
#2715 = ORIENTED_EDGE ( 'NONE', *, *, #4078, .F. ) ;
#2716 = VERTEX_POINT ( 'NONE', #2190 ) ;
#2717 = LINE ( 'NONE', #3133, #2629 ) ;
#2718 = CARTESIAN_POINT ( 'NONE',  ( -7.682197674665750320, -12.62291739712397209, 16.63121515033815356 ) ) ;
#2719 = ORIENTED_EDGE ( 'NONE', *, *, #4078, .T. ) ;
#2720 = ORIENTED_EDGE ( 'NONE', *, *, #1821, .F. ) ;
#2721 = DIRECTION ( 'NONE',  ( 0.000000000000000000, -0.000000000000000000, -1.000000000000000000 ) ) ;
#2722 = EDGE_CURVE ( 'NONE', #3512, #582, #3712, .T. ) ;
#2723 = CARTESIAN_POINT ( 'NONE',  ( -13.84999999999999964, -5.200000000000010836, 3.000000000000001332 ) ) ;
#2724 = DIRECTION ( 'NONE',  ( 0.000000000000000000, 0.7772896257502412976, 0.6291429390059540827 ) ) ;
#2725 = CARTESIAN_POINT ( 'NONE',  ( -3.500000000000000000, -14.50000000000001066, 10.52693615844911079 ) ) ;
#2726 = EDGE_CURVE ( 'NONE', #2866, #1119, #639, .T. ) ;
#2727 = DIRECTION ( 'NONE',  ( 0.000000000000000000, 0.000000000000000000, 1.000000000000000000 ) ) ;
#2728 = ADVANCED_FACE ( 'NONE', ( #4021 ), #1755, .F. ) ;
#2729 =( BOUNDED_CURVE ( )  B_SPLINE_CURVE ( 3, ( #4016, #676, #3192, #946 ),
 .UNSPECIFIED., .F., .F. ) 
 B_SPLINE_CURVE_WITH_KNOTS ( ( 4, 4 ),
 ( 1.835961930830894762, 1.892495557933581152 ),
 .UNSPECIFIED. ) 
 CURVE ( )  GEOMETRIC_REPRESENTATION_ITEM ( )  RATIONAL_B_SPLINE_CURVE ( ( 1.000000000000000000, 0.9997336801506726545, 0.9997336801506726545, 1.000000000000000000 ) ) 
 REPRESENTATION_ITEM ( '' )  );
#2730 = DIRECTION ( 'NONE',  ( -0.000000000000000000, 1.000000000000000000, -0.000000000000000000 ) ) ;
#2731 = VERTEX_POINT ( 'NONE', #333 ) ;
#2732 = DIRECTION ( 'NONE',  ( 0.000000000000000000, 0.000000000000000000, 1.000000000000000000 ) ) ;
#2733 = VECTOR ( 'NONE', #1283, 1000.000000000000000 ) ;
#2734 = CARTESIAN_POINT ( 'NONE',  ( -9.532536238774032000, -9.571864017566387162, 17.94526716996235649 ) ) ;
#2735 = CARTESIAN_POINT ( 'NONE',  ( 15.22674262636435571, -12.50000000000001066, 17.57586247338190688 ) ) ;
#2736 = VERTEX_POINT ( 'NONE', #2513 ) ;
#2737 = ORIENTED_EDGE ( 'NONE', *, *, #3722, .T. ) ;
#2738 = CARTESIAN_POINT ( 'NONE',  ( -11.95638534771071981, -9.443949195209084380, 16.95332757789120137 ) ) ;
#2739 = EDGE_CURVE ( 'NONE', #4473, #891, #2170, .T. ) ;
#2740 = CARTESIAN_POINT ( 'NONE',  ( 11.96969696969697594, 17.00105930301486623, 17.00865962662715702 ) ) ;
#2741 = VERTEX_POINT ( 'NONE', #4462 ) ;
#2742 = DIRECTION ( 'NONE',  ( 1.462565176765435959E-18, 0.01745240643728354982, 0.9998476951563912696 ) ) ;
#2743 = LINE ( 'NONE', #2769, #3245 ) ;
#2744 = CARTESIAN_POINT ( 'NONE',  ( 11.94763723614615714, -5.458094398092683264, 12.54509989680543924 ) ) ;
#2745 = ORIENTED_EDGE ( 'NONE', *, *, #2270, .T. ) ;
#2746 = CARTESIAN_POINT ( 'NONE',  ( 9.422136467265472604, -9.707106781186604749, 17.77124589387998199 ) ) ;
#2747 = EDGE_CURVE ( 'NONE', #1909, #1119, #3320, .T. ) ;
#2748 = CARTESIAN_POINT ( 'NONE',  ( 10.20042108866185337, -10.09162973514458272, 15.83560760971758086 ) ) ;
#2749 = AXIS2_PLACEMENT_3D ( 'NONE', #2553, #2117, #614 ) ;
#2750 = VERTEX_POINT ( 'NONE', #659 ) ;
#2751 = LINE ( 'NONE', #2100, #2237 ) ;
#2752 = CARTESIAN_POINT ( 'NONE',  ( 10.69737327148842709, -7.061335993031185865, 14.90120623175214121 ) ) ;
#2753 =( BOUNDED_CURVE ( )  B_SPLINE_CURVE ( 3, ( #2357, #4632, #4221, #1681 ),
 .UNSPECIFIED., .F., .F. ) 
 B_SPLINE_CURVE_WITH_KNOTS ( ( 4, 4 ),
 ( -2.664535259100375697E-15, 1.570796326794896558 ),
 .UNSPECIFIED. ) 
 CURVE ( )  GEOMETRIC_REPRESENTATION_ITEM ( )  RATIONAL_B_SPLINE_CURVE ( ( 1.000000000000000000, 0.8047378541243643824, 0.8047378541243643824, 1.000000000000000000 ) ) 
 REPRESENTATION_ITEM ( '' )  );
#2754 = CARTESIAN_POINT ( 'NONE',  ( -11.94276068905702815, -6.743991078266460271, 13.99606738123651972 ) ) ;
#2755 = CIRCLE ( 'NONE', #4183, 0.2999999999999999334 ) ;
#2756 = DIRECTION ( 'NONE',  ( -1.000000000000000000, 0.000000000000000000, -1.961181171427463072E-16 ) ) ;
#2757 = ORIENTED_EDGE ( 'NONE', *, *, #248, .F. ) ;
#2758 = ORIENTED_EDGE ( 'NONE', *, *, #290, .T. ) ;
#2759 = CARTESIAN_POINT ( 'NONE',  ( 9.257779350891055969, -9.591781657332600020, 16.35472816746121794 ) ) ;
#2760 = ORIENTED_EDGE ( 'NONE', *, *, #3619, .T. ) ;
#2761 = VECTOR ( 'NONE', #2900, 1000.000000000000000 ) ;
#2762 = CARTESIAN_POINT ( 'NONE',  ( -9.544610954404632253, -9.494974746830637358, 17.63736291403408885 ) ) ;
#2763 = LINE ( 'NONE', #529, #274 ) ;
#2764 = ORIENTED_EDGE ( 'NONE', *, *, #3814, .T. ) ;
#2765 = ORIENTED_EDGE ( 'NONE', *, *, #2606, .F. ) ;
#2766 = AXIS2_PLACEMENT_3D ( 'NONE', #1418, #1055, #4074 ) ;
#2767 = AXIS2_PLACEMENT_3D ( 'NONE', #2218, #3724, #2 ) ;
#2768 = CARTESIAN_POINT ( 'NONE',  ( 11.86088354647933940, -5.558578643762699834, 12.22526182972406517 ) ) ;
#2769 = CARTESIAN_POINT ( 'NONE',  ( 12.15000000000000036, -16.69999999999999929, -25.80000000000000071 ) ) ;
#2770 = CARTESIAN_POINT ( 'NONE',  ( 12.15000000000000036, -9.485856268752419496, 16.88928620401966540 ) ) ;
#2771 = ORIENTED_EDGE ( 'NONE', *, *, #1645, .F. ) ;
#2772 = CARTESIAN_POINT ( 'NONE',  ( -9.262422663861293870, -9.583739203352708458, 16.35308518184720583 ) ) ;
#2773 = DIRECTION ( 'NONE',  ( -0.8660254037844405950, 0.4999999999999966693, 0.000000000000000000 ) ) ;
#2774 = ORIENTED_EDGE ( 'NONE', *, *, #221, .T. ) ;
#2775 = CIRCLE ( 'NONE', #2071, 31.93912560847268622 ) ;
#2776 = CARTESIAN_POINT ( 'NONE',  ( 10.16751755586914108, -11.96381651277634539, 15.81329646141477596 ) ) ;
#2777 = AXIS2_PLACEMENT_3D ( 'NONE', #3560, #4320, #4691 ) ;
#2778 = CARTESIAN_POINT ( 'NONE',  ( -12.14999999999999858, -6.950000000000011724, -23.80000000000000071 ) ) ;
#2779 = AXIS2_PLACEMENT_3D ( 'NONE', #3555, #4587, #193 ) ;
#2780 = CARTESIAN_POINT ( 'NONE',  ( -10.20394472294224819, -5.452975160577568481, -22.28901896550645034 ) ) ;
#2781 = CIRCLE ( 'NONE', #2708, 25.49289321881341053 ) ;
#2782 = ORIENTED_EDGE ( 'NONE', *, *, #1821, .T. ) ;
#2783 = CARTESIAN_POINT ( 'NONE',  ( -7.549999999999999822, -12.50000000000001066, 20.22509998793676900 ) ) ;
#2784 = AXIS2_PLACEMENT_3D ( 'NONE', #4280, #1624, #2701 ) ;
#2785 = B_SPLINE_CURVE_WITH_KNOTS ( 'NONE', 3,
 ( #4311, #4681, #3998, #2460 ),
 .UNSPECIFIED., .F., .F.,
 ( 4, 4 ),
 ( 0.000000000000000000, 0.0001388072234001110062 ),
 .UNSPECIFIED. ) ;
#2786 = CARTESIAN_POINT ( 'NONE',  ( 0.000000000000000000, 17.00105930301486623, -10.49999999999999822 ) ) ;
#2787 = CARTESIAN_POINT ( 'NONE',  ( -12.02573593128807339, -5.200000000000009948, 2.624264068711930964 ) ) ;
#2788 = DIRECTION ( 'NONE',  ( -0.4999999999999978906, 0.000000000000000000, 0.8660254037844398178 ) ) ;
#2789 = EDGE_LOOP ( 'NONE', ( #2136, #1447, #1995, #4651 ) ) ;
#2790 = CIRCLE ( 'NONE', #4526, 0.5000000000000004441 ) ;
#2791 = ORIENTED_EDGE ( 'NONE', *, *, #3330, .F. ) ;
#2792 = EDGE_CURVE ( 'NONE', #3566, #818, #2455, .T. ) ;
#2793 = CARTESIAN_POINT ( 'NONE',  ( 9.396404698188774773, -9.351675512595900130, 17.87410318431869527 ) ) ;
#2794 = ORIENTED_EDGE ( 'NONE', *, *, #858, .F. ) ;
#2795 = CARTESIAN_POINT ( 'NONE',  ( 9.296136608738377660, -9.525344937902024967, 17.75551351167489145 ) ) ;
#2796 = CARTESIAN_POINT ( 'NONE',  ( -11.95903609698376080, -5.346446609406741324, 12.41332053553020565 ) ) ;
#2797 = EDGE_LOOP ( 'NONE', ( #2913, #91, #3335, #3867 ) ) ;
#2798 = EDGE_LOOP ( 'NONE', ( #1082, #2503, #2033, #2096 ) ) ;
#2799 = DIRECTION ( 'NONE',  ( -0.8125314260817289025, 0.000000000000000000, 0.5829173883403994116 ) ) ;
#2800 = LINE ( 'NONE', #4307, #1273 ) ;
#2801 = CARTESIAN_POINT ( 'NONE',  ( 10.71657786207644492, -5.251966912203203997, 12.91622287183260553 ) ) ;
#2802 = ORIENTED_EDGE ( 'NONE', *, *, #4785, .T. ) ;
#2803 = CARTESIAN_POINT ( 'NONE',  ( -2.588075286112622830, -5.200000000000010836, -4.482677889360413559 ) ) ;
#2804 = ORIENTED_EDGE ( 'NONE', *, *, #1650, .F. ) ;
#2805 = CARTESIAN_POINT ( 'NONE',  ( 12.15000000000000036, -9.601932836802188120, 16.70922221307344202 ) ) ;
#2806 = EDGE_CURVE ( 'NONE', #1909, #4095, #2683, .T. ) ;
#2807 = CARTESIAN_POINT ( 'NONE',  ( 12.15000000000000213, -9.400304317291473311, 16.82126749423582268 ) ) ;
#2808 = CARTESIAN_POINT ( 'NONE',  ( 10.27156172805862688, -8.253114026712655260, 15.84242136919979060 ) ) ;
#2809 = ORIENTED_EDGE ( 'NONE', *, *, #150, .T. ) ;
#2810 = DIRECTION ( 'NONE',  ( 0.000000000000000000, 0.000000000000000000, 1.000000000000000000 ) ) ;
#2811 = CARTESIAN_POINT ( 'NONE',  ( -13.84999999999999964, -5.500000000000010658, 3.000000000000001332 ) ) ;
#2812 = DIRECTION ( 'NONE',  ( 0.000000000000000000, 1.000000000000000000, 0.000000000000000000 ) ) ;
#2813 = ORIENTED_EDGE ( 'NONE', *, *, #3126, .F. ) ;
#2814 = CYLINDRICAL_SURFACE ( 'NONE', #441, 0.2999999999999981570 ) ;
#2815 = ORIENTED_EDGE ( 'NONE', *, *, #4073, .T. ) ;
#2816 = LINE ( 'NONE', #3597, #2696 ) ;
#2817 = CARTESIAN_POINT ( 'NONE',  ( -10.08618780039621932, -8.156936133370301434, 16.06160488095592598 ) ) ;
#2818 = ORIENTED_EDGE ( 'NONE', *, *, #4223, .F. ) ;
#2819 = EDGE_CURVE ( 'NONE', #679, #301, #3711, .T. ) ;
#2820 = EDGE_CURVE ( 'NONE', #1583, #2038, #4805, .T. ) ;
#2821 = DIRECTION ( 'NONE',  ( 1.961181171427461100E-16, 0.000000000000000000, -1.000000000000000000 ) ) ;
#2822 = CARTESIAN_POINT ( 'NONE',  ( -9.850283347243248500, -8.565534631963000578, 16.59074114159993485 ) ) ;
#2823 = CARTESIAN_POINT ( 'NONE',  ( 0.000000000000000000, -12.50000000000001066, -10.49999999999999822 ) ) ;
#2824 = ORIENTED_EDGE ( 'NONE', *, *, #4738, .T. ) ;
#2825 = VERTEX_POINT ( 'NONE', #2923 ) ;
#2826 = LINE ( 'NONE', #4780, #3665 ) ;
#2827 = EDGE_CURVE ( 'NONE', #125, #4520, #4437, .T. ) ;
#2828 = CARTESIAN_POINT ( 'NONE',  ( -12.14999999999999858, -6.000000000000023981, 2.500000000000002220 ) ) ;
#2829 = DIRECTION ( 'NONE',  ( 0.01744974916068271764, 0.9996954598818874604, -0.01744974916068272111 ) ) ;
#2830 = ORIENTED_EDGE ( 'NONE', *, *, #1347, .F. ) ;
#2831 = VECTOR ( 'NONE', #2917, 1000.000000000000000 ) ;
#2832 = DIRECTION ( 'NONE',  ( 0.000000000000000000, 0.000000000000000000, 1.000000000000000000 ) ) ;
#2833 = EDGE_CURVE ( 'NONE', #555, #2419, #667, .T. ) ;
#2834 = AXIS2_PLACEMENT_3D ( 'NONE', #4165, #4560, #4797 ) ;
#2835 = DIRECTION ( 'NONE',  ( -0.000000000000000000, -1.000000000000000000, -0.000000000000000000 ) ) ;
#2836 = LINE ( 'NONE', #3129, #3396 ) ;
#2837 = EDGE_CURVE ( 'NONE', #4672, #3753, #752, .T. ) ;
#2838 = VERTEX_POINT ( 'NONE', #3741 ) ;
#2839 = ORIENTED_EDGE ( 'NONE', *, *, #967, .F. ) ;
#2840 = CARTESIAN_POINT ( 'NONE',  ( 11.85000000000000142, 17.00105930301486623, 16.73357303036087984 ) ) ;
#2841 = ORIENTED_EDGE ( 'NONE', *, *, #730, .T. ) ;
#2842 = CIRCLE ( 'NONE', #1047, 0.8000000000000003775 ) ;
#2843 = DIRECTION ( 'NONE',  ( 0.000000000000000000, 0.7813101949131537882, 0.6241429157851343668 ) ) ;
#2844 = CARTESIAN_POINT ( 'NONE',  ( -12.17016300191455436, -5.510710230047270564, 12.21541961363739937 ) ) ;
#2845 = ORIENTED_EDGE ( 'NONE', *, *, #3163, .F. ) ;
#2846 = ADVANCED_FACE ( 'NONE', ( #606 ), #3395, .T. ) ;
#2847 = CARTESIAN_POINT ( 'NONE',  ( -12.14999999999999858, -16.69999999999999929, -25.80000000000000426 ) ) ;
#2848 = ORIENTED_EDGE ( 'NONE', *, *, #1651, .T. ) ;
#2849 = CARTESIAN_POINT ( 'NONE',  ( 14.14999999999999680, -18.33257888130140856, -14.08867513459481202 ) ) ;
#2850 = AXIS2_PLACEMENT_3D ( 'NONE', #1790, #3268, #4425 ) ;
#2851 = CYLINDRICAL_SURFACE ( 'NONE', #1360, 0.2000000000000001221 ) ;
#2852 = CARTESIAN_POINT ( 'NONE',  ( 12.15000000000000213, -9.400304317291466205, 16.82126749423581913 ) ) ;
#2853 = ORIENTED_EDGE ( 'NONE', *, *, #882, .T. ) ;
#2854 = AXIS2_PLACEMENT_3D ( 'NONE', #509, #110, #2432 ) ;
#2855 = CIRCLE ( 'NONE', #3165, 0.2000000000000005107 ) ;
#2856 = ORIENTED_EDGE ( 'NONE', *, *, #41, .F. ) ;
#2857 = FACE_OUTER_BOUND ( 'NONE', #2405, .T. ) ;
#2858 = TOROIDAL_SURFACE ( 'NONE', #4510, 0.2000000000000000389, 0.2999999999999999889 ) ;
#2859 = DIRECTION ( 'NONE',  ( 0.000000000000000000, 1.000000000000000000, 0.000000000000000000 ) ) ;
#2860 = CARTESIAN_POINT ( 'NONE',  ( 10.67396142659912250, -5.200000000000010836, 12.65068362120861600 ) ) ;
#2861 = LINE ( 'NONE', #4345, #3176 ) ;
#2862 = CARTESIAN_POINT ( 'NONE',  ( -10.30047006499014195, -5.285788363932570455, -23.73007844137090672 ) ) ;
#2863 = DIRECTION ( 'NONE',  ( 0.000000000000000000, 0.7371742788777054800, 0.6757026583943078757 ) ) ;
#2864 = ORIENTED_EDGE ( 'NONE', *, *, #3207, .F. ) ;
#2865 = CARTESIAN_POINT ( 'NONE',  ( 0.000000000000000000, -12.50000000000001066, 1.500000000000000000 ) ) ;
#2866 = VERTEX_POINT ( 'NONE', #2113 ) ;
#2867 = CIRCLE ( 'NONE', #684, 0.3000000000000003220 ) ;
#2868 = CARTESIAN_POINT ( 'NONE',  ( 7.578718707889822603, -12.50000000000000888, 18.27407996053067407 ) ) ;
#2869 = CARTESIAN_POINT ( 'NONE',  ( -12.18097396468373894, -5.502318843224811573, 12.18352597332451381 ) ) ;
#2870 = ORIENTED_EDGE ( 'NONE', *, *, #4372, .T. ) ;
#2871 = AXIS2_PLACEMENT_3D ( 'NONE', #82, #3493, #896 ) ;
#2872 = DIRECTION ( 'NONE',  ( 0.000000000000000000, 1.000000000000000000, 0.000000000000000000 ) ) ;
#2873 = ORIENTED_EDGE ( 'NONE', *, *, #2827, .F. ) ;
#2874 = PRODUCT_DEFINITION_CONTEXT ( 'detailed design', #768, 'design' ) ;
#2875 = DIRECTION ( 'NONE',  ( 0.000000000000000000, -1.000000000000000000, 0.000000000000000000 ) ) ;
#2876 = CARTESIAN_POINT ( 'NONE',  ( -14.14999999999999858, -18.33257888130140856, 2.500000000000000888 ) ) ;
#2877 = CARTESIAN_POINT ( 'NONE',  ( -10.21464463598739769, -12.50000000000001066, 15.78506628777668475 ) ) ;
#2878 = ORIENTED_EDGE ( 'NONE', *, *, #2518, .F. ) ;
#2879 = CARTESIAN_POINT ( 'NONE',  ( -2.244298497044992995E-15, -6.950000000000011724, 3.449999999999997513 ) ) ;
#2880 = VERTEX_POINT ( 'NONE', #1720 ) ;
#2881 = DIRECTION ( 'NONE',  ( -4.259132699590121732E-17, 0.000000000000000000, 1.000000000000000000 ) ) ;
#2882 = ADVANCED_FACE ( 'NONE', ( #3993 ), #4751, .T. ) ;
#2883 = FACE_OUTER_BOUND ( 'NONE', #2327, .T. ) ;
#2884 = EDGE_CURVE ( 'NONE', #2741, #517, #588, .T. ) ;
#2885 = LINE ( 'NONE', #2498, #760 ) ;
#2886 = CARTESIAN_POINT ( 'NONE',  ( -10.43787209339785171, -5.343403209002469900, -23.76766727771438426 ) ) ;
#2887 = CARTESIAN_POINT ( 'NONE',  ( -6.135343034915755389, -12.49999999999999467, -23.60000000000000142 ) ) ;
#2888 = DIRECTION ( 'NONE',  ( -1.000000000000000000, 0.000000000000000000, 1.458200821047513565E-16 ) ) ;
#2889 =( BOUNDED_CURVE ( )  B_SPLINE_CURVE ( 3, ( #3608, #2496, #4022, #4806 ),
 .UNSPECIFIED., .F., .F. ) 
 B_SPLINE_CURVE_WITH_KNOTS ( ( 4, 4 ),
 ( 6.505213034913012799E-16, 1.570796326794893005 ),
 .UNSPECIFIED. ) 
 CURVE ( )  GEOMETRIC_REPRESENTATION_ITEM ( )  RATIONAL_B_SPLINE_CURVE ( ( 1.000000000000000000, 0.8047378541243659367, 0.8047378541243659367, 1.000000000000000000 ) ) 
 REPRESENTATION_ITEM ( '' )  );
#2890 = CARTESIAN_POINT ( 'NONE',  ( -10.23452994616206624, -5.400000000000011902, -23.60000000000000142 ) ) ;
#2891 = VERTEX_POINT ( 'NONE', #633 ) ;
#2892 = CARTESIAN_POINT ( 'NONE',  ( 12.15000000000000036, -12.50000000000001066, 16.73357303036088339 ) ) ;
#2893 = DIRECTION ( 'NONE',  ( -0.9160678180704719953, 0.000000000000000000, 0.4010233817317946370 ) ) ;
#2894 = EDGE_LOOP ( 'NONE', ( #1599, #3621, #4278, #2446 ) ) ;
#2895 = DIRECTION ( 'NONE',  ( -0.5829173883403985235, 1.734723475976796997E-14, -0.8125314260817293466 ) ) ;
#2896 = B_SPLINE_CURVE_WITH_KNOTS ( 'NONE', 3,
 ( #4313, #4044, #951, #2433 ),
 .UNSPECIFIED., .F., .F.,
 ( 4, 4 ),
 ( 6.071532165918824830E-17, 0.004951061307267896547 ),
 .UNSPECIFIED. ) ;
#2897 = CARTESIAN_POINT ( 'NONE',  ( -7.792086060030878336, -12.62041216510141517, 18.47038824097930743 ) ) ;
#2898 = VERTEX_POINT ( 'NONE', #2892 ) ;
#2899 = DIRECTION ( 'NONE',  ( 0.000000000000000000, 0.000000000000000000, 1.000000000000000000 ) ) ;
#2900 = DIRECTION ( 'NONE',  ( -0.000000000000000000, -1.000000000000000000, -0.000000000000000000 ) ) ;
#2901 = CARTESIAN_POINT ( 'NONE',  ( -10.71640813282269278, -5.250865615410615028, 12.91508976531829589 ) ) ;
#2902 = EDGE_CURVE ( 'NONE', #1637, #2736, #4033, .T. ) ;
#2903 = DIRECTION ( 'NONE',  ( -0.8660254037844387076, -0.4999999999999998890, 0.000000000000000000 ) ) ;
#2904 = DIRECTION ( 'NONE',  ( 1.000000000000000000, 0.000000000000000000, 0.000000000000000000 ) ) ;
#2905 = EDGE_CURVE ( 'NONE', #2082, #555, #2485, .T. ) ;
#2906 = CARTESIAN_POINT ( 'NONE',  ( -3.499999999999999556, -14.50000000000001066, 14.27693615844911257 ) ) ;
#2907 = DIRECTION ( 'NONE',  ( 0.000000000000000000, 1.000000000000000000, 0.000000000000000000 ) ) ;
#2908 = DIRECTION ( 'NONE',  ( 0.000000000000000000, 1.000000000000000000, 0.000000000000000000 ) ) ;
#2909 = DIRECTION ( 'NONE',  ( 1.000000000000000000, 0.000000000000000000, 0.000000000000000000 ) ) ;
#2910 = ORIENTED_EDGE ( 'NONE', *, *, #2336, .F. ) ;
#2911 = CARTESIAN_POINT ( 'NONE',  ( 10.47399188756784838, -5.396509518712552023, -21.82403757902092778 ) ) ;
#2912 = DIRECTION ( 'NONE',  ( -0.000000000000000000, 1.000000000000000000, -0.000000000000000000 ) ) ;
#2913 = ORIENTED_EDGE ( 'NONE', *, *, #3193, .F. ) ;
#2914 = CARTESIAN_POINT ( 'NONE',  ( -10.71496903991017469, -6.161917841488262937, 13.91719395696547501 ) ) ;
#2915 = CIRCLE ( 'NONE', #1824, 0.2999999999999999334 ) ;
#2916 =( BOUNDED_SURFACE ( )  B_SPLINE_SURFACE ( 3, 2, ( 
 ( #590, #2337, #4687 ),
 ( #4289, #932, #3504 ),
 ( #543, #2410, #485 ),
 ( #1630, #1975, #1284 ) ),
 .UNSPECIFIED., .F., .F., .F. ) 
 B_SPLINE_SURFACE_WITH_KNOTS ( ( 4, 4 ),
 ( 3, 3 ),
 ( 2.978557858995517282, 3.926838523739657028 ),
 ( 0.000000000000000000, 1.000000000000000000 ),
 .UNSPECIFIED. ) 
 GEOMETRIC_REPRESENTATION_ITEM ( )  RATIONAL_B_SPLINE_SURFACE ( (
 ( 1.000000000000000000, 0.7156641765647839826, 1.000000000000000000),
 ( 1.000000000000000000, 0.7161257744285087767, 1.000000000000000000),
 ( 1.000000000000000000, 0.7152019959248994141, 1.000000000000000000),
 ( 1.000000000000000000, 0.7132504491541837854, 1.000000000000000000) ) ) 
 REPRESENTATION_ITEM ( '' )  SURFACE ( )  );
#2917 = DIRECTION ( 'NONE',  ( -0.000000000000000000, -0.000000000000000000, 1.000000000000000000 ) ) ;
#2918 = EDGE_LOOP ( 'NONE', ( #3873, #823, #3275, #4172 ) ) ;
#2919 = LINE ( 'NONE', #680, #1902 ) ;
#2920 = DIRECTION ( 'NONE',  ( 1.000000000000000000, 0.000000000000000000, 0.000000000000000000 ) ) ;
#2921 = ADVANCED_FACE ( 'NONE', ( #1420 ), #2134, .T. ) ;
#2922 = CARTESIAN_POINT ( 'NONE',  ( -12.15000000000000036, -8.256658748908497714, 15.24156266887024280 ) ) ;
#2923 = CARTESIAN_POINT ( 'NONE',  ( 12.14999999999999858, -5.500000000000011546, 2.500000000000002220 ) ) ;
#2924 = AXIS2_PLACEMENT_3D ( 'NONE', #4433, #4803, #1409 ) ;
#2925 = FACE_BOUND ( 'NONE', #324, .T. ) ;
#2926 = AXIS2_PLACEMENT_3D ( 'NONE', #3635, #4779, #1798 ) ;
#2927 = VECTOR ( 'NONE', #1711, 1000.000000000000000 ) ;
#2928 = DIRECTION ( 'NONE',  ( 1.000000000000000000, -0.000000000000000000, 0.000000000000000000 ) ) ;
#2929 = CARTESIAN_POINT ( 'NONE',  ( 10.46547005383791706, -5.200000000000010836, -22.23024303063488816 ) ) ;
#2930 = TOROIDAL_SURFACE ( 'NONE', #1439, 0.2000000000000000389, 0.2999999999999999889 ) ;
#2931 = CARTESIAN_POINT ( 'NONE',  ( 3.500000000000000000, -16.69999999999999929, 14.27693615844911257 ) ) ;
#2932 = CARTESIAN_POINT ( 'NONE',  ( 7.578718707889824380, -12.50000000000001066, 18.33933581789381151 ) ) ;
#2933 = ADVANCED_FACE ( 'NONE', ( #4818 ), #231, .T. ) ;
#2934 = TOROIDAL_SURFACE ( 'NONE', #3174, 28.47409342089537532, 0.2000000000000000111 ) ;
#2935 = PLANE ( 'NONE',  #3721 ) ;
#2936 = CARTESIAN_POINT ( 'NONE',  ( -12.17511294940330302, -5.505097396438273449, 12.19939329704558872 ) ) ;
#2937 = VERTEX_POINT ( 'NONE', #2451 ) ;
#2938 = VERTEX_POINT ( 'NONE', #2911 ) ;
#2939 = EDGE_CURVE ( 'NONE', #2838, #3687, #2546, .T. ) ;
#2940 = DIRECTION ( 'NONE',  ( 0.000000000000000000, 0.000000000000000000, -1.000000000000000000 ) ) ;
#2941 = VERTEX_POINT ( 'NONE', #2507 ) ;
#2942 = EDGE_CURVE ( 'NONE', #788, #3403, #3215, .T. ) ;
#2943 = VECTOR ( 'NONE', #4414, 1000.000000000000114 ) ;
#2944 = CARTESIAN_POINT ( 'NONE',  ( -12.15680221654958615, -5.558578643762708715, 12.27457856830090499 ) ) ;
#2945 = CARTESIAN_POINT ( 'NONE',  ( 10.68287244362099742, -7.805841636522012017, 15.71253339731173959 ) ) ;
#2946 = ORIENTED_EDGE ( 'NONE', *, *, #3820, .T. ) ;
#2947 = CARTESIAN_POINT ( 'NONE',  ( -13.84999999999999964, -5.500000000000010658, -22.35662432702594060 ) ) ;
#2948 = CARTESIAN_POINT ( 'NONE',  ( 12.14999999999999858, 17.00105930301486623, -23.80000000000000071 ) ) ;
#2949 = CARTESIAN_POINT ( 'NONE',  ( 14.14999999999999680, -6.950000000000011724, 10.91339745962156194 ) ) ;
#2950 = CARTESIAN_POINT ( 'NONE',  ( -10.16160829594789305, -12.30004509320114536, 15.80928702216485071 ) ) ;
#2951 =( BOUNDED_CURVE ( )  B_SPLINE_CURVE ( 3, ( #4241, #3473, #3941, #3095 ),
 .UNSPECIFIED., .F., .F. ) 
 B_SPLINE_CURVE_WITH_KNOTS ( ( 4, 4 ),
 ( 0.9386084124710885046, 1.560819488026685464 ),
 .UNSPECIFIED. ) 
 CURVE ( )  GEOMETRIC_REPRESENTATION_ITEM ( )  RATIONAL_B_SPLINE_CURVE ( ( 1.000000000000000000, 0.9679971560865565650, 0.9679971560865565650, 1.000000000000000000 ) ) 
 REPRESENTATION_ITEM ( '' )  );
#2952 = PLANE ( 'NONE',  #3869 ) ;
#2953 = ADVANCED_FACE ( 'NONE', ( #4056 ), #4014, .T. ) ;
#2954 = CARTESIAN_POINT ( 'NONE',  ( -13.89999999999999680, -18.33257888130140856, -22.78963702891815757 ) ) ;
#2955 = CARTESIAN_POINT ( 'NONE',  ( -10.16495199884198897, -5.920512539844730249, -22.31487584642018973 ) ) ;
#2956 = CARTESIAN_POINT ( 'NONE',  ( 12.86820230503482598, -6.950000000000011724, -22.28838019439523777 ) ) ;
#2957 = CARTESIAN_POINT ( 'NONE',  ( 10.54429934835302163, -8.070422153118444797, 16.05352114542940711 ) ) ;
#2958 = ORIENTED_EDGE ( 'NONE', *, *, #2483, .F. ) ;
#2959 = ORIENTED_EDGE ( 'NONE', *, *, #3951, .F. ) ;
#2960 = ORIENTED_EDGE ( 'NONE', *, *, #4658, .T. ) ;
#2961 = CARTESIAN_POINT ( 'NONE',  ( 12.15000000000000036, -6.000000000000023981, 2.500000000000002220 ) ) ;
#2962 = DIRECTION ( 'NONE',  ( 0.000000000000000000, 0.000000000000000000, 1.000000000000000000 ) ) ;
#2963 = FACE_OUTER_BOUND ( 'NONE', #1859, .T. ) ;
#2964 = ORIENTED_EDGE ( 'NONE', *, *, #945, .T. ) ;
#2965 = CARTESIAN_POINT ( 'NONE',  ( -14.14999999999999858, -6.000000000000023981, 2.500000000000000888 ) ) ;
#2966 = ADVANCED_FACE ( 'NONE', ( #1773 ), #1445, .T. ) ;
#2967 = EDGE_CURVE ( 'NONE', #4820, #419, #3876, .T. ) ;
#2968 = LINE ( 'NONE', #2630, #4836 ) ;
#2969 = PLANE ( 'NONE',  #4449 ) ;
#2970 = AXIS2_PLACEMENT_3D ( 'NONE', #2470, #2689, #3030 ) ;
#2971 = CARTESIAN_POINT ( 'NONE',  ( 12.14999999999999858, -5.500000000000011546, 2.500000000000002220 ) ) ;
#2972 = DIRECTION ( 'NONE',  ( -0.000000000000000000, -1.000000000000000000, -0.000000000000000000 ) ) ;
#2973 =( BOUNDED_SURFACE ( )  B_SPLINE_SURFACE ( 3, 2, ( 
 ( #4650, #140, #1626 ),
 ( #3118, #900, #2020 ),
 ( #1275, #2770, #1724 ),
 ( #2526, #2852, #3196 ) ),
 .UNSPECIFIED., .F., .F., .T. ) 
 B_SPLINE_SURFACE_WITH_KNOTS ( ( 4, 4 ),
 ( 3, 3 ),
 ( -1.707618421664669484E-18, 0.0001587116413456182880 ),
 ( 0.000000000000000000, 1.000000000000000000 ),
 .UNSPECIFIED. ) 
 GEOMETRIC_REPRESENTATION_ITEM ( )  RATIONAL_B_SPLINE_SURFACE ( (
 ( 1.000000000000000000, 0.8363581466662188824, 1.000000000000000000),
 ( 1.000000000000000000, 0.8364396331138349572, 1.000000000000000000),
 ( 1.000000000000000000, 0.8234039123251500891, 1.000000000000000000),
 ( 1.000000000000000000, 0.8008389405891419566, 1.000000000000000000) ) ) 
 REPRESENTATION_ITEM ( '' )  SURFACE ( )  );
#2974 = ORIENTED_EDGE ( 'NONE', *, *, #88, .F. ) ;
#2975 = DIRECTION ( 'NONE',  ( 0.000000000000000000, 0.000000000000000000, -1.000000000000000000 ) ) ;
#2976 = LINE ( 'NONE', #2500, #2295 ) ;
#2977 = EDGE_CURVE ( 'NONE', #3035, #825, #325, .T. ) ;
#2978 = DIRECTION ( 'NONE',  ( 1.458200821047513565E-16, 0.000000000000000000, 1.000000000000000000 ) ) ;
#2979 = CARTESIAN_POINT ( 'NONE',  ( 10.31617397413260662, -7.833688325888655157, 15.89037142890639664 ) ) ;
#2980 = ORIENTED_EDGE ( 'NONE', *, *, #853, .T. ) ;
#2981 = ORIENTED_EDGE ( 'NONE', *, *, #1555, .F. ) ;
#2982 = DIRECTION ( 'NONE',  ( -0.8660254037844383745, 0.000000000000000000, -0.5000000000000003331 ) ) ;
#2983 = EDGE_CURVE ( 'NONE', #3625, #3082, #2346, .T. ) ;
#2984 = CARTESIAN_POINT ( 'NONE',  ( -10.67588132324112493, -7.882584065457467482, 15.79823974235714701 ) ) ;
#2985 = PLANE ( 'NONE',  #2479 ) ;
#2986 = ORIENTED_EDGE ( 'NONE', *, *, #3818, .F. ) ;
#2987 = CARTESIAN_POINT ( 'NONE',  ( 12.65000000000000213, -5.500000000000011546, 12.35677313259562382 ) ) ;
#2988 = CARTESIAN_POINT ( 'NONE',  ( -10.18269359468370894, -11.10031560736828560, 15.82358985559976006 ) ) ;
#2989 = CARTESIAN_POINT ( 'NONE',  ( -10.25939288115739423, -8.256936133362875907, 16.06160488094658945 ) ) ;
#2990 = CIRCLE ( 'NONE', #1193, 0.2000000000000000944 ) ;
#2991 = DIRECTION ( 'NONE',  ( -0.000000000000000000, -1.000000000000000000, -0.000000000000000000 ) ) ;
#2992 = CIRCLE ( 'NONE', #3865, 0.2999999999999999334 ) ;
#2993 = VECTOR ( 'NONE', #3255, 1000.000000000000000 ) ;
#2994 = CIRCLE ( 'NONE', #3655, 0.2000000000000004829 ) ;
#2995 = LINE ( 'NONE', #68, #758 ) ;
#2996 = CARTESIAN_POINT ( 'NONE',  ( -10.34947985711646901, -12.52979896584013275, 15.73244629957125795 ) ) ;
#2997 = ORIENTED_EDGE ( 'NONE', *, *, #1526, .F. ) ;
#2998 = DIRECTION ( 'NONE',  ( 1.000000000000000000, 0.000000000000000000, 0.000000000000000000 ) ) ;
#2999 = CARTESIAN_POINT ( 'NONE',  ( -10.47401189857418657, -5.395363088927481066, -21.92263600064513085 ) ) ;
#3000 = CARTESIAN_POINT ( 'NONE',  ( 10.26026307958301942, -7.832187760662372433, 15.91034379142756450 ) ) ;
#3001 = AXIS2_PLACEMENT_3D ( 'NONE', #2786, #521, #4269 ) ;
#3002 = CARTESIAN_POINT ( 'NONE',  ( 12.17663805036742986, -5.503949497270003377, 12.19491730881245495 ) ) ;
#3003 = ORIENTED_EDGE ( 'NONE', *, *, #1615, .T. ) ;
#3004 = ORIENTED_EDGE ( 'NONE', *, *, #1159, .F. ) ;
#3005 = ORIENTED_EDGE ( 'NONE', *, *, #2102, .F. ) ;
#3006 = LINE ( 'NONE', #4101, #3017 ) ;
#3007 = CIRCLE ( 'NONE', #4124, 0.2000000000000001221 ) ;
#3008 = DIRECTION ( 'NONE',  ( 0.000000000000000000, 1.000000000000000000, 0.000000000000000000 ) ) ;
#3009 = DIRECTION ( 'NONE',  ( -0.000000000000000000, -0.000000000000000000, 1.000000000000000000 ) ) ;
#3010 = VERTEX_POINT ( 'NONE', #4773 ) ;
#3011 = CIRCLE ( 'NONE', #49, 0.5000000000000000000 ) ;
#3012 = CARTESIAN_POINT ( 'NONE',  ( -7.250000000000000000, -14.50000000000001066, 20.22509998793676900 ) ) ;
#3013 = CARTESIAN_POINT ( 'NONE',  ( 6.364267912280689110, -12.49999999999999645, -22.00000000000000355 ) ) ;
#3014 = VECTOR ( 'NONE', #354, 1000.000000000000000 ) ;
#3015 = AXIS2_PLACEMENT_3D ( 'NONE', #3447, #3883, #1570 ) ;
#3016 = CARTESIAN_POINT ( 'NONE',  ( -2.186655558190170545, -19.73932733289969121, -22.07366753697639794 ) ) ;
#3017 = VECTOR ( 'NONE', #1061, 1000.000000000000000 ) ;
#3018 = CARTESIAN_POINT ( 'NONE',  ( 9.991746918085100404, -5.820512539844740374, -22.31487584642018618 ) ) ;
#3019 = CARTESIAN_POINT ( 'NONE',  ( 10.34892114499130855, -5.395129914552751593, -22.06778493106948957 ) ) ;
#3020 = ADVANCED_FACE ( 'NONE', ( #356 ), #3674, .F. ) ;
#3021 = EDGE_CURVE ( 'NONE', #3905, #1637, #4481, .T. ) ;
#3022 = EDGE_CURVE ( 'NONE', #2082, #539, #4111, .T. ) ;
#3023 = CARTESIAN_POINT ( 'NONE',  ( 14.14999999999999858, -5.500000000000011546, -22.64529946162074836 ) ) ;
#3024 = CARTESIAN_POINT ( 'NONE',  ( -10.36603008290414962, -8.182399194594363934, 15.76026019759689945 ) ) ;
#3025 = ORIENTED_EDGE ( 'NONE', *, *, #1729, .T. ) ;
#3026 = CARTESIAN_POINT ( 'NONE',  ( 10.20394472294225174, -5.452975160577568481, -22.28901896550644679 ) ) ;
#3027 = B_SPLINE_CURVE_WITH_KNOTS ( 'NONE', 3,
 ( #2543, #3354, #3263, #671 ),
 .UNSPECIFIED., .F., .F.,
 ( 4, 4 ),
 ( 0.000000000000000000, 0.0003915591550326103214 ),
 .UNSPECIFIED. ) ;
#3028 = CARTESIAN_POINT ( 'NONE',  ( 0.000000000000000000, -16.69999999999999929, -10.49999999999999822 ) ) ;
#3029 = CARTESIAN_POINT ( 'NONE',  ( 10.26462629232709389, -8.253173210873610444, 15.84511279398794592 ) ) ;
#3030 = DIRECTION ( 'NONE',  ( 0.000000000000000000, 0.000000000000000000, 1.000000000000000000 ) ) ;
#3031 = ORIENTED_EDGE ( 'NONE', *, *, #518, .T. ) ;
#3032 = FACE_OUTER_BOUND ( 'NONE', #4614, .T. ) ;
#3033 = VERTEX_POINT ( 'NONE', #4108 ) ;
#3034 = ORIENTED_EDGE ( 'NONE', *, *, #1159, .T. ) ;
#3035 = VERTEX_POINT ( 'NONE', #3739 ) ;
#3036 = DIRECTION ( 'NONE',  ( -1.000000000000000000, 0.000000000000000000, -1.427755947306014165E-16 ) ) ;
#3037 = ORIENTED_EDGE ( 'NONE', *, *, #2426, .F. ) ;
#3038 = CARTESIAN_POINT ( 'NONE',  ( 8.697180082514467614, -10.56276807284679364, 17.95513153166680809 ) ) ;
#3039 = CARTESIAN_POINT ( 'NONE',  ( -9.590040606654714139, -9.353553390593331684, 17.77128881405509020 ) ) ;
#3040 = ORIENTED_EDGE ( 'NONE', *, *, #3863, .F. ) ;
#3041 = VERTEX_POINT ( 'NONE', #2575 ) ;
#3042 = CARTESIAN_POINT ( 'NONE',  ( 10.36373863071948875, -11.71291437322112650, 15.53650685251342978 ) ) ;
#3043 = CARTESIAN_POINT ( 'NONE',  ( 0.000000000000000000, -5.000000000000011546, -10.49999999999999822 ) ) ;
#3044 = EDGE_CURVE ( 'NONE', #2937, #1660, #2607, .T. ) ;
#3045 = DIRECTION ( 'NONE',  ( -0.8660254037844383745, 0.000000000000000000, -0.5000000000000003331 ) ) ;
#3046 = EDGE_CURVE ( 'NONE', #3010, #3642, #2992, .T. ) ;
#3047 = CARTESIAN_POINT ( 'NONE',  ( 10.09885931493928979, -5.634988426372802728, -22.31811418184329199 ) ) ;
#3048 = EDGE_CURVE ( 'NONE', #4310, #3150, #1758, .T. ) ;
#3049 = FACE_OUTER_BOUND ( 'NONE', #3618, .T. ) ;
#3050 = CARTESIAN_POINT ( 'NONE',  ( -10.21914566197834517, -7.783026335511076255, 15.87231437719558613 ) ) ;
#3051 = CARTESIAN_POINT ( 'NONE',  ( -10.67396142659912606, -5.400000000000011013, -21.82403757902093133 ) ) ;
#3052 = EDGE_CURVE ( 'NONE', #933, #3086, #2919, .T. ) ;
#3053 = DIRECTION ( 'NONE',  ( -0.01745240643728354635, 0.9998476951563911586, 0.000000000000000000 ) ) ;
#3054 = CARTESIAN_POINT ( 'NONE',  ( 12.15000000000000036, -5.670226432448640885, 12.35677313259563093 ) ) ;
#3055 = FACE_OUTER_BOUND ( 'NONE', #330, .T. ) ;
#3056 = ORIENTED_EDGE ( 'NONE', *, *, #2467, .T. ) ;
#3057 = ORIENTED_EDGE ( 'NONE', *, *, #2375, .F. ) ;
#3058 = ORIENTED_EDGE ( 'NONE', *, *, #1748, .F. ) ;
#3059 = DIRECTION ( 'NONE',  ( -0.4010233817317994665, -5.297081165312301620E-15, 0.9160678180704698859 ) ) ;
#3060 = LINE ( 'NONE', #1542, #982 ) ;
#3061 = ORIENTED_EDGE ( 'NONE', *, *, #3696, .F. ) ;
#3062 = DIRECTION ( 'NONE',  ( -0.1284668894941889683, -0.6239297338944557181, 0.7708488473534107488 ) ) ;
#3063 = FACE_OUTER_BOUND ( 'NONE', #1295, .T. ) ;
#3064 = EDGE_CURVE ( 'NONE', #2527, #1583, #4503, .T. ) ;
#3065 = LINE ( 'NONE', #2803, #4356 ) ;
#3066 = LINE ( 'NONE', #1280, #213 ) ;
#3067 = VECTOR ( 'NONE', #1654, 1000.000000000000114 ) ;
#3068 =( BOUNDED_CURVE ( )  B_SPLINE_CURVE ( 3, ( #143, #3450, #1649, #111 ),
 .UNSPECIFIED., .F., .F. ) 
 B_SPLINE_CURVE_WITH_KNOTS ( ( 4, 4 ),
 ( 4.712388980384693227, 6.283185307179585344 ),
 .UNSPECIFIED. ) 
 CURVE ( )  GEOMETRIC_REPRESENTATION_ITEM ( )  RATIONAL_B_SPLINE_CURVE ( ( 1.000000000000000000, 0.8047378541243658256, 0.8047378541243658256, 1.000000000000000000 ) ) 
 REPRESENTATION_ITEM ( '' )  );
#3069 = CARTESIAN_POINT ( 'NONE',  ( -10.29226497308102850, -5.300000000000011369, -22.23024303063489171 ) ) ;
#3070 = CARTESIAN_POINT ( 'NONE',  ( -10.34608939193661215, -7.826563419040944325, 15.87100865254020476 ) ) ;
#3071 = VECTOR ( 'NONE', #4281, 1000.000000000000000 ) ;
#3072 = ORIENTED_EDGE ( 'NONE', *, *, #706, .T. ) ;
#3073 = CIRCLE ( 'NONE', #981, 0.2000000000000005107 ) ;
#3074 = CIRCLE ( 'NONE', #4584, 31.93912560847268622 ) ;
#3075 = PLANE ( 'NONE',  #4434 ) ;
#3076 = CIRCLE ( 'NONE', #4358, 0.3000000000000005995 ) ;
#3077 = DIRECTION ( 'NONE',  ( 1.000000000000000000, 0.000000000000000000, -0.000000000000000000 ) ) ;
#3078 = VERTEX_POINT ( 'NONE', #2555 ) ;
#3079 = ADVANCED_FACE ( 'NONE', ( #2231 ), #268, .T. ) ;
#3080 = ORIENTED_EDGE ( 'NONE', *, *, #1438, .F. ) ;
#3081 = CARTESIAN_POINT ( 'NONE',  ( 9.238257925362532319, -9.625593758194906258, 16.21188987408106641 ) ) ;
#3082 = VERTEX_POINT ( 'NONE', #3548 ) ;
#3083 = VECTOR ( 'NONE', #1482, 1000.000000000000000 ) ;
#3084 = EDGE_CURVE ( 'NONE', #891, #4310, #3273, .T. ) ;
#3085 = CARTESIAN_POINT ( 'NONE',  ( -9.364688593053104526, -9.688291161957483411, 16.16596712320703233 ) ) ;
#3086 = VERTEX_POINT ( 'NONE', #658 ) ;
#3087 = EDGE_CURVE ( 'NONE', #4346, #185, #3913, .T. ) ;
#3088 = ORIENTED_EDGE ( 'NONE', *, *, #1502, .F. ) ;
#3089 = DIRECTION ( 'NONE',  ( 0.8660254037844382635, -0.000000000000000000, 0.5000000000000006661 ) ) ;
#3090 = FACE_OUTER_BOUND ( 'NONE', #4031, .T. ) ;
#3091 = AXIS2_PLACEMENT_3D ( 'NONE', #1569, #4294, #3784 ) ;
#3092 = FACE_OUTER_BOUND ( 'NONE', #1580, .T. ) ;
#3093 = CARTESIAN_POINT ( 'NONE',  ( -11.86088354647933762, -5.558578643762704274, 12.22526182972407938 ) ) ;
#3094 = EDGE_LOOP ( 'NONE', ( #4715, #348, #4323, #583 ) ) ;
#3095 = CARTESIAN_POINT ( 'NONE',  ( 10.16495199884198897, -5.917022058557282804, -22.11490630738891028 ) ) ;
#3096 = CARTESIAN_POINT ( 'NONE',  ( 0.000000000000000000, -16.69999999999999929, -10.49999999999999822 ) ) ;
#3097 = CIRCLE ( 'NONE', #2085, 0.1999999999999987899 ) ;
#3098 = VECTOR ( 'NONE', #924, 1000.000000000000000 ) ;
#3099 = EDGE_CURVE ( 'NONE', #2052, #673, #2056, .T. ) ;
#3100 = CARTESIAN_POINT ( 'NONE',  ( 10.47245814652242046, -5.484377484356589783, 12.88477304920238709 ) ) ;
#3101 = CARTESIAN_POINT ( 'NONE',  ( -10.37630171661163203, -10.99317566450705641, 15.75069622916607948 ) ) ;
#3102 = CARTESIAN_POINT ( 'NONE',  ( 0.000000000000000000, -12.49999999999999645, -10.49999999999999822 ) ) ;
#3103 = ORIENTED_EDGE ( 'NONE', *, *, #3843, .T. ) ;
#3104 = DIRECTION ( 'NONE',  ( 0.9322125145093154153, -1.918290489712042695E-12, -0.3619113535000240134 ) ) ;
#3105 =( BOUNDED_SURFACE ( )  B_SPLINE_SURFACE ( 3, 2, ( 
 ( #3620, #253, #4324 ),
 ( #1343, #1738, #1296 ),
 ( #2444, #2793, #2108 ),
 ( #4008, #3957, #4298 ) ),
 .UNSPECIFIED., .F., .F., .F. ) 
 B_SPLINE_SURFACE_WITH_KNOTS ( ( 4, 4 ),
 ( 3, 3 ),
 ( 0.000000000000000000, 0.0002822332103018445758 ),
 ( 0.000000000000000000, 1.000000000000000000 ),
 .UNSPECIFIED. ) 
 GEOMETRIC_REPRESENTATION_ITEM ( )  RATIONAL_B_SPLINE_SURFACE ( (
 ( 1.000000000000000000, 0.6025698664749397082, 1.000000000000000000),
 ( 1.000000000000000000, 0.6581238434452887365, 1.000000000000000000),
 ( 1.000000000000000000, 0.7133830243302120566, 1.000000000000000000),
 ( 1.000000000000000000, 0.7605383704734883787, 1.000000000000000000) ) ) 
 REPRESENTATION_ITEM ( '' )  SURFACE ( )  );
#3106 = CARTESIAN_POINT ( 'NONE',  ( -12.19196609096476358, -5.500000000000010658, 12.15626144172972189 ) ) ;
#3107 = DIRECTION ( 'NONE',  ( 0.000000000000000000, 0.7421158902050691841, 0.6702715908533924960 ) ) ;
#3108 = ORIENTED_EDGE ( 'NONE', *, *, #369, .F. ) ;
#3109 = VERTEX_POINT ( 'NONE', #3653 ) ;
#3110 = DIRECTION ( 'NONE',  ( 0.9160678180704697748, 0.000000000000000000, 0.4010233817317994109 ) ) ;
#3111 = EDGE_CURVE ( 'NONE', #3010, #1054, #287, .T. ) ;
#3112 = CARTESIAN_POINT ( 'NONE',  ( -11.95141991795080472, -5.382468417544110650, 12.45792855727843396 ) ) ;
#3113 = ORIENTED_EDGE ( 'NONE', *, *, #4465, .T. ) ;
#3114 = ORIENTED_EDGE ( 'NONE', *, *, #4640, .T. ) ;
#3115 = FACE_OUTER_BOUND ( 'NONE', #1325, .T. ) ;
#3116 = CARTESIAN_POINT ( 'NONE',  ( 0.000000000000000000, -8.115514777132741386, -10.49999999999999822 ) ) ;
#3117 = ADVANCED_FACE ( 'NONE', ( #4729 ), #3633, .T. ) ;
#3118 = CARTESIAN_POINT ( 'NONE',  ( 12.15000000000000036, -9.653340064336644488, 16.73357275919919473 ) ) ;
#3119 = VERTEX_POINT ( 'NONE', #3169 ) ;
#3120 = CARTESIAN_POINT ( 'NONE',  ( -12.40000000000000036, -6.950000000000011724, -12.78963702891815402 ) ) ;
#3121 = CARTESIAN_POINT ( 'NONE',  ( 10.18636434877175745, -10.89144945007372733, 15.82607704299694795 ) ) ;
#3122 = ORIENTED_EDGE ( 'NONE', *, *, #2833, .T. ) ;
#3123 = CARTESIAN_POINT ( 'NONE',  ( 10.08618780040435148, -8.156936133356216700, 16.06160488093795990 ) ) ;
#3124 = ORIENTED_EDGE ( 'NONE', *, *, #3909, .T. ) ;
#3125 = CARTESIAN_POINT ( 'NONE',  ( 10.71169349288612160, -6.330887670382906229, 14.10045256842415640 ) ) ;
#3126 = EDGE_CURVE ( 'NONE', #4196, #2712, #1677, .T. ) ;
#3127 = CARTESIAN_POINT ( 'NONE',  ( -12.17448810770887135, -5.499999788715350668, 12.19618683938697323 ) ) ;
#3128 = B_SPLINE_CURVE_WITH_KNOTS ( 'NONE', 3,
 ( #1199, #4618, #2694, #893, #3874, #3514, #1638, #2268 ),
 .UNSPECIFIED., .F., .F.,
 ( 4, 2, 2, 4 ),
 ( 0.000000000000000000, 0.0001718485836613196319, 0.0003436971673226392639, 0.0006873943346452785277 ),
 .UNSPECIFIED. ) ;
#3129 = CARTESIAN_POINT ( 'NONE',  ( 14.14999999999999858, -18.33257888130140856, -22.35662432702594060 ) ) ;
#3130 = EDGE_CURVE ( 'NONE', #1379, #3078, #2785, .T. ) ;
#3131 = ORIENTED_EDGE ( 'NONE', *, *, #3521, .F. ) ;
#3132 = ORIENTED_EDGE ( 'NONE', *, *, #4292, .F. ) ;
#3133 = CARTESIAN_POINT ( 'NONE',  ( -12.15000000000000036, 17.00105930301486623, 12.35677313259561672 ) ) ;
#3134 =( BOUNDED_CURVE ( )  B_SPLINE_CURVE ( 3, ( #4208, #773, #2326, #3362 ),
 .UNSPECIFIED., .F., .F. ) 
 B_SPLINE_CURVE_WITH_KNOTS ( ( 4, 4 ),
 ( 6.257011679223343670, 7.819081692050691146 ),
 .UNSPECIFIED. ) 
 CURVE ( )  GEOMETRIC_REPRESENTATION_ITEM ( )  RATIONAL_B_SPLINE_CURVE ( ( 1.000000000000000000, 0.8067901724359309856, 0.8067901724359309856, 1.000000000000000000 ) ) 
 REPRESENTATION_ITEM ( '' )  );
#3135 = ORIENTED_EDGE ( 'NONE', *, *, #906, .T. ) ;
#3136 = DIRECTION ( 'NONE',  ( 0.000000000000000000, 0.000000000000000000, -1.000000000000000000 ) ) ;
#3137 = CARTESIAN_POINT ( 'NONE',  ( -2.186655558190168769, -19.73583685161223400, -21.87369799794511849 ) ) ;
#3138 = ORIENTED_EDGE ( 'NONE', *, *, #3193, .T. ) ;
#3139 = ORIENTED_EDGE ( 'NONE', *, *, #284, .T. ) ;
#3140 = FACE_OUTER_BOUND ( 'NONE', #1037, .T. ) ;
#3141 = CARTESIAN_POINT ( 'NONE',  ( 10.08618780039558871, -8.156936133371397446, 16.06160488095762062 ) ) ;
#3142 = FACE_OUTER_BOUND ( 'NONE', #1404, .T. ) ;
#3143 = ORIENTED_EDGE ( 'NONE', *, *, #3247, .T. ) ;
#3144 = DIRECTION ( 'NONE',  ( 0.000000000000000000, 0.000000000000000000, -1.000000000000000000 ) ) ;
#3145 = ORIENTED_EDGE ( 'NONE', *, *, #1650, .T. ) ;
#3146 = CARTESIAN_POINT ( 'NONE',  ( -12.11670354314043507, -5.200000000000010836, -23.67573593128807019 ) ) ;
#3147 = ADVANCED_FACE ( 'NONE', ( #3971 ), #563, .T. ) ;
#3148 = CARTESIAN_POINT ( 'NONE',  ( -13.64999999999999858, -5.200000000000010836, 3.000000000000001332 ) ) ;
#3149 = CARTESIAN_POINT ( 'NONE',  ( 7.578718707889822603, -12.50000000000000888, 16.81977793090867479 ) ) ;
#3150 = VERTEX_POINT ( 'NONE', #4395 ) ;
#3151 = CARTESIAN_POINT ( 'NONE',  ( -10.23452994616206624, -5.400000000000011902, -23.60000000000000142 ) ) ;
#3152 = FACE_OUTER_BOUND ( 'NONE', #3912, .T. ) ;
#3153 = FACE_OUTER_BOUND ( 'NONE', #1148, .T. ) ;
#3154 = DIRECTION ( 'NONE',  ( 1.458200821047515291E-16, 0.000000000000000000, -1.000000000000000000 ) ) ;
#3155 = ORIENTED_EDGE ( 'NONE', *, *, #1132, .F. ) ;
#3156 = ORIENTED_EDGE ( 'NONE', *, *, #3084, .F. ) ;
#3157 = ORIENTED_EDGE ( 'NONE', *, *, #222, .T. ) ;
#3158 = AXIS2_PLACEMENT_3D ( 'NONE', #926, #183, #2557 ) ;
#3159 = FACE_OUTER_BOUND ( 'NONE', #634, .T. ) ;
#3160 = CARTESIAN_POINT ( 'NONE',  ( 12.15680221654958792, -5.558578643762698057, 12.27457856830090144 ) ) ;
#3161 = ORIENTED_EDGE ( 'NONE', *, *, #1969, .F. ) ;
#3162 = EDGE_LOOP ( 'NONE', ( #629, #3241, #388 ) ) ;
#3163 = EDGE_CURVE ( 'NONE', #2389, #4077, #3559, .T. ) ;
#3164 = AXIS2_PLACEMENT_3D ( 'NONE', #2989, #2208, #2581 ) ;
#3165 = AXIS2_PLACEMENT_3D ( 'NONE', #4839, #300, #732 ) ;
#3166 = DIRECTION ( 'NONE',  ( 0.000000000000000000, 1.000000000000000000, 0.000000000000000000 ) ) ;
#3167 = CARTESIAN_POINT ( 'NONE',  ( 7.360473291848471433, -10.77801214910260619, -22.23008787535179920 ) ) ;
#3168 = SPHERICAL_SURFACE ( 'NONE', #875, 0.2000000000000000111 ) ;
#3169 = CARTESIAN_POINT ( 'NONE',  ( 10.46547005383791706, -5.200000000000010836, -23.50000000000000000 ) ) ;
#3170 = DIRECTION ( 'NONE',  ( 0.000000000000000000, -0.000000000000000000, 1.000000000000000000 ) ) ;
#3171 = VERTEX_POINT ( 'NONE', #4476 ) ;
#3172 = CARTESIAN_POINT ( 'NONE',  ( -14.14999999999999858, -6.091506350946103154, -22.53963702891815757 ) ) ;
#3173 = B_SPLINE_CURVE_WITH_KNOTS ( 'NONE', 3,
 ( #937, #4270, #3985, #4381, #3535, #1010 ),
 .UNSPECIFIED., .F., .F.,
 ( 4, 2, 4 ),
 ( 8.673617379884035472E-19, 0.0001436609695793181630, 0.0002873219391586354587 ),
 .UNSPECIFIED. ) ;
#3174 = AXIS2_PLACEMENT_3D ( 'NONE', #249, #1049, #710 ) ;
#3175 = DIRECTION ( 'NONE',  ( 0.000000000000000000, 0.000000000000000000, -1.000000000000000000 ) ) ;
#3176 = VECTOR ( 'NONE', #4441, 1000.000000000000000 ) ;
#3177 = CARTESIAN_POINT ( 'NONE',  ( 10.47399188563896999, -5.396509629217709936, 12.73627387587710302 ) ) ;
#3178 = AXIS2_PLACEMENT_3D ( 'NONE', #871, #4205, #3036 ) ;
#3179 = TOROIDAL_SURFACE ( 'NONE', #2709, 0.7999999999999999334, 0.2999999999999999889 ) ;
#3180 = DIRECTION ( 'NONE',  ( 0.000000000000000000, 0.000000000000000000, 1.000000000000000000 ) ) ;
#3181 = EDGE_CURVE ( 'NONE', #3777, #549, #1522, .T. ) ;
#3182 = CARTESIAN_POINT ( 'NONE',  ( 10.34999999999999787, -12.49999999999999645, 15.52708456944178472 ) ) ;
#3183 = CARTESIAN_POINT ( 'NONE',  ( -7.250000000000000000, -16.69999999999999929, 20.22509998793676900 ) ) ;
#3184 = ORIENTED_EDGE ( 'NONE', *, *, #3207, .T. ) ;
#3185 = ORIENTED_EDGE ( 'NONE', *, *, #1137, .F. ) ;
#3186 = SHAPE_DEFINITION_REPRESENTATION ( #887, #2538 ) ;
#3187 = EDGE_LOOP ( 'NONE', ( #2568, #3596, #1163, #815 ) ) ;
#3188 = DIRECTION ( 'NONE',  ( -0.4999999999999978906, 0.000000000000000000, 0.8660254037844398178 ) ) ;
#3189 = FACE_OUTER_BOUND ( 'NONE', #4210, .T. ) ;
#3190 = VERTEX_POINT ( 'NONE', #744 ) ;
#3191 = ORIENTED_EDGE ( 'NONE', *, *, #2605, .F. ) ;
#3192 = CARTESIAN_POINT ( 'NONE',  ( -8.948966594415566078, -10.62999480701864030, 18.13975710676734465 ) ) ;
#3193 = EDGE_CURVE ( 'NONE', #4802, #3994, #1495, .T. ) ;
#3194 = CARTESIAN_POINT ( 'NONE',  ( 14.14999999999999858, -6.950000000000011724, 2.500000000000000888 ) ) ;
#3195 = ORIENTED_EDGE ( 'NONE', *, *, #4781, .F. ) ;
#3196 = CARTESIAN_POINT ( 'NONE',  ( 11.93480580525836565, -9.353553390593326355, 16.86411994630512368 ) ) ;
#3197 = VERTEX_POINT ( 'NONE', #1841 ) ;
#3198 = CARTESIAN_POINT ( 'NONE',  ( 10.18734261304261679, -8.253445652082413986, 15.87506647899648193 ) ) ;
#3199 = VERTEX_POINT ( 'NONE', #3735 ) ;
#3200 = DIRECTION ( 'NONE',  ( 0.000000000000000000, 0.000000000000000000, 1.000000000000000000 ) ) ;
#3201 = EDGE_CURVE ( 'NONE', #3964, #1940, #3361, .T. ) ;
#3202 = ADVANCED_FACE ( 'NONE', ( #1077 ), #769, .T. ) ;
#3203 = CARTESIAN_POINT ( 'NONE',  ( 11.94275964880891117, -6.744265400050323933, 13.99637691772367987 ) ) ;
#3204 = CARTESIAN_POINT ( 'NONE',  ( 14.75000000000000000, -16.69999999999999929, 16.69681954598461004 ) ) ;
#3205 = DIRECTION ( 'NONE',  ( 0.000000000000000000, 1.000000000000000000, 0.000000000000000000 ) ) ;
#3206 = DIRECTION ( 'NONE',  ( -0.01744974916068272111, -0.9996954598818874604, 0.01744974916068271764 ) ) ;
#3207 = EDGE_CURVE ( 'NONE', #1387, #447, #1845, .T. ) ;
#3208 = CARTESIAN_POINT ( 'NONE',  ( -10.05013702566405520, -12.49476746655797577, -22.00009133421097118 ) ) ;
#3209 = CARTESIAN_POINT ( 'NONE',  ( 14.14999999999999680, -5.500000000000011546, -13.79999999999999893 ) ) ;
#3210 = EDGE_LOOP ( 'NONE', ( #2698, #1506, #3927, #435 ) ) ;
#3211 = DIRECTION ( 'NONE',  ( 0.000000000000000000, 0.000000000000000000, 1.000000000000000000 ) ) ;
#3212 = ORIENTED_EDGE ( 'NONE', *, *, #793, .T. ) ;
#3213 = ADVANCED_FACE ( 'NONE', ( #1317 ), #1153, .T. ) ;
#3214 = FACE_OUTER_BOUND ( 'NONE', #470, .T. ) ;
#3215 = LINE ( 'NONE', #2847, #4350 ) ;
#3216 = ORIENTED_EDGE ( 'NONE', *, *, #4374, .F. ) ;
#3217 = LINE ( 'NONE', #2849, #3892 ) ;
#3218 = FACE_OUTER_BOUND ( 'NONE', #3970, .T. ) ;
#3219 = DIRECTION ( 'NONE',  ( -1.000000000000000000, 0.000000000000000000, 2.061858463601975203E-16 ) ) ;
#3220 = CARTESIAN_POINT ( 'NONE',  ( 12.65000000000000036, -5.200000000000010836, -12.35662432702593172 ) ) ;
#3221 = EDGE_LOOP ( 'NONE', ( #2321, #230, #3216, #1737 ) ) ;
#3222 = CARTESIAN_POINT ( 'NONE',  ( 10.44390727800191421, -7.120055646421225681, 14.68621274616882033 ) ) ;
#3223 = DIRECTION ( 'NONE',  ( 0.000000000000000000, 0.000000000000000000, 1.000000000000000000 ) ) ;
#3224 = CARTESIAN_POINT ( 'NONE',  ( -10.47742197397599107, -5.200000000000012612, 12.65068362120860712 ) ) ;
#3225 = EDGE_CURVE ( 'NONE', #579, #717, #3789, .T. ) ;
#3226 = CARTESIAN_POINT ( 'NONE',  ( -10.42952924663998893, -7.943772511471870246, 15.58157060627143586 ) ) ;
#3227 = DIRECTION ( 'NONE',  ( 1.457954101459833063E-16, 0.7071067811865474617, -0.7071067811865474617 ) ) ;
#3228 = CARTESIAN_POINT ( 'NONE',  ( -10.08618780039204843, -8.156936133377525877, 16.06160488096556094 ) ) ;
#3229 = EDGE_CURVE ( 'NONE', #4597, #3749, #332, .T. ) ;
#3230 = ORIENTED_EDGE ( 'NONE', *, *, #58, .T. ) ;
#3231 = CIRCLE ( 'NONE', #661, 0.3000000000000007105 ) ;
#3232 = CARTESIAN_POINT ( 'NONE',  ( -10.46547005383791529, -5.200000000000010836, -23.50000000000000000 ) ) ;
#3233 = CARTESIAN_POINT ( 'NONE',  ( 10.15761360547726078, -12.52733736079479421, 15.80657661833877903 ) ) ;
#3234 = ORIENTED_EDGE ( 'NONE', *, *, #4624, .T. ) ;
#3235 =( NAMED_UNIT ( * ) SI_UNIT ( $, .STERADIAN. ) SOLID_ANGLE_UNIT ( ) );
#3236 = ORIENTED_EDGE ( 'NONE', *, *, #2680, .F. ) ;
#3237 = TOROIDAL_SURFACE ( 'NONE', #3643, 0.2000000000000000389, 0.2999999999999999889 ) ;
#3238 = CARTESIAN_POINT ( 'NONE',  ( 9.544610954404632253, -9.494974746830640910, 17.63736291403408885 ) ) ;
#3239 = ADVANCED_FACE ( 'NONE', ( #1869 ), #2598, .T. ) ;
#3240 = CARTESIAN_POINT ( 'NONE',  ( 7.791943336458364122, -12.62065772155058596, 18.47042662857110784 ) ) ;
#3241 = ORIENTED_EDGE ( 'NONE', *, *, #1964, .F. ) ;
#3242 = DIRECTION ( 'NONE',  ( 0.000000000000000000, 0.000000000000000000, 1.000000000000000000 ) ) ;
#3243 = EDGE_LOOP ( 'NONE', ( #151, #1923, #2564, #1890 ) ) ;
#3244 = PLANE ( 'NONE',  #1925 ) ;
#3245 = VECTOR ( 'NONE', #3545, 1000.000000000000000 ) ;
#3246 = DIRECTION ( 'NONE',  ( -2.061858463601975203E-16, 0.000000000000000000, 1.000000000000000000 ) ) ;
#3247 = EDGE_CURVE ( 'NONE', #3687, #3410, #4042, .T. ) ;
#3248 = LINE ( 'NONE', #1386, #1741 ) ;
#3249 = ORIENTED_EDGE ( 'NONE', *, *, #336, .F. ) ;
#3250 = CONICAL_SURFACE ( 'NONE', #1366, 28.19999999999999218, 0.01745329251994333364 ) ;
#3251 = TOROIDAL_SURFACE ( 'NONE', #351, 29.50000000000000000, 0.5000000000000000000 ) ;
#3252 = ORIENTED_EDGE ( 'NONE', *, *, #2489, .F. ) ;
#3253 = DIRECTION ( 'NONE',  ( -0.4999999999999981126, -0.8660254037844397068, 0.000000000000000000 ) ) ;
#3254 = VECTOR ( 'NONE', #4846, 1000.000000000000000 ) ;
#3255 = DIRECTION ( 'NONE',  ( 1.000000000000000000, -0.000000000000000000, -0.000000000000000000 ) ) ;
#3256 = DIRECTION ( 'NONE',  ( 0.000000000000000000, 0.000000000000000000, 1.000000000000000000 ) ) ;
#3257 = EDGE_CURVE ( 'NONE', #4473, #3199, #1395, .T. ) ;
#3258 = AXIS2_PLACEMENT_3D ( 'NONE', #3499, #881, #1213 ) ;
#3259 = AXIS2_PLACEMENT_3D ( 'NONE', #4080, #397, #1149 ) ;
#3260 = CARTESIAN_POINT ( 'NONE',  ( -12.15000000000000036, -9.707106781186604749, 16.73357303036088695 ) ) ;
#3261 = CARTESIAN_POINT ( 'NONE',  ( -6.231001559610986895, -12.50000000000000888, -23.80000000000000071 ) ) ;
#3262 = VECTOR ( 'NONE', #3009, 1000.000000000000000 ) ;
#3263 = CARTESIAN_POINT ( 'NONE',  ( 11.95695033252659378, -9.446315976501475475, 16.95566325862010260 ) ) ;
#3264 = CARTESIAN_POINT ( 'NONE',  ( -12.16479556752590696, -5.522705879056869271, 12.23600116418790584 ) ) ;
#3265 = ORIENTED_EDGE ( 'NONE', *, *, #162, .F. ) ;
#3266 = EDGE_CURVE ( 'NONE', #4594, #1326, #2233, .T. ) ;
#3267 = AXIS2_PLACEMENT_3D ( 'NONE', #2768, #3062, #1229 ) ;
#3268 = DIRECTION ( 'NONE',  ( 0.000000000000000000, 0.000000000000000000, 1.000000000000000000 ) ) ;
#3269 = DIRECTION ( 'NONE',  ( 0.000000000000000000, 0.000000000000000000, 1.000000000000000000 ) ) ;
#3270 = ORIENTED_EDGE ( 'NONE', *, *, #3276, .F. ) ;
#3271 = DIRECTION ( 'NONE',  ( 0.000000000000000000, 1.000000000000000000, 0.000000000000000000 ) ) ;
#3272 = EDGE_CURVE ( 'NONE', #3086, #4744, #3744, .T. ) ;
#3273 =( BOUNDED_CURVE ( )  B_SPLINE_CURVE ( 3, ( #1024, #1358, #2772, #2431 ),
 .UNSPECIFIED., .F., .F. ) 
 B_SPLINE_CURVE_WITH_KNOTS ( ( 4, 4 ),
 ( 4.959659508581315102, 5.052623624958293647 ),
 .UNSPECIFIED. ) 
 CURVE ( )  GEOMETRIC_REPRESENTATION_ITEM ( )  RATIONAL_B_SPLINE_CURVE ( ( 1.000000000000000000, 0.9992799357493329371, 0.9992799357493329371, 1.000000000000000000 ) ) 
 REPRESENTATION_ITEM ( '' )  );
#3274 = DIRECTION ( 'NONE',  ( -0.000000000000000000, 1.000000000000000000, -0.000000000000000000 ) ) ;
#3275 = ORIENTED_EDGE ( 'NONE', *, *, #745, .F. ) ;
#3276 = EDGE_CURVE ( 'NONE', #2750, #3986, #2703, .T. ) ;
#3277 = DIRECTION ( 'NONE',  ( 0.000000000000000000, 0.000000000000000000, -1.000000000000000000 ) ) ;
#3278 = CARTESIAN_POINT ( 'NONE',  ( -10.68287244362100274, -7.805841636522009352, 15.71253339731172893 ) ) ;
#3279 = DIRECTION ( 'NONE',  ( 0.000000000000000000, 0.000000000000000000, -1.000000000000000000 ) ) ;
#3280 = CARTESIAN_POINT ( 'NONE',  ( 10.40312968328082199, -9.456202483639165379, 15.76893127424844998 ) ) ;
#3281 = VERTEX_POINT ( 'NONE', #3012 ) ;
#3282 = EDGE_CURVE ( 'NONE', #3777, #3119, #1394, .T. ) ;
#3283 = CARTESIAN_POINT ( 'NONE',  ( -12.14999999999999858, -6.950000000000011724, -23.80000000000000071 ) ) ;
#3284 = CARTESIAN_POINT ( 'NONE',  ( 12.14242894438802089, -5.476434061329928937, 12.46459632210003576 ) ) ;
#3285 = ORIENTED_EDGE ( 'NONE', *, *, #2325, .T. ) ;
#3286 = AXIS2_PLACEMENT_3D ( 'NONE', #1145, #3407, #4171 ) ;
#3287 = DIRECTION ( 'NONE',  ( 0.5000000000000022204, 0.000000000000000000, -0.8660254037844372643 ) ) ;
#3288 = CARTESIAN_POINT ( 'NONE',  ( -12.15000000000000036, -9.565685424949297300, 16.66967721593322338 ) ) ;
#3289 = EDGE_LOOP ( 'NONE', ( #3806, #4769, #627, #770 ) ) ;
#3290 = CARTESIAN_POINT ( 'NONE',  ( -12.15000000000000036, -5.631890666351309527, 12.32978465823257785 ) ) ;
#3291 = CARTESIAN_POINT ( 'NONE',  ( -9.248931386510731656, -9.607106781182887190, 17.77124589387926790 ) ) ;
#3292 = ORIENTED_EDGE ( 'NONE', *, *, #787, .F. ) ;
#3293 = DIRECTION ( 'NONE',  ( 8.380306647230952385E-17, 1.000000000000000000, -0.000000000000000000 ) ) ;
#3294 = DIRECTION ( 'NONE',  ( 0.000000000000000000, 0.000000000000000000, 1.000000000000000000 ) ) ;
#3295 = DIRECTION ( 'NONE',  ( 0.000000000000000000, 0.000000000000000000, -1.000000000000000000 ) ) ;
#3296 = CARTESIAN_POINT ( 'NONE',  ( 10.42952924663998537, -7.943772511471866693, 15.58157060627144119 ) ) ;
#3297 = CARTESIAN_POINT ( 'NONE',  ( -10.27156944826087681, -8.253113960787809233, 15.84241837323266822 ) ) ;
#3298 = EDGE_CURVE ( 'NONE', #3197, #2684, #398, .T. ) ;
#3299 = LINE ( 'NONE', #4712, #2160 ) ;
#3300 = EDGE_CURVE ( 'NONE', #3563, #447, #520, .T. ) ;
#3301 = EDGE_CURVE ( 'NONE', #1909, #4637, #525, .T. ) ;
#3302 = CARTESIAN_POINT ( 'NONE',  ( -10.33939236057803335, -5.218372970427289204, -23.62393518391778002 ) ) ;
#3303 = FACE_OUTER_BOUND ( 'NONE', #2157, .T. ) ;
#3304 = AXIS2_PLACEMENT_3D ( 'NONE', #3148, #192, #3801 ) ;
#3305 = ORIENTED_EDGE ( 'NONE', *, *, #389, .F. ) ;
#3306 = PLANE ( 'NONE',  #3480 ) ;
#3307 = CARTESIAN_POINT ( 'NONE',  ( 8.719483347878965063, -10.52413768406343486, 18.21160274304830295 ) ) ;
#3308 = ORIENTED_EDGE ( 'NONE', *, *, #2426, .T. ) ;
#3309 = VERTEX_POINT ( 'NONE', #1846 ) ;
#3310 = DIRECTION ( 'NONE',  ( 3.011661613853541685E-17, -0.7071067811865474617, 0.7071067811865474617 ) ) ;
#3311 = CARTESIAN_POINT ( 'NONE',  ( -11.91714574554362471, -5.500000000000010658, 12.03595442721018394 ) ) ;
#3312 = ORIENTED_EDGE ( 'NONE', *, *, #1874, .T. ) ;
#3313 = CARTESIAN_POINT ( 'NONE',  ( 11.93480580525836565, -9.353553390593331684, 16.86411994630512368 ) ) ;
#3314 = AXIS2_PLACEMENT_3D ( 'NONE', #2094, #234, #3630 ) ;
#3315 = EDGE_CURVE ( 'NONE', #992, #4453, #1475, .T. ) ;
#3316 = CARTESIAN_POINT ( 'NONE',  ( -15.75000000000000000, -14.50000000000001066, -22.20000000000000284 ) ) ;
#3317 = ORIENTED_EDGE ( 'NONE', *, *, #4630, .T. ) ;
#3318 = DIRECTION ( 'NONE',  ( 0.000000000000000000, 0.000000000000000000, -1.000000000000000000 ) ) ;
#3319 = CARTESIAN_POINT ( 'NONE',  ( -7.799521905041642000, -12.50000000000001066, 18.46845973089857296 ) ) ;
#3320 = LINE ( 'NONE', #1410, #2761 ) ;
#3321 = AXIS2_PLACEMENT_3D ( 'NONE', #703, #4110, #380 ) ;
#3322 = FACE_BOUND ( 'NONE', #4653, .T. ) ;
#3323 = AXIS2_PLACEMENT_3D ( 'NONE', #2615, #1953, #442 ) ;
#3324 = FACE_OUTER_BOUND ( 'NONE', #1425, .T. ) ;
#3325 = AXIS2_PLACEMENT_3D ( 'NONE', #2746, #2334, #2773 ) ;
#3326 = CIRCLE ( 'NONE', #4195, 0.2999999999999994338 ) ;
#3327 = LINE ( 'NONE', #271, #4048 ) ;
#3328 = CARTESIAN_POINT ( 'NONE',  ( -13.84999999999999787, -5.200000000000010836, 10.62472232502674885 ) ) ;
#3329 = CARTESIAN_POINT ( 'NONE',  ( 10.47742197397598751, -5.200000000000010836, -21.82403757902092778 ) ) ;
#3330 = EDGE_CURVE ( 'NONE', #2668, #870, #2968, .T. ) ;
#3331 = CIRCLE ( 'NONE', #209, 0.2999999999999999334 ) ;
#3332 = EDGE_CURVE ( 'NONE', #717, #1002, #2232, .T. ) ;
#3333 = DIRECTION ( 'NONE',  ( -0.000000000000000000, 1.000000000000000000, 1.224646799147347784E-16 ) ) ;
#3334 = DIRECTION ( 'NONE',  ( 0.000000000000000000, 1.000000000000000000, 0.000000000000000000 ) ) ;
#3335 = ORIENTED_EDGE ( 'NONE', *, *, #1415, .F. ) ;
#3336 = ORIENTED_EDGE ( 'NONE', *, *, #1551, .T. ) ;
#3337 = CIRCLE ( 'NONE', #531, 3.750000000000000000 ) ;
#3338 = CIRCLE ( 'NONE', #3496, 0.3000000000000007661 ) ;
#3339 = CIRCLE ( 'NONE', #1072, 0.5000000000000004441 ) ;
#3340 = DIRECTION ( 'NONE',  ( -0.000000000000000000, -1.000000000000000000, -0.000000000000000000 ) ) ;
#3341 = CARTESIAN_POINT ( 'NONE',  ( 10.42952924663998537, -7.943772511471864917, 15.58157060627144119 ) ) ;
#3342 = VERTEX_POINT ( 'NONE', #34 ) ;
#3343 = CARTESIAN_POINT ( 'NONE',  ( 10.46547005004877562, -5.200000000000010836, -23.57875981847503866 ) ) ;
#3344 = CARTESIAN_POINT ( 'NONE',  ( -10.46547005383791706, -5.200000000000010836, -23.67573593128805953 ) ) ;
#3345 = CARTESIAN_POINT ( 'NONE',  ( -15.22674262636436460, -16.69999999999999929, 17.57586247338190333 ) ) ;
#3346 = CARTESIAN_POINT ( 'NONE',  ( 10.34892114499130678, -5.395129914552751593, -22.06778493106949313 ) ) ;
#3347 = DIRECTION ( 'NONE',  ( -8.674938615053076890E-15, 0.000000000000000000, -1.000000000000000000 ) ) ;
#3348 = EDGE_CURVE ( 'NONE', #3035, #2825, #1518, .T. ) ;
#3349 = CARTESIAN_POINT ( 'NONE',  ( 10.20532488158302264, -5.450584655689246105, -22.28810048850464653 ) ) ;
#3350 = EDGE_CURVE ( 'NONE', #679, #4335, #3007, .T. ) ;
#3351 = DIRECTION ( 'NONE',  ( 0.000000000000000000, 0.000000000000000000, -1.000000000000000000 ) ) ;
#3352 = CARTESIAN_POINT ( 'NONE',  ( -7.578718707889819051, -12.50000000000001066, 16.81977793090867479 ) ) ;
#3353 = EDGE_CURVE ( 'NONE', #119, #2668, #3331, .T. ) ;
#3354 = CARTESIAN_POINT ( 'NONE',  ( 11.96969696969697061, -9.574892384934830858, 17.00865962662715347 ) ) ;
#3355 = CARTESIAN_POINT ( 'NONE',  ( 10.35627968409117194, -8.115514777132755597, 16.17574098436968200 ) ) ;
#3356 = VERTEX_POINT ( 'NONE', #1546 ) ;
#3357 = ORIENTED_EDGE ( 'NONE', *, *, #208, .F. ) ;
#3358 = LINE ( 'NONE', #2621, #925 ) ;
#3359 = B_SPLINE_CURVE_WITH_KNOTS ( 'NONE', 3,
 ( #4116, #757, #1092, #2240, #3745, #2748, #3121, #859, #2776, #166 ),
 .UNSPECIFIED., .F., .F.,
 ( 4, 3, 3, 4 ),
 ( 0.0003614018136920666520, 0.0006000000000008093044, 0.003000000000101428477, 0.004608913217024664805 ),
 .UNSPECIFIED. ) ;
#3360 = B_SPLINE_CURVE_WITH_KNOTS ( 'NONE', 3,
 ( #4367, #678, #311, #1701, #2877, #214 ),
 .UNSPECIFIED., .F., .F.,
 ( 4, 2, 4 ),
 ( 0.000000000000000000, 0.0001792791599960073172, 0.0003585583199920146344 ),
 .UNSPECIFIED. ) ;
#3361 = LINE ( 'NONE', #343, #2628 ) ;
#3362 = CARTESIAN_POINT ( 'NONE',  ( -6.364267912280684669, -12.49999999999999467, -22.00000000000000355 ) ) ;
#3363 = DIRECTION ( 'NONE',  ( 1.000000000000000000, 0.000000000000000000, 0.000000000000000000 ) ) ;
#3364 = ORIENTED_EDGE ( 'NONE', *, *, #3863, .T. ) ;
#3365 = DIRECTION ( 'NONE',  ( -1.000000000000000000, 0.000000000000000000, -6.505213034913027590E-16 ) ) ;
#3366 = DIRECTION ( 'NONE',  ( 0.000000000000000000, 1.000000000000000000, 0.000000000000000000 ) ) ;
#3367 = TOROIDAL_SURFACE ( 'NONE', #2970, 29.49999999999999645, 0.5000000000000000000 ) ;
#3368 = CARTESIAN_POINT ( 'NONE',  ( 12.16254750833685883, -5.513933942899976515, 12.24010469281933844 ) ) ;
#3369 = LINE ( 'NONE', #4141, #612 ) ;
#3370 = ORIENTED_EDGE ( 'NONE', *, *, #960, .F. ) ;
#3371 = DIRECTION ( 'NONE',  ( -1.000000000000000000, 0.000000000000000000, 0.000000000000000000 ) ) ;
#3372 = CARTESIAN_POINT ( 'NONE',  ( -10.18462600466030032, -10.99037018900343732, 15.82490478752736429 ) ) ;
#3373 = EDGE_LOOP ( 'NONE', ( #574, #3418, #2067, #96, #4189, #1591, #226, #1332, #1878, #1106, #168, #2745, #598 ) ) ;
#3374 = CARTESIAN_POINT ( 'NONE',  ( 10.16495199884198897, -5.917022058557282804, -22.11490630738891028 ) ) ;
#3375 = CARTESIAN_POINT ( 'NONE',  ( 15.75000000000000355, -12.50000000000001066, -22.20000000000000284 ) ) ;
#3376 = CARTESIAN_POINT ( 'NONE',  ( 10.42952924663998715, -7.943772511471866693, 15.58157060627144119 ) ) ;
#3377 = ORIENTED_EDGE ( 'NONE', *, *, #1423, .T. ) ;
#3378 = CARTESIAN_POINT ( 'NONE',  ( 12.18244855890327116, -5.501682704684731640, 12.17958495599128455 ) ) ;
#3379 = ORIENTED_EDGE ( 'NONE', *, *, #3388, .T. ) ;
#3380 = ORIENTED_EDGE ( 'NONE', *, *, #2747, .F. ) ;
#3381 = FACE_OUTER_BOUND ( 'NONE', #4728, .T. ) ;
#3382 = EDGE_CURVE ( 'NONE', #3642, #2838, #1216, .T. ) ;
#3383 = CARTESIAN_POINT ( 'NONE',  ( 0.000000000000000000, -9.353553390593331684, -10.49999999999999822 ) ) ;
#3384 = CARTESIAN_POINT ( 'NONE',  ( 10.34999999999999609, -12.50000000000001066, 15.58770463477483936 ) ) ;
#3385 = ORIENTED_EDGE ( 'NONE', *, *, #1244, .F. ) ;
#3386 = DIRECTION ( 'NONE',  ( 0.000000000000000000, 0.7478206139595402480, 0.6639008430008025430 ) ) ;
#3387 = DIRECTION ( 'NONE',  ( -1.334932164809288426E-12, 0.000000000000000000, 1.000000000000000000 ) ) ;
#3388 = EDGE_CURVE ( 'NONE', #4672, #2618, #81, .T. ) ;
#3389 = EDGE_CURVE ( 'NONE', #2741, #2273, #3807, .T. ) ;
#3390 = EDGE_CURVE ( 'NONE', #3987, #2825, #4159, .T. ) ;
#3391 = CARTESIAN_POINT ( 'NONE',  ( -10.35000000000000142, -12.49999999999999467, 15.52708456944178472 ) ) ;
#3392 = CIRCLE ( 'NONE', #3475, 0.2000000000000000666 ) ;
#3393 = CARTESIAN_POINT ( 'NONE',  ( 10.34999999999999787, -12.49999999999999645, -22.00000000000000355 ) ) ;
#3394 = ORIENTED_EDGE ( 'NONE', *, *, #3300, .T. ) ;
#3395 = TOROIDAL_SURFACE ( 'NONE', #1278, 0.7999999999999999334, 0.2999999999999999889 ) ;
#3396 = VECTOR ( 'NONE', #4666, 1000.000000000000000 ) ;
#3397 = AXIS2_PLACEMENT_3D ( 'NONE', #1504, #491, #4226 ) ;
#3398 = CIRCLE ( 'NONE', #114, 0.1999999999999997058 ) ;
#3399 = CARTESIAN_POINT ( 'NONE',  ( 0.000000000000000000, -8.253445652082413986, -10.49999999999999822 ) ) ;
#3400 = CARTESIAN_POINT ( 'NONE',  ( -10.34952282459233075, -12.52733736079663984, 15.52675730902373985 ) ) ;
#3401 = EDGE_CURVE ( 'NONE', #4744, #4330, #1657, .T. ) ;
#3402 = ORIENTED_EDGE ( 'NONE', *, *, #1603, .F. ) ;
#3403 = VERTEX_POINT ( 'NONE', #2700 ) ;
#3404 = DIRECTION ( 'NONE',  ( 0.000000000000000000, 1.000000000000000000, 0.000000000000000000 ) ) ;
#3405 = DIRECTION ( 'NONE',  ( -0.000000000000000000, 1.000000000000000000, -0.000000000000000000 ) ) ;
#3406 = CIRCLE ( 'NONE', #677, 0.1999999999999995115 ) ;
#3407 = DIRECTION ( 'NONE',  ( -0.000000000000000000, -1.000000000000000000, -0.000000000000000000 ) ) ;
#3408 = ORIENTED_EDGE ( 'NONE', *, *, #4442, .T. ) ;
#3409 = ORIENTED_EDGE ( 'NONE', *, *, #2884, .F. ) ;
#3410 = VERTEX_POINT ( 'NONE', #456 ) ;
#3411 = DIRECTION ( 'NONE',  ( 0.4999999999999978906, 0.000000000000000000, 0.8660254037844398178 ) ) ;
#3412 = VECTOR ( 'NONE', #3761, 1000.000000000000000 ) ;
#3413 = EDGE_CURVE ( 'NONE', #4594, #1146, #2226, .T. ) ;
#3414 = FACE_OUTER_BOUND ( 'NONE', #1517, .T. ) ;
#3415 = CARTESIAN_POINT ( 'NONE',  ( 10.45822404000375272, -6.299848900659133832, 13.78765227637543411 ) ) ;
#3416 = ORIENTED_EDGE ( 'NONE', *, *, #1973, .T. ) ;
#3417 = AXIS2_PLACEMENT_3D ( 'NONE', #3096, #1237, #2727 ) ;
#3418 = ORIENTED_EDGE ( 'NONE', *, *, #4332, .T. ) ;
#3419 = DIRECTION ( 'NONE',  ( 4.259132699590121732E-17, -0.000000000000000000, 1.000000000000000000 ) ) ;
#3420 = DIRECTION ( 'NONE',  ( 0.000000000000000000, 0.000000000000000000, -1.000000000000000000 ) ) ;
#3421 = EDGE_CURVE ( 'NONE', #4009, #3410, #1962, .T. ) ;
#3422 = AXIS2_PLACEMENT_3D ( 'NONE', #3855, #4254, #2330 ) ;
#3423 = DIRECTION ( 'NONE',  ( -0.000000000000000000, 1.000000000000000000, -0.000000000000000000 ) ) ;
#3424 = CARTESIAN_POINT ( 'NONE',  ( -13.74999999999999645, -5.200000000000010836, 10.79792740578363563 ) ) ;
#3425 = ORIENTED_EDGE ( 'NONE', *, *, #2884, .T. ) ;
#3426 = EDGE_CURVE ( 'NONE', #4145, #4850, #4714, .T. ) ;
#3427 = CARTESIAN_POINT ( 'NONE',  ( -12.14999999999999858, 17.00105930301486623, -23.80000000000000071 ) ) ;
#3428 = CARTESIAN_POINT ( 'NONE',  ( -10.23570246137892958, -7.782346940463090057, 15.86515775759439606 ) ) ;
#3429 = ORIENTED_EDGE ( 'NONE', *, *, #3126, .T. ) ;
#3430 = CARTESIAN_POINT ( 'NONE',  ( 10.10046024019477429, -5.632215542491178617, -22.31816258273477516 ) ) ;
#3431 = DIRECTION ( 'NONE',  ( 0.9998476951563912696, 0.01745240643728354982, 0.000000000000000000 ) ) ;
#3432 = CARTESIAN_POINT ( 'NONE',  ( -12.65000000000000213, -5.200000000000010836, 12.35677313259561849 ) ) ;
#3433 = CARTESIAN_POINT ( 'NONE',  ( -10.67396142659912783, -5.200000000000010836, -21.98833493005070849 ) ) ;
#3434 = ORIENTED_EDGE ( 'NONE', *, *, #4738, .F. ) ;
#3435 = CARTESIAN_POINT ( 'NONE',  ( 12.16242466609271666, -5.529820402315136718, 12.24600177454129835 ) ) ;
#3436 = EDGE_LOOP ( 'NONE', ( #1936, #2719, #100, #466 ) ) ;
#3437 = ORIENTED_EDGE ( 'NONE', *, *, #3909, .F. ) ;
#3438 = ORIENTED_EDGE ( 'NONE', *, *, #2196, .F. ) ;
#3439 = CARTESIAN_POINT ( 'NONE',  ( 10.18734261305178102, -8.253445652066474736, 15.87506647899323475 ) ) ;
#3440 = ORIENTED_EDGE ( 'NONE', *, *, #3792, .F. ) ;
#3441 = EDGE_CURVE ( 'NONE', #326, #928, #2050, .T. ) ;
#3442 = CARTESIAN_POINT ( 'NONE',  ( -10.05004569145308224, -12.49999999999999467, -22.00000000000000355 ) ) ;
#3443 = ORIENTED_EDGE ( 'NONE', *, *, #605, .T. ) ;
#3444 = VERTEX_POINT ( 'NONE', #570 ) ;
#3445 = EDGE_CURVE ( 'NONE', #3444, #4196, #167, .T. ) ;
#3446 = CARTESIAN_POINT ( 'NONE',  ( 10.46547005383791706, -5.400000000000010125, -22.23024303063488816 ) ) ;
#3447 = CARTESIAN_POINT ( 'NONE',  ( -2.588075286112623719, -5.500000000000010658, -4.482677889360415335 ) ) ;
#3448 = CARTESIAN_POINT ( 'NONE',  ( 10.47346794474123222, -5.426526183146045845, 12.82072084934303824 ) ) ;
#3449 = CARTESIAN_POINT ( 'NONE',  ( 14.14999999999999680, -5.500000000000011546, 10.91339745962156194 ) ) ;
#3450 = CARTESIAN_POINT ( 'NONE',  ( -14.14999999999999680, -6.207106781186573663, 2.707106781186547462 ) ) ;
#3451 = EDGE_CURVE ( 'NONE', #3403, #646, #1999, .T. ) ;
#3452 = CARTESIAN_POINT ( 'NONE',  ( 10.47742197397598751, -5.200000000000009059, 12.65068362120861600 ) ) ;
#3453 = CARTESIAN_POINT ( 'NONE',  ( -10.67590860290280297, -7.882434003312342341, 15.79806664869281718 ) ) ;
#3454 = ORIENTED_EDGE ( 'NONE', *, *, #1489, .T. ) ;
#3455 = EDGE_CURVE ( 'NONE', #2183, #80, #799, .T. ) ;
#3456 =( BOUNDED_CURVE ( )  B_SPLINE_CURVE ( 3, ( #142, #4628, #1647, #1256 ),
 .UNSPECIFIED., .F., .F. ) 
 B_SPLINE_CURVE_WITH_KNOTS ( ( 4, 4 ),
 ( 4.390689749246020845, 4.447223376348691914 ),
 .UNSPECIFIED. ) 
 CURVE ( )  GEOMETRIC_REPRESENTATION_ITEM ( )  RATIONAL_B_SPLINE_CURVE ( ( 1.000000000000000000, 0.9997336801506726545, 0.9997336801506726545, 1.000000000000000000 ) ) 
 REPRESENTATION_ITEM ( '' )  );
#3457 = ADVANCED_FACE ( 'NONE', ( #3153 ), #1181, .T. ) ;
#3458 = CARTESIAN_POINT ( 'NONE',  ( 7.250000000000002665, -16.69999999999999929, 20.22509998793677610 ) ) ;
#3459 = ORIENTED_EDGE ( 'NONE', *, *, #2243, .F. ) ;
#3460 = ORIENTED_EDGE ( 'NONE', *, *, #1074, .F. ) ;
#3461 = ORIENTED_EDGE ( 'NONE', *, *, #1803, .T. ) ;
#3462 = CARTESIAN_POINT ( 'NONE',  ( -10.35000000000000142, -12.49999999999999467, 40.49704415459112994 ) ) ;
#3463 = CARTESIAN_POINT ( 'NONE',  ( -11.94778268881369776, -5.419739984612487405, 12.50182191988739433 ) ) ;
#3464 = ORIENTED_EDGE ( 'NONE', *, *, #3820, .F. ) ;
#3465 = ORIENTED_EDGE ( 'NONE', *, *, #518, .F. ) ;
#3466 = LINE ( 'NONE', #3520, #3736 ) ;
#3467 = AXIS2_PLACEMENT_3D ( 'NONE', #2823, #4431, #699 ) ;
#3468 = AXIS2_PLACEMENT_3D ( 'NONE', #3311, #307, #2893 ) ;
#3469 = EDGE_CURVE ( 'NONE', #599, #236, #2414, .T. ) ;
#3470 = DIRECTION ( 'NONE',  ( 0.4923539030660901150, 0.8527819754168574073, -0.1742140537950642998 ) ) ;
#3471 = CARTESIAN_POINT ( 'NONE',  ( -6.135343034915755389, -12.49999999999999467, -23.60000000000000142 ) ) ;
#3472 = ORIENTED_EDGE ( 'NONE', *, *, #1460, .T. ) ;
#3473 = CARTESIAN_POINT ( 'NONE',  ( 10.29485797038549144, -5.548273964701649241, -22.10197946746987796 ) ) ;
#3474 = PLANE ( 'NONE',  #4602 ) ;
#3475 = AXIS2_PLACEMENT_3D ( 'NONE', #1668, #3470, #4238 ) ;
#3476 = CARTESIAN_POINT ( 'NONE',  ( -10.15761360547723235, -12.52733736079663984, 15.80657661833875061 ) ) ;
#3477 = CARTESIAN_POINT ( 'NONE',  ( 13.64999999999999858, -5.200000000000010836, 3.000000000000001332 ) ) ;
#3478 = EDGE_LOOP ( 'NONE', ( #623, #2246, #3881, #3811 ) ) ;
#3479 = CARTESIAN_POINT ( 'NONE',  ( 12.15000000000000036, -6.950000000000011724, 12.35677313259562382 ) ) ;
#3480 = AXIS2_PLACEMENT_3D ( 'NONE', #4054, #2285, #782 ) ;
#3481 = AXIS2_PLACEMENT_3D ( 'NONE', #1176, #453, #1150 ) ;
#3482 = CARTESIAN_POINT ( 'NONE',  ( -10.34892114499130855, -5.395129914552751593, -22.06778493106949313 ) ) ;
#3483 = DIRECTION ( 'NONE',  ( 0.000000000000000000, -0.000000000000000000, 1.000000000000000000 ) ) ;
#3484 = ORIENTED_EDGE ( 'NONE', *, *, #2408, .T. ) ;
#3485 = VERTEX_POINT ( 'NONE', #3812 ) ;
#3486 = CARTESIAN_POINT ( 'NONE',  ( 8.415649201162441528, -11.05039386324815354, 16.60910349639823380 ) ) ;
#3487 =( BOUNDED_SURFACE ( )  B_SPLINE_SURFACE ( 3, 2, ( 
 ( #999, #1794, #3291 ),
 ( #4393, #1329, #4756 ),
 ( #4336, #4019, #4801 ),
 ( #2897, #1424, #2095 ) ),
 .UNSPECIFIED., .F., .F., .F. ) 
 B_SPLINE_SURFACE_WITH_KNOTS ( ( 4, 4 ),
 ( 3, 3 ),
 ( 4.390689749245945350, 4.449639960933767568 ),
 ( 0.000000000000000000, 1.000000000000000000 ),
 .UNSPECIFIED. ) 
 GEOMETRIC_REPRESENTATION_ITEM ( )  RATIONAL_B_SPLINE_SURFACE ( (
 ( 1.000000000000000000, 0.6025698664749170597, 1.000000000000000000),
 ( 1.000000000000000000, 0.6092680452393838264, 1.000000000000000000),
 ( 1.000000000000000000, 0.6159202752020187521, 1.000000000000000000),
 ( 1.000000000000000000, 0.6225198192767120720, 1.000000000000000000) ) ) 
 REPRESENTATION_ITEM ( '' )  SURFACE ( )  );
#3488 = EDGE_CURVE ( 'NONE', #2284, #4622, #4373, .T. ) ;
#3489 = EDGE_CURVE ( 'NONE', #3513, #1169, #2103, .T. ) ;
#3490 = ADVANCED_FACE ( 'NONE', ( #1030 ), #289, .T. ) ;
#3491 = CARTESIAN_POINT ( 'NONE',  ( -9.257779350884186798, -9.591781657344496281, 16.35472816745588531 ) ) ;
#3492 = ORIENTED_EDGE ( 'NONE', *, *, #66, .T. ) ;
#3493 = DIRECTION ( 'NONE',  ( -0.8660254037844384856, 0.000000000000000000, 0.5000000000000003331 ) ) ;
#3494 = DIRECTION ( 'NONE',  ( -4.259132699590121732E-17, -0.000000000000000000, -1.000000000000000000 ) ) ;
#3495 = VECTOR ( 'NONE', #778, 1000.000000000000227 ) ;
#3496 = AXIS2_PLACEMENT_3D ( 'NONE', #1618, #3059, #3110 ) ;
#3497 = ORIENTED_EDGE ( 'NONE', *, *, #3350, .F. ) ;
#3498 = CARTESIAN_POINT ( 'NONE',  ( -13.64999999999999680, -18.33257888130140856, 10.62472232502674885 ) ) ;
#3499 = CARTESIAN_POINT ( 'NONE',  ( 0.000000000000000000, -6.950000000000011724, 0.000000000000000000 ) ) ;
#3500 = AXIS2_PLACEMENT_3D ( 'NONE', #2559, #4764, #4378 ) ;
#3501 = EDGE_CURVE ( 'NONE', #870, #3964, #3882, .T. ) ;
#3502 = EDGE_CURVE ( 'NONE', #4095, #2401, #3327, .T. ) ;
#3503 = CIRCLE ( 'NONE', #450, 0.2000000000000005107 ) ;
#3504 = CARTESIAN_POINT ( 'NONE',  ( -10.42678230221828528, -5.394874044271664282, -22.01193430355089831 ) ) ;
#3505 = CARTESIAN_POINT ( 'NONE',  ( -11.96969696969696706, -9.707106781186604749, 17.00865962662715347 ) ) ;
#3506 = ORIENTED_EDGE ( 'NONE', *, *, #906, .F. ) ;
#3507 = DIRECTION ( 'NONE',  ( -0.3327589341027959446, -0.5763553805385063233, 0.7463819177197991150 ) ) ;
#3508 = CARTESIAN_POINT ( 'NONE',  ( -11.94763723614615714, -5.458094398092673494, 12.54509989680543391 ) ) ;
#3509 = CYLINDRICAL_SURFACE ( 'NONE', #1822, 0.5000000000000000000 ) ;
#3510 = ORIENTED_EDGE ( 'NONE', *, *, #4781, .T. ) ;
#3511 = ADVANCED_FACE ( 'NONE', ( #625 ), #1785, .F. ) ;
#3512 = VERTEX_POINT ( 'NONE', #4050 ) ;
#3513 = VERTEX_POINT ( 'NONE', #2561 ) ;
#3514 = CARTESIAN_POINT ( 'NONE',  ( 10.55208791265484436, -8.074533021344386441, 16.05492127541514691 ) ) ;
#3515 = ORIENTED_EDGE ( 'NONE', *, *, #2983, .T. ) ;
#3516 = CARTESIAN_POINT ( 'NONE',  ( 9.371405873647741913, -9.394974746830643042, 17.63736291403408529 ) ) ;
#3517 = DIRECTION ( 'NONE',  ( 0.000000000000000000, 0.000000000000000000, -1.000000000000000000 ) ) ;
#3518 = ORIENTED_EDGE ( 'NONE', *, *, #4603, .F. ) ;
#3519 = ORIENTED_EDGE ( 'NONE', *, *, #3906, .F. ) ;
#3520 = CARTESIAN_POINT ( 'NONE',  ( 12.14999999999999858, 3.857596844149359328, -35.18257238306474477 ) ) ;
#3521 = EDGE_CURVE ( 'NONE', #3342, #848, #129, .T. ) ;
#3522 = CARTESIAN_POINT ( 'NONE',  ( -12.40000000000000391, -5.500000000000011546, 11.92376043070339797 ) ) ;
#3523 = PRESENTATION_STYLE_ASSIGNMENT (( #878 ) ) ;
#3524 = EDGE_LOOP ( 'NONE', ( #1957, #1901, #3776, #2522 ) ) ;
#3525 = CARTESIAN_POINT ( 'NONE',  ( 13.64999999999999858, -5.200000000000010836, 2.800000000000001155 ) ) ;
#3526 = ORIENTED_EDGE ( 'NONE', *, *, #4372, .F. ) ;
#3527 = DIRECTION ( 'NONE',  ( 0.000000000000000000, 1.000000000000000000, 0.000000000000000000 ) ) ;
#3528 = CIRCLE ( 'NONE', #3286, 0.5000000000000004441 ) ;
#3529 = CARTESIAN_POINT ( 'NONE',  ( 10.34999999999999787, -12.49999999999999645, 40.49704415459112994 ) ) ;
#3530 = CARTESIAN_POINT ( 'NONE',  ( 10.47591618945277325, -5.286266337559117012, 13.06375955672770317 ) ) ;
#3531 = ORIENTED_EDGE ( 'NONE', *, *, #3046, .F. ) ;
#3532 = DIRECTION ( 'NONE',  ( -0.3619113535000230697, 0.000000000000000000, -0.9322125145093157483 ) ) ;
#3533 = CARTESIAN_POINT ( 'NONE',  ( -9.339394668681602951, -9.450419780243496604, 17.70676951785481634 ) ) ;
#3534 = DIRECTION ( 'NONE',  ( 0.000000000000000000, 1.000000000000000000, 0.000000000000000000 ) ) ;
#3535 = CARTESIAN_POINT ( 'NONE',  ( -7.578718707889820827, -12.50000000000001066, 16.77098530306831137 ) ) ;
#3536 = ORIENTED_EDGE ( 'NONE', *, *, #4477, .F. ) ;
#3537 = ORIENTED_EDGE ( 'NONE', *, *, #3602, .T. ) ;
#3538 = EDGE_LOOP ( 'NONE', ( #77, #2478, #923, #304 ) ) ;
#3539 = CARTESIAN_POINT ( 'NONE',  ( 12.15000000000000036, -5.670226432448643550, 12.35677313259562382 ) ) ;
#3540 = CARTESIAN_POINT ( 'NONE',  ( 13.64999999999999858, -5.500000000000010658, 2.800000000000001155 ) ) ;
#3541 = ORIENTED_EDGE ( 'NONE', *, *, #945, .F. ) ;
#3542 = ORIENTED_EDGE ( 'NONE', *, *, #2806, .T. ) ;
#3543 = B_SPLINE_CURVE_WITH_KNOTS ( 'NONE', 3,
 ( #3813, #2402, #2676, #4182 ),
 .UNSPECIFIED., .F., .F.,
 ( 4, 4 ),
 ( 0.000000000000000000, 0.003650093677381166003 ),
 .UNSPECIFIED. ) ;
#3544 = CARTESIAN_POINT ( 'NONE',  ( -13.74999999999999822, -5.200000000000010836, -22.52982940778283094 ) ) ;
#3545 = DIRECTION ( 'NONE',  ( -0.000000000000000000, 1.000000000000000000, -0.000000000000000000 ) ) ;
#3546 = FILL_AREA_STYLE_COLOUR ( '', #3623 ) ;
#3547 = ORIENTED_EDGE ( 'NONE', *, *, #1746, .T. ) ;
#3548 = CARTESIAN_POINT ( 'NONE',  ( -9.248931386510712116, -9.607106781182915611, 17.77124589387928211 ) ) ;
#3549 = LINE ( 'NONE', #186, #1210 ) ;
#3550 = EDGE_LOOP ( 'NONE', ( #2339, #4136, #879, #4272 ) ) ;
#3551 = FACE_OUTER_BOUND ( 'NONE', #109, .T. ) ;
#3552 = ADVANCED_FACE ( 'NONE', ( #984 ), #2934, .T. ) ;
#3553 = ADVANCED_FACE ( 'NONE', ( #1416 ), #4275, .T. ) ;
#3554 = CYLINDRICAL_SURFACE ( 'NONE', #244, 0.2000000000000005107 ) ;
#3555 = CARTESIAN_POINT ( 'NONE',  ( -14.14999999999999680, -18.33257888130140856, 10.91339745962156194 ) ) ;
#3556 = ORIENTED_EDGE ( 'NONE', *, *, #2192, .F. ) ;
#3557 = VECTOR ( 'NONE', #3205, 1000.000000000000000 ) ;
#3558 = CARTESIAN_POINT ( 'NONE',  ( -13.89999999999999680, -6.950000000000011724, -13.65566243270259328 ) ) ;
#3559 = CIRCLE ( 'NONE', #1433, 0.1999999999999999556 ) ;
#3560 = CARTESIAN_POINT ( 'NONE',  ( -13.64999999999999858, -5.500000000000011546, -22.35662432702594060 ) ) ;
#3561 =( BOUNDED_CURVE ( )  B_SPLINE_CURVE ( 3, ( #1008, #4399, #4069, #802 ),
 .UNSPECIFIED., .F., .F. ) 
 B_SPLINE_CURVE_WITH_KNOTS ( ( 4, 4 ),
 ( 0.000000000000000000, 1.570796326794896558 ),
 .UNSPECIFIED. ) 
 CURVE ( )  GEOMETRIC_REPRESENTATION_ITEM ( )  RATIONAL_B_SPLINE_CURVE ( ( 1.000000000000000000, 0.8047378541243649375, 0.8047378541243649375, 1.000000000000000000 ) ) 
 REPRESENTATION_ITEM ( '' )  );
#3562 = DIRECTION ( 'NONE',  ( 0.000000000000000000, 0.000000000000000000, 1.000000000000000000 ) ) ;
#3563 = VERTEX_POINT ( 'NONE', #3260 ) ;
#3564 = ORIENTED_EDGE ( 'NONE', *, *, #2638, .F. ) ;
#3565 = FACE_OUTER_BOUND ( 'NONE', #943, .T. ) ;
#3566 = VERTEX_POINT ( 'NONE', #340 ) ;
#3567 = AXIS2_PLACEMENT_3D ( 'NONE', #4040, #2167, #2920 ) ;
#3568 = AXIS2_PLACEMENT_3D ( 'NONE', #3849, #1981, #3483 ) ;
#3569 = CARTESIAN_POINT ( 'NONE',  ( 9.371405873647741913, -9.394974746830643042, 17.63736291403408529 ) ) ;
#3570 = LINE ( 'NONE', #920, #3870 ) ;
#3571 = ORIENTED_EDGE ( 'NONE', *, *, #4142, .F. ) ;
#3572 = EDGE_CURVE ( 'NONE', #2647, #2081, #3975, .T. ) ;
#3573 = ORIENTED_EDGE ( 'NONE', *, *, #3502, .T. ) ;
#3574 = CARTESIAN_POINT ( 'NONE',  ( 10.23272644311155055, -8.253445652082588069, 15.85749211946089687 ) ) ;
#3575 = AXIS2_PLACEMENT_3D ( 'NONE', #1298, #4274, #4747 ) ;
#3576 = EDGE_CURVE ( 'NONE', #2736, #1146, #2516, .T. ) ;
#3577 = CARTESIAN_POINT ( 'NONE',  ( -8.113139720814380951, -5.500000000000010658, 14.05237020535574644 ) ) ;
#3578 = B_SPLINE_CURVE_WITH_KNOTS ( 'NONE', 3,
 ( #2796, #3112, #3463, #1249 ),
 .UNSPECIFIED., .F., .F.,
 ( 4, 4 ),
 ( 2.453269466693398698E-18, 0.0001730923533982945035 ),
 .UNSPECIFIED. ) ;
#3579 =( NAMED_UNIT ( * ) PLANE_ANGLE_UNIT ( ) SI_UNIT ( $, .RADIAN. ) );
#3580 = ORIENTED_EDGE ( 'NONE', *, *, #3350, .T. ) ;
#3581 = ORIENTED_EDGE ( 'NONE', *, *, #4063, .T. ) ;
#3582 = ADVANCED_FACE ( 'NONE', ( #4026 ), #2254, .T. ) ;
#3583 = VECTOR ( 'NONE', #4417, 1000.000000000000000 ) ;
#3584 = CIRCLE ( 'NONE', #4207, 29.99999999999999289 ) ;
#3585 = CARTESIAN_POINT ( 'NONE',  ( 12.15000000000000213, -6.802313515245347553, 13.96021784842020175 ) ) ;
#3586 = AXIS2_PLACEMENT_3D ( 'NONE', #4193, #2313, #2584 ) ;
#3587 = EDGE_CURVE ( 'NONE', #2322, #286, #2995, .T. ) ;
#3588 = CARTESIAN_POINT ( 'NONE',  ( -10.35627968409102984, -8.115514777132741386, 16.17574098436971752 ) ) ;
#3589 = PLANE ( 'NONE',  #1980 ) ;
#3590 = AXIS2_PLACEMENT_3D ( 'NONE', #1749, #1405, #4035 ) ;
#3591 = CARTESIAN_POINT ( 'NONE',  ( -20.58654575442471568, 12.13021734066719048, -23.80000000000000071 ) ) ;
#3592 = FACE_OUTER_BOUND ( 'NONE', #1745, .T. ) ;
#3593 = ORIENTED_EDGE ( 'NONE', *, *, #3501, .T. ) ;
#3594 = ORIENTED_EDGE ( 'NONE', *, *, #1555, .T. ) ;
#3595 = ORIENTED_EDGE ( 'NONE', *, *, #3622, .F. ) ;
#3596 = ORIENTED_EDGE ( 'NONE', *, *, #284, .F. ) ;
#3597 = CARTESIAN_POINT ( 'NONE',  ( -7.250000000000000000, -16.69999999999999929, 14.27693615844911257 ) ) ;
#3598 = CARTESIAN_POINT ( 'NONE',  ( 8.926065335395424682, -10.66939651023832525, 18.14738955383281294 ) ) ;
#3599 = EDGE_LOOP ( 'NONE', ( #7, #748, #1639, #4290 ) ) ;
#3600 = DIRECTION ( 'NONE',  ( -0.000000000000000000, -1.000000000000000000, -0.000000000000000000 ) ) ;
#3601 = ORIENTED_EDGE ( 'NONE', *, *, #944, .T. ) ;
#3602 = EDGE_CURVE ( 'NONE', #2880, #4601, #2639, .T. ) ;
#3603 = DIRECTION ( 'NONE',  ( 0.000000000000000000, 0.000000000000000000, 1.000000000000000000 ) ) ;
#3604 = DIRECTION ( 'NONE',  ( 0.4999999999999978906, 0.000000000000000000, -0.8660254037844398178 ) ) ;
#3605 = EDGE_CURVE ( 'NONE', #4850, #3770, #436, .T. ) ;
#3606 = LINE ( 'NONE', #1039, #4255 ) ;
#3607 = VERTEX_POINT ( 'NONE', #3723 ) ;
#3608 = CARTESIAN_POINT ( 'NONE',  ( 13.64999999999999858, -6.000000000000023981, 2.500000000000001332 ) ) ;
#3609 = DIRECTION ( 'NONE',  ( -0.8660254037844395958, -0.000000000000000000, -0.4999999999999983347 ) ) ;
#3610 = DIRECTION ( 'NONE',  ( -1.961181171427461100E-16, -0.000000000000000000, -1.000000000000000000 ) ) ;
#3611 = B_SPLINE_CURVE_WITH_KNOTS ( 'NONE', 3,
 ( #404, #3785, #1068, #2558 ),
 .UNSPECIFIED., .F., .F.,
 ( 4, 4 ),
 ( 0.000000000000000000, 0.0001607790648963708835 ),
 .UNSPECIFIED. ) ;
#3612 = ORIENTED_EDGE ( 'NONE', *, *, #2196, .T. ) ;
#3613 = DIRECTION ( 'NONE',  ( -0.000000000000000000, -1.000000000000000000, -0.000000000000000000 ) ) ;
#3614 = EDGE_CURVE ( 'NONE', #4590, #870, #4377, .T. ) ;
#3615 = CARTESIAN_POINT ( 'NONE',  ( -10.46547005004877562, -5.200000000000010836, -23.57875981847504576 ) ) ;
#3616 = DIRECTION ( 'NONE',  ( 0.000000000000000000, 0.000000000000000000, 1.000000000000000000 ) ) ;
#3617 = ORIENTED_EDGE ( 'NONE', *, *, #3225, .F. ) ;
#3618 = EDGE_LOOP ( 'NONE', ( #263, #2619, #3057, #4562 ) ) ;
#3619 = EDGE_CURVE ( 'NONE', #1219, #2838, #731, .T. ) ;
#3620 = CARTESIAN_POINT ( 'NONE',  ( 9.485372282482019912, -9.707106781186606526, 17.96098579920803928 ) ) ;
#3621 = ORIENTED_EDGE ( 'NONE', *, *, #2692, .F. ) ;
#3622 = EDGE_CURVE ( 'NONE', #3410, #4488, #2258, .T. ) ;
#3623 = COLOUR_RGB ( '',0.7921568627450980005, 0.8196078431372548767, 0.9333333333333333481 ) ;
#3624 = DIRECTION ( 'NONE',  ( 1.000000000000000000, 0.000000000000000000, -4.259132699590106941E-17 ) ) ;
#3625 = VERTEX_POINT ( 'NONE', #1461 ) ;
#3626 = CARTESIAN_POINT ( 'NONE',  ( 12.39999999999999858, -18.33257888130140856, -12.78963702891815402 ) ) ;
#3627 = EDGE_LOOP ( 'NONE', ( #1351, #2430, #715, #4749 ) ) ;
#3628 = UNCERTAINTY_MEASURE_WITH_UNIT (LENGTH_MEASURE( 1.000000000000000082E-05 ), #2377, 'distance_accuracy_value', 'NONE');
#3629 = CARTESIAN_POINT ( 'NONE',  ( 13.19320230503483060, -5.500000000000010658, -22.85129670685513048 ) ) ;
#3630 = DIRECTION ( 'NONE',  ( 0.000000000000000000, 0.000000000000000000, 1.000000000000000000 ) ) ;
#3631 = DIRECTION ( 'NONE',  ( 0.000000000000000000, 0.000000000000000000, 1.000000000000000000 ) ) ;
#3632 = ORIENTED_EDGE ( 'NONE', *, *, #4232, .T. ) ;
#3633 = CYLINDRICAL_SURFACE ( 'NONE', #427, 0.2999999999999994338 ) ;
#3634 = EDGE_LOOP ( 'NONE', ( #2758, #562, #949, #2824, #2774, #1214 ) ) ;
#3635 = CARTESIAN_POINT ( 'NONE',  ( -13.74999999999999645, -5.500000000000010658, -13.91547005383792524 ) ) ;
#3636 = CARTESIAN_POINT ( 'NONE',  ( 12.15000000000000036, -9.707106781186604749, 16.73357303036088339 ) ) ;
#3637 = EDGE_CURVE ( 'NONE', #4453, #942, #3097, .T. ) ;
#3638 = CARTESIAN_POINT ( 'NONE',  ( 0.000000000000000000, -5.000000000000011546, -10.49999999999999822 ) ) ;
#3639 = DIRECTION ( 'NONE',  ( 0.000000000000000000, 0.000000000000000000, 1.000000000000000000 ) ) ;
#3640 = DIRECTION ( 'NONE',  ( -0.01169883348870689663, -0.6702257216923884764, 0.7420651044732670121 ) ) ;
#3641 = ORIENTED_EDGE ( 'NONE', *, *, #317, .T. ) ;
#3642 = VERTEX_POINT ( 'NONE', #365 ) ;
#3643 = AXIS2_PLACEMENT_3D ( 'NONE', #2390, #1240, #2732 ) ;
#3644 = DIRECTION ( 'NONE',  ( 0.000000000000000000, 0.000000000000000000, 1.000000000000000000 ) ) ;
#3645 = CARTESIAN_POINT ( 'NONE',  ( -12.16408044511781306, -5.524710740076699267, 12.23895044300190627 ) ) ;
#3646 = VERTEX_POINT ( 'NONE', #1094 ) ;
#3647 = DIRECTION ( 'NONE',  ( 1.000000000000000000, 0.000000000000000000, -1.961181171427463072E-16 ) ) ;
#3648 = EDGE_LOOP ( 'NONE', ( #4100, #4277, #3438, #1906 ) ) ;
#3649 = LINE ( 'NONE', #3757, #2394 ) ;
#3650 = AXIS2_PLACEMENT_3D ( 'NONE', #291, #1043, #2206 ) ;
#3651 = CARTESIAN_POINT ( 'NONE',  ( 10.25939288115325354, -8.256936133370050612, 16.06160488095588335 ) ) ;
#3652 = EDGE_LOOP ( 'NONE', ( #2164, #4680, #4353, #3515, #413 ) ) ;
#3653 = CARTESIAN_POINT ( 'NONE',  ( -14.14999999999999858, -6.950000000000011724, -21.54833395016045827 ) ) ;
#3654 = VECTOR ( 'NONE', #460, 1000.000000000000000 ) ;
#3655 = AXIS2_PLACEMENT_3D ( 'NONE', #2505, #1788, #1015 ) ;
#3656 = CARTESIAN_POINT ( 'NONE',  ( 0.000000000000000000, -10.50000000000001243, 2.168404344971008868E-16 ) ) ;
#3657 =( BOUNDED_CURVE ( )  B_SPLINE_CURVE ( 3, ( #179, #2348, #130, #3879 ),
 .UNSPECIFIED., .F., .F. ) 
 B_SPLINE_CURVE_WITH_KNOTS ( ( 4, 4 ),
 ( 5.497939437029713439, 6.446220101773860733 ),
 .UNSPECIFIED. ) 
 CURVE ( )  GEOMETRIC_REPRESENTATION_ITEM ( )  RATIONAL_B_SPLINE_CURVE ( ( 1.000000000000000000, 0.9264570346843374882, 0.9264570346843374882, 1.000000000000000000 ) ) 
 REPRESENTATION_ITEM ( '' )  );
#3658 = CIRCLE ( 'NONE', #2617, 0.8000000000000003775 ) ;
#3659 = CYLINDRICAL_SURFACE ( 'NONE', #197, 0.5000000000000004441 ) ;
#3660 = CARTESIAN_POINT ( 'NONE',  ( 10.59894756016827166, -5.200000000000010836, -22.13448506128780124 ) ) ;
#3661 = AXIS2_PLACEMENT_3D ( 'NONE', #2931, #1340, #4351 ) ;
#3662 = ADVANCED_FACE ( 'NONE', ( #3049 ), #4143, .T. ) ;
#3663 = VECTOR ( 'NONE', #4582, 1000.000000000000114 ) ;
#3664 = CARTESIAN_POINT ( 'NONE',  ( -10.42289236105251682, -5.421240181519899615, -23.79999999999999716 ) ) ;
#3665 = VECTOR ( 'NONE', #2881, 1000.000000000000000 ) ;
#3666 = CYLINDRICAL_SURFACE ( 'NONE', #1837, 0.2000000000000005107 ) ;
#3667 = DIRECTION ( 'NONE',  ( -0.5000000000000001110, 0.8660254037844385966, 0.000000000000000000 ) ) ;
#3668 = VECTOR ( 'NONE', #9, 1000.000000000000000 ) ;
#3669 = CARTESIAN_POINT ( 'NONE',  ( -9.296117443319957374, -9.525378133380472789, 17.75551989905373063 ) ) ;
#3670 = ORIENTED_EDGE ( 'NONE', *, *, #240, .T. ) ;
#3671 = CARTESIAN_POINT ( 'NONE',  ( -10.40773502691895480, -5.500000000000010658, -23.80000000000000071 ) ) ;
#3672 = CARTESIAN_POINT ( 'NONE',  ( 6.364267912280689110, -12.49999999999999645, -22.00000000000000355 ) ) ;
#3673 = ORIENTED_EDGE ( 'NONE', *, *, #2017, .F. ) ;
#3674 = PLANE ( 'NONE',  #194 ) ;
#3675 = DIRECTION ( 'NONE',  ( 1.961181171427461100E-16, 0.000000000000000000, -1.000000000000000000 ) ) ;
#3676 = DIRECTION ( 'NONE',  ( 0.000000000000000000, 0.000000000000000000, -1.000000000000000000 ) ) ;
#3677 = FACE_OUTER_BOUND ( 'NONE', #4535, .T. ) ;
#3678 = EDGE_CURVE ( 'NONE', #1344, #3086, #1455, .T. ) ;
#3679 = CARTESIAN_POINT ( 'NONE',  ( -1.821459649775654154E-15, -5.500000000000010658, 2.800000000000010036 ) ) ;
#3680 = CARTESIAN_POINT ( 'NONE',  ( -10.68813668883423418, -7.535283965485064961, 15.41796444835467206 ) ) ;
#3681 = CARTESIAN_POINT ( 'NONE',  ( -12.15000000000000036, -5.670226432448638221, 12.35677313259561494 ) ) ;
#3682 = CARTESIAN_POINT ( 'NONE',  ( 14.14999999999999680, -5.500000000000011546, 10.62472232502674885 ) ) ;
#3683 = EDGE_CURVE ( 'NONE', #673, #4522, #4444, .T. ) ;
#3684 = DIRECTION ( 'NONE',  ( 1.000000000000000000, 0.000000000000000000, 0.000000000000000000 ) ) ;
#3685 = CARTESIAN_POINT ( 'NONE',  ( 12.14999999999912461, -5.631890666363271514, 12.32978465821416414 ) ) ;
#3686 = CARTESIAN_POINT ( 'NONE',  ( -10.47245814652242402, -5.484377484356599552, 12.88477304920239952 ) ) ;
#3687 = VERTEX_POINT ( 'NONE', #2611 ) ;
#3688 = CARTESIAN_POINT ( 'NONE',  ( 12.14999999999999858, -18.33257888130140856, -23.80000000000000071 ) ) ;
#3689 = CARTESIAN_POINT ( 'NONE',  ( 10.46547005383791706, -5.200000000000010836, -22.07284373846077585 ) ) ;
#3690 = VERTEX_POINT ( 'NONE', #761 ) ;
#3691 = CARTESIAN_POINT ( 'NONE',  ( 10.42289236105251504, -5.421240181519904056, -23.79999999999999716 ) ) ;
#3692 = CARTESIAN_POINT ( 'NONE',  ( 0.000000000000000000, -5.346446609406734218, -10.49999999999999822 ) ) ;
#3693 = CARTESIAN_POINT ( 'NONE',  ( -6.366283142591596445, -12.50000000000001066, -23.80000000000000071 ) ) ;
#3694 = DIRECTION ( 'NONE',  ( -1.000000000000000000, 8.380306647230952385E-17, 0.000000000000000000 ) ) ;
#3695 = EDGE_CURVE ( 'NONE', #3607, #3875, #1848, .T. ) ;
#3696 = EDGE_CURVE ( 'NONE', #1387, #3082, #1385, .T. ) ;
#3697 = CARTESIAN_POINT ( 'NONE',  ( -10.27003603885587069, -5.338501643475651370, -23.77539919496517129 ) ) ;
#3698 = CARTESIAN_POINT ( 'NONE',  ( 3.500000000000000000, -16.69999999999999929, 10.52693615844911257 ) ) ;
#3699 = CARTESIAN_POINT ( 'NONE',  ( 0.000000000000000000, -12.50000000000001066, -10.49999999999999822 ) ) ;
#3700 = CARTESIAN_POINT ( 'NONE',  ( -12.19196609096476536, -5.500000000000011546, 12.15626144172972189 ) ) ;
#3701 = ORIENTED_EDGE ( 'NONE', *, *, #3441, .T. ) ;
#3702 = ORIENTED_EDGE ( 'NONE', *, *, #1587, .F. ) ;
#3703 = CARTESIAN_POINT ( 'NONE',  ( -10.45822404000374917, -6.299848900659603679, 13.78765227637494739 ) ) ;
#3704 = AXIS2_PLACEMENT_3D ( 'NONE', #3772, #467, #865 ) ;
#3705 = CARTESIAN_POINT ( 'NONE',  ( 10.40773502691895480, -5.500000000000010658, -23.60000000000000142 ) ) ;
#3706 = EDGE_CURVE ( 'NONE', #848, #3403, #2241, .T. ) ;
#3707 = DIRECTION ( 'NONE',  ( 0.8660254037844382635, 0.000000000000000000, 0.5000000000000006661 ) ) ;
#3708 = EDGE_LOOP ( 'NONE', ( #6, #2061, #4234, #201, #4158, #4538 ) ) ;
#3709 = CARTESIAN_POINT ( 'NONE',  ( 10.24968728028285625, -5.373746727195506168, -23.59999999573719975 ) ) ;
#3710 = CARTESIAN_POINT ( 'NONE',  ( -1.821459649775654154E-15, -5.200000000000010836, 2.800000000000010036 ) ) ;
#3711 = LINE ( 'NONE', #2141, #1672 ) ;
#3712 = CIRCLE ( 'NONE', #2926, 0.3000000000000003220 ) ;
#3713 = CARTESIAN_POINT ( 'NONE',  ( -10.67396142659912606, -5.200000000000010836, -21.82746766542907579 ) ) ;
#3714 = EDGE_CURVE ( 'NONE', #4590, #119, #1113, .T. ) ;
#3715 = VECTOR ( 'NONE', #25, 1000.000000000000000 ) ;
#3716 = VECTOR ( 'NONE', #474, 1000.000000000000227 ) ;
#3717 = CARTESIAN_POINT ( 'NONE',  ( 7.249999999999999112, -16.69999999999999929, 14.27693615844911257 ) ) ;
#3718 = EDGE_CURVE ( 'NONE', #4472, #395, #1529, .T. ) ;
#3719 = DIRECTION ( 'NONE',  ( -0.000000000000000000, 1.000000000000000000, -0.000000000000000000 ) ) ;
#3720 = ORIENTED_EDGE ( 'NONE', *, *, #3413, .F. ) ;
#3721 = AXIS2_PLACEMENT_3D ( 'NONE', #4097, #2888, #2978 ) ;
#3722 = EDGE_CURVE ( 'NONE', #2527, #3171, #19, .T. ) ;
#3723 = CARTESIAN_POINT ( 'NONE',  ( 13.89999999999999680, -5.500000000000011546, -13.65566243270259328 ) ) ;
#3724 = DIRECTION ( 'NONE',  ( 0.000000000000000000, 1.000000000000000000, 0.000000000000000000 ) ) ;
#3725 = VECTOR ( 'NONE', #2652, 1000.000000000000000 ) ;
#3726 = CARTESIAN_POINT ( 'NONE',  ( -3.500000000000000000, -16.69999999999999929, 10.52693615844911079 ) ) ;
#3727 = CARTESIAN_POINT ( 'NONE',  ( 10.39587489562508438, -7.798201529269561227, 15.82083129149532397 ) ) ;
#3728 = VERTEX_POINT ( 'NONE', #3069 ) ;
#3729 = ORIENTED_EDGE ( 'NONE', *, *, #4555, .T. ) ;
#3730 = CIRCLE ( 'NONE', #1688, 0.2000000000000005107 ) ;
#3731 = EDGE_LOOP ( 'NONE', ( #2324, #2269, #2660, #1562 ) ) ;
#3732 = AXIS2_PLACEMENT_3D ( 'NONE', #1, #46, #1480 ) ;
#3733 = CARTESIAN_POINT ( 'NONE',  ( -10.68287244362100097, -7.805841636522013793, 15.71253339731173604 ) ) ;
#3734 = AXIS2_PLACEMENT_3D ( 'NONE', #4383, #1714, #2054 ) ;
#3735 = CARTESIAN_POINT ( 'NONE',  ( -7.862072633119802312, -12.50000000000001066, 18.45147343247918670 ) ) ;
#3736 = VECTOR ( 'NONE', #1595, 999.9999999999998863 ) ;
#3737 = CARTESIAN_POINT ( 'NONE',  ( -10.35000000000000320, -12.50000000000001243, -21.87576593954803883 ) ) ;
#3738 = LINE ( 'NONE', #1866, #3014 ) ;
#3739 = CARTESIAN_POINT ( 'NONE',  ( 12.14999999999999858, -6.000000000000023981, 2.500000000000002220 ) ) ;
#3740 = DIRECTION ( 'NONE',  ( -3.019806626980425790E-14, 0.000000000000000000, 1.000000000000000000 ) ) ;
#3741 = CARTESIAN_POINT ( 'NONE',  ( -13.89999999999999680, -5.500000000000011546, -22.78963702891815757 ) ) ;
#3742 = FACE_OUTER_BOUND ( 'NONE', #3948, .T. ) ;
#3743 = DIRECTION ( 'NONE',  ( -1.000000000000000000, 0.000000000000000000, 8.673617379884013384E-15 ) ) ;
#3744 =( BOUNDED_CURVE ( )  B_SPLINE_CURVE ( 3, ( #1066, #3344, #4859, #682 ),
 .UNSPECIFIED., .F., .F. ) 
 B_SPLINE_CURVE_WITH_KNOTS ( ( 4, 4 ),
 ( 3.141592653589793116, 4.712388980384689674 ),
 .UNSPECIFIED. ) 
 CURVE ( )  GEOMETRIC_REPRESENTATION_ITEM ( )  RATIONAL_B_SPLINE_CURVE ( ( 1.000000000000000000, 0.8047378541243649375, 0.8047378541243649375, 1.000000000000000000 ) ) 
 REPRESENTATION_ITEM ( '' )  );
#3745 = CARTESIAN_POINT ( 'NONE',  ( 10.21447768598091344, -9.291809954872180199, 15.84513290446177081 ) ) ;
#3746 = CARTESIAN_POINT ( 'NONE',  ( -14.14999999999999858, -5.500000000000011546, 2.500000000000000888 ) ) ;
#3747 = CARTESIAN_POINT ( 'NONE',  ( -10.29491870096810402, -8.243008830333582893, 15.82690109746894080 ) ) ;
#3748 = EDGE_CURVE ( 'NONE', #3728, #2506, #210, .T. ) ;
#3749 = VERTEX_POINT ( 'NONE', #3894 ) ;
#3750 = CYLINDRICAL_SURFACE ( 'NONE', #1431, 0.2999999999999999334 ) ;
#3751 = CARTESIAN_POINT ( 'NONE',  ( -14.14999999999999680, -5.500000000000011546, -14.08867513459481202 ) ) ;
#3752 = LINE ( 'NONE', #3773, #4589 ) ;
#3753 = VERTEX_POINT ( 'NONE', #115 ) ;
#3754 = ORIENTED_EDGE ( 'NONE', *, *, #2827, .T. ) ;
#3755 = ADVANCED_FACE ( 'NONE', ( #1313 ), #2916, .T. ) ;
#3756 = ORIENTED_EDGE ( 'NONE', *, *, #662, .F. ) ;
#3757 = CARTESIAN_POINT ( 'NONE',  ( -13.89999999999999680, -18.33257888130140856, -13.65566243270259328 ) ) ;
#3758 = CARTESIAN_POINT ( 'NONE',  ( 7.578718707889822603, -12.50000000000000888, 18.27407996053067407 ) ) ;
#3759 = DIRECTION ( 'NONE',  ( 0.000000000000000000, 0.000000000000000000, 1.000000000000000000 ) ) ;
#3760 = ORIENTED_EDGE ( 'NONE', *, *, #1087, .T. ) ;
#3761 = DIRECTION ( 'NONE',  ( -0.000000000000000000, -1.000000000000000000, -0.000000000000000000 ) ) ;
#3762 = CARTESIAN_POINT ( 'NONE',  ( 6.229925610487512699, -12.50000000000001066, -22.00000000000000000 ) ) ;
#3763 = CARTESIAN_POINT ( 'NONE',  ( 13.89999999999999503, -5.500000000000011546, 11.05773502691896759 ) ) ;
#3764 = ADVANCED_FACE ( 'NONE', ( #1605 ), #1258, .T. ) ;
#3765 = CARTESIAN_POINT ( 'NONE',  ( 7.578718707889822603, -12.50000000000000888, 16.81977793090867479 ) ) ;
#3766 =( BOUNDED_SURFACE ( )  B_SPLINE_SURFACE ( 3, 2, ( 
 ( #17, #2278, #3018 ),
 ( #65, #2636, #3047 ),
 ( #4163, #1852, #3349 ),
 ( #3787, #777, #2257 ) ),
 .UNSPECIFIED., .F., .F., .F. ) 
 B_SPLINE_SURFACE_WITH_KNOTS ( ( 4, 4 ),
 ( 3, 3 ),
 ( 4.722365819152900990, 5.344576894708497505 ),
 ( 0.000000000000000000, 1.000000000000000000 ),
 .UNSPECIFIED. ) 
 GEOMETRIC_REPRESENTATION_ITEM ( )  RATIONAL_B_SPLINE_SURFACE ( (
 ( 1.000000000000000000, 0.7101852586539093570, 1.000000000000000000),
 ( 1.000000000000000000, 0.7740883081529209564, 1.000000000000000000),
 ( 1.000000000000000000, 0.8289055785289121125, 1.000000000000000000),
 ( 1.000000000000000000, 0.8708750750942284569, 1.000000000000000000) ) ) 
 REPRESENTATION_ITEM ( '' )  SURFACE ( )  );
#3767 = DIRECTION ( 'NONE',  ( -0.000000000000000000, -1.000000000000000000, 0.000000000000000000 ) ) ;
#3768 = CYLINDRICAL_SURFACE ( 'NONE', #2834, 0.3000000000000013767 ) ;
#3769 = B_SPLINE_CURVE_WITH_KNOTS ( 'NONE', 3,
 ( #536, #4309, #3837, #481 ),
 .UNSPECIFIED., .F., .F.,
 ( 4, 4 ),
 ( 0.000000000000000000, 0.0004218076517905878738 ),
 .UNSPECIFIED. ) ;
#3770 = VERTEX_POINT ( 'NONE', #169 ) ;
#3771 = EDGE_CURVE ( 'NONE', #2291, #1172, #2601, .T. ) ;
#3772 = CARTESIAN_POINT ( 'NONE',  ( 13.84999999999999787, -5.500000000000010658, -14.08867513459481202 ) ) ;
#3773 = CARTESIAN_POINT ( 'NONE',  ( 13.89999999999999503, -18.33257888130140856, 11.05773502691896759 ) ) ;
#3774 = CARTESIAN_POINT ( 'NONE',  ( 12.18540275143542750, -5.500530216621759116, 12.17178964480203263 ) ) ;
#3775 = ORIENTED_EDGE ( 'NONE', *, *, #750, .F. ) ;
#3776 = ORIENTED_EDGE ( 'NONE', *, *, #2356, .F. ) ;
#3777 = VERTEX_POINT ( 'NONE', #1217 ) ;
#3778 = CARTESIAN_POINT ( 'NONE',  ( -12.15000000000000036, -9.707106781186601197, 16.73357303036089050 ) ) ;
#3779 = DIRECTION ( 'NONE',  ( -0.8660254037844399289, -0.4999999999999977796, 0.000000000000000000 ) ) ;
#3780 = CARTESIAN_POINT ( 'NONE',  ( 10.47591618945277503, -5.286266337559116124, 13.06375955672771205 ) ) ;
#3781 = ORIENTED_EDGE ( 'NONE', *, *, #1856, .T. ) ;
#3782 = ADVANCED_FACE ( 'NONE', ( #1577 ), #4244, .T. ) ;
#3783 = ORIENTED_EDGE ( 'NONE', *, *, #2747, .T. ) ;
#3784 = DIRECTION ( 'NONE',  ( 0.000000000000000000, 0.000000000000000000, 1.000000000000000000 ) ) ;
#3785 = CARTESIAN_POINT ( 'NONE',  ( -12.15000000000000036, -9.653374539291524670, 16.73357303036088695 ) ) ;
#3786 = LINE ( 'NONE', #1110, #2686 ) ;
#3787 = CARTESIAN_POINT ( 'NONE',  ( 10.34892114499130678, -5.395129914552753370, -22.06778493106949313 ) ) ;
#3788 = CARTESIAN_POINT ( 'NONE',  ( 10.46547005383791884, -5.200000000000010836, -22.23024303063488816 ) ) ;
#3789 = B_SPLINE_CURVE_WITH_KNOTS ( 'NONE', 3,
 ( #751, #2922, #2205, #4804 ),
 .UNSPECIFIED., .F., .F.,
 ( 4, 4 ),
 ( 0.000000000000000000, 0.005811690149545521364 ),
 .UNSPECIFIED. ) ;
#3790 = AXIS2_PLACEMENT_3D ( 'NONE', #280, #3963, #1035 ) ;
#3791 = VECTOR ( 'NONE', #1334, 1000.000000000000000 ) ;
#3792 = EDGE_CURVE ( 'NONE', #4597, #1619, #2753, .T. ) ;
#3793 = AXIS2_PLACEMENT_3D ( 'NONE', #272, #2562, #668 ) ;
#3794 = CARTESIAN_POINT ( 'NONE',  ( -12.15000000000000036, -6.956399275586129249, 13.80552346205026559 ) ) ;
#3795 = CARTESIAN_POINT ( 'NONE',  ( -10.40312968328050225, -9.456202483640042900, 15.76893127426779806 ) ) ;
#3796 = ORIENTED_EDGE ( 'NONE', *, *, #2624, .T. ) ;
#3797 = CARTESIAN_POINT ( 'NONE',  ( 11.84999999999999964, -5.500000000000011546, -12.35662432702593172 ) ) ;
#3798 =( BOUNDED_SURFACE ( )  B_SPLINE_SURFACE ( 3, 2, ( 
 ( #3376, #783, #1483 ),
 ( #2616, #4518, #4126 ),
 ( #2262, #3727, #4495 ),
 ( #4847, #26, #73 ),
 ( #4168, #2979, #5 ),
 ( #4565, #3000, #1117 ),
 ( #738, #372, #2957 ),
 ( #4471, #1858, #4541 ),
 ( #3029, #766, #2198 ),
 ( #4150, #810, #3355 ) ),
 .UNSPECIFIED., .F., .F., .F. ) 
 B_SPLINE_SURFACE_WITH_KNOTS ( ( 4, 2, 2, 2, 4 ),
 ( 3, 3 ),
 ( 0.002087944751830936481, 0.002258860715905141713, 0.002429776679979346946, 0.002600692644053552178, 0.002771608608127757410 ),
 ( 0.000000000000000000, 1.000000000000000000 ),
 .UNSPECIFIED. ) 
 GEOMETRIC_REPRESENTATION_ITEM ( )  RATIONAL_B_SPLINE_SURFACE ( (
 ( 1.000000000000000000, 0.6105379064907812126, 1.000000000000000000),
 ( 1.000000000000000000, 0.5879244389228589496, 1.000000000000000000),
 ( 1.000000000000000000, 0.5650532298375255946, 1.000000000000000000),
 ( 1.000000000000000000, 0.5189647464453911452, 1.000000000000000000),
 ( 1.000000000000000000, 0.4954393220194556746, 1.000000000000000000),
 ( 1.000000000000000000, 0.4519253708309824424, 1.000000000000000000),
 ( 1.000000000000000000, 0.4313715373866162661, 1.000000000000000000),
 ( 1.000000000000000000, 0.4009941994006238630, 1.000000000000000000),
 ( 1.000000000000000000, 0.3911180873342511854, 1.000000000000000000),
 ( 1.000000000000000000, 0.3907311284892779901, 1.000000000000000000) ) ) 
 REPRESENTATION_ITEM ( '' )  SURFACE ( )  );
#3799 = CARTESIAN_POINT ( 'NONE',  ( -7.621588577637348649, -14.50000000000001066, 20.51643326024163727 ) ) ;
#3800 = CARTESIAN_POINT ( 'NONE',  ( 12.14999999999999858, -6.950000000000011724, -23.80000000000000071 ) ) ;
#3801 = DIRECTION ( 'NONE',  ( 0.000000000000000000, 0.000000000000000000, 1.000000000000000000 ) ) ;
#3802 = ORIENTED_EDGE ( 'NONE', *, *, #1415, .T. ) ;
#3803 = DIRECTION ( 'NONE',  ( 1.000000000000000000, 0.000000000000000000, 0.000000000000000000 ) ) ;
#3804 = ORIENTED_EDGE ( 'NONE', *, *, #1667, .T. ) ;
#3805 = ORIENTED_EDGE ( 'NONE', *, *, #1969, .T. ) ;
#3806 = ORIENTED_EDGE ( 'NONE', *, *, #4456, .T. ) ;
#3807 = CIRCLE ( 'NONE', #3091, 0.8000000000000003775 ) ;
#3808 = CARTESIAN_POINT ( 'NONE',  ( 0.000000000000000000, -9.707106781186602973, -10.49999999999999822 ) ) ;
#3809 = ORIENTED_EDGE ( 'NONE', *, *, #3614, .F. ) ;
#3810 = AXIS2_PLACEMENT_3D ( 'NONE', #1478, #1112, #2604 ) ;
#3811 = ORIENTED_EDGE ( 'NONE', *, *, #4624, .F. ) ;
#3812 = CARTESIAN_POINT ( 'NONE',  ( -12.14999999999999858, -5.500000000000011546, -12.35662432702593350 ) ) ;
#3813 = CARTESIAN_POINT ( 'NONE',  ( -10.47245814652242402, -5.484377484356599552, 12.88477304920239952 ) ) ;
#3814 = EDGE_CURVE ( 'NONE', #4522, #4196, #2311, .T. ) ;
#3815 = VECTOR ( 'NONE', #4605, 1000.000000000000000 ) ;
#3816 = CARTESIAN_POINT ( 'NONE',  ( 9.590040606654733679, -9.353553390593297934, 17.77128881405504401 ) ) ;
#3817 = CARTESIAN_POINT ( 'NONE',  ( 11.91714574554362649, -5.199999999999902478, 12.03595442721018038 ) ) ;
#3818 = EDGE_CURVE ( 'NONE', #2673, #3513, #1230, .T. ) ;
#3819 = CARTESIAN_POINT ( 'NONE',  ( -12.14999999999999858, -18.33257888130140856, 2.500000000000002220 ) ) ;
#3820 = EDGE_CURVE ( 'NONE', #1719, #3642, #2751, .T. ) ;
#3821 = CARTESIAN_POINT ( 'NONE',  ( 10.32335786128083299, -5.246145537883889709, -22.32490145973204321 ) ) ;
#3822 = DIRECTION ( 'NONE',  ( -0.000000000000000000, -1.000000000000000000, -0.000000000000000000 ) ) ;
#3823 = EDGE_LOOP ( 'NONE', ( #3519, #4539, #1627, #1359 ) ) ;
#3824 = LINE ( 'NONE', #3375, #591 ) ;
#3825 = CARTESIAN_POINT ( 'NONE',  ( -9.434158571266079818, -9.286283886243674957, 17.75313192372680859 ) ) ;
#3826 = CARTESIAN_POINT ( 'NONE',  ( -15.75000000000000000, -12.50000000000001066, -22.20000000000000284 ) ) ;
#3827 = ORIENTED_EDGE ( 'NONE', *, *, #1862, .T. ) ;
#3828 = ORIENTED_EDGE ( 'NONE', *, *, #2722, .T. ) ;
#3829 = CARTESIAN_POINT ( 'NONE',  ( 7.553743548422897192, -12.54325824512385701, 16.66903202845713849 ) ) ;
#3830 = ADVANCED_FACE ( 'NONE', ( #1759 ), #3885, .T. ) ;
#3831 = ORIENTED_EDGE ( 'NONE', *, *, #2608, .F. ) ;
#3832 = CARTESIAN_POINT ( 'NONE',  ( -10.46407078921473577, -8.115514777132695201, 16.13389341834432500 ) ) ;
#3833 = ORIENTED_EDGE ( 'NONE', *, *, #484, .T. ) ;
#3834 = CARTESIAN_POINT ( 'NONE',  ( -12.14999999999999858, -5.500000000000011546, 2.500000000000002220 ) ) ;
#3835 = CARTESIAN_POINT ( 'NONE',  ( 14.14999999999999858, -5.500000000000011546, -22.35662432702594060 ) ) ;
#3836 = CARTESIAN_POINT ( 'NONE',  ( 12.14999999999999858, -12.50000000000001066, -23.80000000000000071 ) ) ;
#3837 = CARTESIAN_POINT ( 'NONE',  ( 9.532053533637540710, -9.573247997680219612, 17.94542804414832204 ) ) ;
#3838 = ORIENTED_EDGE ( 'NONE', *, *, #1347, .T. ) ;
#3839 = DIRECTION ( 'NONE',  ( 0.8660254037844382635, 0.000000000000000000, -0.5000000000000006661 ) ) ;
#3840 = CARTESIAN_POINT ( 'NONE',  ( -13.64999999999999858, -5.500000000000011546, 3.000000000000001332 ) ) ;
#3841 = CARTESIAN_POINT ( 'NONE',  ( 10.59523085546623022, -5.200000000000010836, -22.13715145843737986 ) ) ;
#3842 = EDGE_CURVE ( 'NONE', #2389, #3197, #1784, .T. ) ;
#3843 = EDGE_CURVE ( 'NONE', #4521, #2838, #2867, .T. ) ;
#3844 = CARTESIAN_POINT ( 'NONE',  ( 10.69565831163036407, -5.200000000000010836, 12.78333471013296752 ) ) ;
#3845 = DIRECTION ( 'NONE',  ( 0.5000000000000001110, 0.000000000000000000, -0.8660254037844385966 ) ) ;
#3846 = EDGE_LOOP ( 'NONE', ( #2765, #2486, #4038, #1538 ) ) ;
#3847 = CARTESIAN_POINT ( 'NONE',  ( 9.991746918085100404, -5.820512539844740374, -22.31487584642018973 ) ) ;
#3848 = DIRECTION ( 'NONE',  ( 0.000000000000000000, 0.000000000000000000, 1.000000000000000000 ) ) ;
#3849 = CARTESIAN_POINT ( 'NONE',  ( 0.000000000000000000, -5.200000000000010836, 0.000000000000000000 ) ) ;
#3850 = ORIENTED_EDGE ( 'NONE', *, *, #3934, .T. ) ;
#3851 = VERTEX_POINT ( 'NONE', #3588 ) ;
#3852 = CARTESIAN_POINT ( 'NONE',  ( 7.682197674665714793, -12.62291739712403782, 16.63121515033816422 ) ) ;
#3853 = FACE_OUTER_BOUND ( 'NONE', #123, .T. ) ;
#3854 = EDGE_LOOP ( 'NONE', ( #721, #573, #2839, #2472 ) ) ;
#3855 = CARTESIAN_POINT ( 'NONE',  ( 12.65000000000000213, -5.500000000000011546, 12.35677313259562382 ) ) ;
#3856 = VECTOR ( 'NONE', #3274, 1000.000000000000000 ) ;
#3857 = ADVANCED_FACE ( 'NONE', ( #1783 ), #4025, .T. ) ;
#3858 = CARTESIAN_POINT ( 'NONE',  ( 9.832350853871734131, -8.936945963955642114, 17.24916980981191372 ) ) ;
#3859 = CARTESIAN_POINT ( 'NONE',  ( 3.500000000000000000, -14.50000000000001066, 10.52693615844911257 ) ) ;
#3860 = ORIENTED_EDGE ( 'NONE', *, *, #4292, .T. ) ;
#3861 = DIRECTION ( 'NONE',  ( 0.000000000000000000, 1.000000000000000000, 0.000000000000000000 ) ) ;
#3862 = CIRCLE ( 'NONE', #2209, 0.3000000000000016542 ) ;
#3863 = EDGE_CURVE ( 'NONE', #2052, #1939, #4763, .T. ) ;
#3864 = CARTESIAN_POINT ( 'NONE',  ( -10.10046024019477784, -5.632215542491175952, -22.31816258273478581 ) ) ;
#3865 = AXIS2_PLACEMENT_3D ( 'NONE', #2947, #1426, #2597 ) ;
#3866 = CARTESIAN_POINT ( 'NONE',  ( -11.93480580525836565, -9.353553390593331684, 16.86411994630512368 ) ) ;
#3867 = ORIENTED_EDGE ( 'NONE', *, *, #1438, .T. ) ;
#3868 = DIRECTION ( 'NONE',  ( 0.000000000000000000, -0.000000000000000000, 1.000000000000000000 ) ) ;
#3869 = AXIS2_PLACEMENT_3D ( 'NONE', #16, #1894, #3045 ) ;
#3870 = VECTOR ( 'NONE', #501, 1000.000000000000000 ) ;
#3871 = CARTESIAN_POINT ( 'NONE',  ( -9.485372282483417905, -9.707106781186604749, 17.96098579920757032 ) ) ;
#3872 = CARTESIAN_POINT ( 'NONE',  ( 10.35627968409142241, -8.115514777132744939, 16.17574098436956831 ) ) ;
#3873 = ORIENTED_EDGE ( 'NONE', *, *, #3916, .F. ) ;
#3874 = CARTESIAN_POINT ( 'NONE',  ( 10.63158897926716584, -7.987240441695816706, 15.92903328211060376 ) ) ;
#3875 = VERTEX_POINT ( 'NONE', #1393 ) ;
#3876 = B_SPLINE_CURVE_WITH_KNOTS ( 'NONE', 3,
 ( #1402, #2523, #694, #3686 ),
 .UNSPECIFIED., .F., .F.,
 ( 4, 4 ),
 ( 0.000000000000000000, 0.0002575469867286231699 ),
 .UNSPECIFIED. ) ;
#3877 = VECTOR ( 'NONE', #4403, 1000.000000000000114 ) ;
#3878 = CARTESIAN_POINT ( 'NONE',  ( -10.42952924663998893, -7.943772511471870246, 15.58157060627143586 ) ) ;
#3879 = CARTESIAN_POINT ( 'NONE',  ( 10.34892114499130678, -5.395129914552751593, -22.06778493106949313 ) ) ;
#3880 = ORIENTED_EDGE ( 'NONE', *, *, #4115, .F. ) ;
#3881 = ORIENTED_EDGE ( 'NONE', *, *, #2722, .F. ) ;
#3882 = CIRCLE ( 'NONE', #910, 0.2000000000000005107 ) ;
#3883 = DIRECTION ( 'NONE',  ( 0.8660254037844382635, 0.000000000000000000, -0.5000000000000006661 ) ) ;
#3884 = PLANE ( 'NONE',  #3158 ) ;
#3885 = CONICAL_SURFACE ( 'NONE', #293, 25.49999999999996447, 0.7853981633974459475 ) ;
#3886 = DIRECTION ( 'NONE',  ( -0.4999999999999981126, -0.8660254037844397068, 0.000000000000000000 ) ) ;
#3887 = ORIENTED_EDGE ( 'NONE', *, *, #4467, .F. ) ;
#3888 = CARTESIAN_POINT ( 'NONE',  ( -2.276824562219557734E-15, -7.000000000000011546, 3.499999999999996891 ) ) ;
#3889 = AXIS2_PLACEMENT_3D ( 'NONE', #376, #2626, #1915 ) ;
#3890 = FACE_OUTER_BOUND ( 'NONE', #4153, .T. ) ;
#3891 = AXIS2_PLACEMENT_3D ( 'NONE', #3043, #4554, #557 ) ;
#3892 = VECTOR ( 'NONE', #4753, 1000.000000000000000 ) ;
#3893 = DIRECTION ( 'NONE',  ( 0.000000000000000000, 0.000000000000000000, 1.000000000000000000 ) ) ;
#3894 = CARTESIAN_POINT ( 'NONE',  ( 12.14999999999999858, -5.999999999999994671, -23.80000000000000071 ) ) ;
#3895 = CARTESIAN_POINT ( 'NONE',  ( 0.000000000000000000, -6.950000000000011724, 0.000000000000000000 ) ) ;
#3896 = CARTESIAN_POINT ( 'NONE',  ( -11.93760661188797556, -5.235437831979348644, 12.29928614889031913 ) ) ;
#3897 = FACE_OUTER_BOUND ( 'NONE', #3436, .T. ) ;
#3898 = EDGE_CURVE ( 'NONE', #517, #582, #2885, .T. ) ;
#3899 = ORIENTED_EDGE ( 'NONE', *, *, #4788, .F. ) ;
#3900 = ORIENTED_EDGE ( 'NONE', *, *, #1004, .F. ) ;
#3901 = CARTESIAN_POINT ( 'NONE',  ( 7.550000000000000711, -16.69999999999999929, 20.22509998793677610 ) ) ;
#3902 = ORIENTED_EDGE ( 'NONE', *, *, #2280, .T. ) ;
#3903 = CARTESIAN_POINT ( 'NONE',  ( 10.08618780040435148, -8.156936133356216700, 16.06160488093795990 ) ) ;
#3904 = DIRECTION ( 'NONE',  ( -1.000000000000000000, 0.000000000000000000, 1.961181171427461100E-16 ) ) ;
#3905 = VERTEX_POINT ( 'NONE', #2828 ) ;
#3906 = EDGE_CURVE ( 'NONE', #4310, #3625, #4308, .T. ) ;
#3907 = EDGE_LOOP ( 'NONE', ( #2760, #4007, #3143, #4424 ) ) ;
#3908 = ADVANCED_FACE ( 'NONE', ( #4736 ), #1705, .T. ) ;
#3909 = EDGE_CURVE ( 'NONE', #2001, #3109, #3299, .T. ) ;
#3910 = CARTESIAN_POINT ( 'NONE',  ( 9.850283347242484666, -8.565534631964325740, 16.59074114161170499 ) ) ;
#3911 = DIRECTION ( 'NONE',  ( 0.000000000000000000, 1.000000000000000000, 0.000000000000000000 ) ) ;
#3912 = EDGE_LOOP ( 'NONE', ( #1120, #251, #1622, #567 ) ) ;
#3913 = LINE ( 'NONE', #2879, #820 ) ;
#3914 = DIRECTION ( 'NONE',  ( 0.000000000000000000, 1.000000000000000000, 0.000000000000000000 ) ) ;
#3915 = DIRECTION ( 'NONE',  ( 0.000000000000000000, 0.000000000000000000, 1.000000000000000000 ) ) ;
#3916 = EDGE_CURVE ( 'NONE', #4034, #3989, #4416, .T. ) ;
#3917 = TOROIDAL_SURFACE ( 'NONE', #4548, 0.7999999999999999334, 0.2999999999999999889 ) ;
#3918 = DIRECTION ( 'NONE',  ( 0.000000000000000000, 0.000000000000000000, 1.000000000000000000 ) ) ;
#3919 = CARTESIAN_POINT ( 'NONE',  ( -11.95903609698376080, -5.346446609406741324, 12.41332053553020565 ) ) ;
#3920 = ORIENTED_EDGE ( 'NONE', *, *, #3421, .T. ) ;
#3921 = CARTESIAN_POINT ( 'NONE',  ( 10.72583265743447534, -5.614559946497459819, 13.31022374955596987 ) ) ;
#3922 = EDGE_CURVE ( 'NONE', #4551, #1126, #2861, .T. ) ;
#3923 = CARTESIAN_POINT ( 'NONE',  ( -11.91714574554362294, -5.200000000000010836, 12.03595442721018571 ) ) ;
#3924 = DIRECTION ( 'NONE',  ( -0.8660254037844405950, 0.4999999999999966693, 0.000000000000000000 ) ) ;
#3925 = CYLINDRICAL_SURFACE ( 'NONE', #1596, 0.2999999999999999334 ) ;
#3926 = EDGE_CURVE ( 'NONE', #2401, #4693, #440, .T. ) ;
#3927 = ORIENTED_EDGE ( 'NONE', *, *, #4833, .F. ) ;
#3928 = ORIENTED_EDGE ( 'NONE', *, *, #750, .T. ) ;
#3929 = APPLICATION_PROTOCOL_DEFINITION ( 'draft international standard', 'automotive_design', 1998, #4783 ) ;
#3930 = ORIENTED_EDGE ( 'NONE', *, *, #2428, .T. ) ;
#3931 = CARTESIAN_POINT ( 'NONE',  ( -10.35000000000000142, -12.49999999999999467, 15.52708456944178472 ) ) ;
#3932 = CARTESIAN_POINT ( 'NONE',  ( -8.415649201159817849, -11.05039386325269213, 16.60910349640825245 ) ) ;
#3933 = EDGE_LOOP ( 'NONE', ( #4297, #1198, #4303, #203 ) ) ;
#3934 = EDGE_CURVE ( 'NONE', #301, #549, #3561, .T. ) ;
#3935 = ORIENTED_EDGE ( 'NONE', *, *, #3445, .T. ) ;
#3936 = CARTESIAN_POINT ( 'NONE',  ( 12.14999999999999858, -5.500000000000011546, -23.80000000000000071 ) ) ;
#3937 = DIRECTION ( 'NONE',  ( 0.000000000000000000, 1.000000000000000000, 0.000000000000000000 ) ) ;
#3938 = EDGE_CURVE ( 'NONE', #2128, #236, #622, .T. ) ;
#3939 = SURFACE_SIDE_STYLE ('',( #2429 ) ) ;
#3940 = CARTESIAN_POINT ( 'NONE',  ( 7.752668494999187310, -12.49999999999999645, 16.61339394481344911 ) ) ;
#3941 = CARTESIAN_POINT ( 'NONE',  ( 10.23150752732803603, -5.727989418313947922, -22.11820588439790924 ) ) ;
#3942 = CIRCLE ( 'NONE', #1812, 0.2999999999999999334 ) ;
#3943 = ORIENTED_EDGE ( 'NONE', *, *, #2069, .T. ) ;
#3944 = DIRECTION ( 'NONE',  ( 0.000000000000000000, 0.000000000000000000, -1.000000000000000000 ) ) ;
#3945 = B_SPLINE_CURVE_WITH_KNOTS ( 'NONE', 3,
 ( #3866, #1631, #516, #3505 ),
 .UNSPECIFIED., .F., .F.,
 ( 4, 4 ),
 ( 0.000000000000000000, 0.0003916754365112234005 ),
 .UNSPECIFIED. ) ;
#3946 = CARTESIAN_POINT ( 'NONE',  ( 12.15000000000000036, -8.099222980933708627, 15.39733804943360695 ) ) ;
#3947 = CARTESIAN_POINT ( 'NONE',  ( 10.41765125807575743, -8.079736355225787037, 15.67388509499948590 ) ) ;
#3948 = EDGE_LOOP ( 'NONE', ( #3833, #2352, #3184, #4688 ) ) ;
#3949 = CIRCLE ( 'NONE', #1581, 0.1999999999999982903 ) ;
#3950 = CARTESIAN_POINT ( 'NONE',  ( 10.72760212305353456, -5.525131803253295892, 13.21134372118913625 ) ) ;
#3951 = EDGE_CURVE ( 'NONE', #3642, #2001, #3369, .T. ) ;
#3952 = VECTOR ( 'NONE', #4721, 1000.000000000000000 ) ;
#3953 = DIRECTION ( 'NONE',  ( 0.000000000000000000, 1.000000000000000000, 0.000000000000000000 ) ) ;
#3954 = LINE ( 'NONE', #2006, #4113 ) ;
#3955 = ORIENTED_EDGE ( 'NONE', *, *, #399, .T. ) ;
#3956 = ORIENTED_EDGE ( 'NONE', *, *, #1709, .F. ) ;
#3957 = CARTESIAN_POINT ( 'NONE',  ( 9.434158571266078042, -9.286283886243676733, 17.75313192372680859 ) ) ;
#3958 = ORIENTED_EDGE ( 'NONE', *, *, #2580, .T. ) ;
#3959 = AXIS2_PLACEMENT_3D ( 'NONE', #3699, #2908, #4422 ) ;
#3960 = DIRECTION ( 'NONE',  ( 0.000000000000000000, 1.000000000000000000, 0.000000000000000000 ) ) ;
#3961 = CARTESIAN_POINT ( 'NONE',  ( -12.19196609096476536, -5.500000000000011546, 12.15626144172972189 ) ) ;
#3962 = EDGE_LOOP ( 'NONE', ( #523, #1910, #1554, #3459, #195 ) ) ;
#3963 = DIRECTION ( 'NONE',  ( -0.000000000000000000, 0.000000000000000000, 1.000000000000000000 ) ) ;
#3964 = VERTEX_POINT ( 'NONE', #3424 ) ;
#3965 = CARTESIAN_POINT ( 'NONE',  ( 11.85000000000000142, -9.565685424949295523, 16.66967721593321983 ) ) ;
#3966 = CIRCLE ( 'NONE', #360, 1.500000000000000000 ) ;
#3967 =( BOUNDED_CURVE ( )  B_SPLINE_CURVE ( 3, ( #3847, #3430, #3026, #71 ),
 .UNSPECIFIED., .F., .F. ) 
 B_SPLINE_CURVE_WITH_KNOTS ( ( 4, 4 ),
 ( 4.722365819152900990, 5.344576894708502834 ),
 .UNSPECIFIED. ) 
 CURVE ( )  GEOMETRIC_REPRESENTATION_ITEM ( )  RATIONAL_B_SPLINE_CURVE ( ( 1.000000000000000000, 0.9679971560865561209, 0.9679971560865561209, 1.000000000000000000 ) ) 
 REPRESENTATION_ITEM ( '' )  );
#3968 = DIRECTION ( 'NONE',  ( 0.000000000000000000, 1.000000000000000000, 0.000000000000000000 ) ) ;
#3969 = DIRECTION ( 'NONE',  ( 1.000000000000000000, -0.000000000000000000, 0.000000000000000000 ) ) ;
#3970 = EDGE_LOOP ( 'NONE', ( #3472, #2508, #3775, #856 ) ) ;
#3971 = FACE_OUTER_BOUND ( 'NONE', #4514, .T. ) ;
#3972 = ORIENTED_EDGE ( 'NONE', *, *, #2465, .T. ) ;
#3973 = FACE_OUTER_BOUND ( 'NONE', #3933, .T. ) ;
#3974 = ADVANCED_FACE ( 'NONE', ( #2582 ), #734, .T. ) ;
#3975 = CIRCLE ( 'NONE', #2542, 3.750000000000000000 ) ;
#3976 = CARTESIAN_POINT ( 'NONE',  ( -10.34999999999999964, -5.500000000000010658, -23.80000000000000071 ) ) ;
#3977 = AXIS2_PLACEMENT_3D ( 'NONE', #4106, #4500, #3363 ) ;
#3978 = ADVANCED_FACE ( 'NONE', ( #1133 ), #1826, .T. ) ;
#3979 = CARTESIAN_POINT ( 'NONE',  ( 11.94763723614615714, -5.458094398092677046, 12.54509989680544813 ) ) ;
#3980 = ADVANCED_FACE ( 'NONE', ( #1524 ), #3766, .T. ) ;
#3981 = AXIS2_PLACEMENT_3D ( 'NONE', #407, #1187, #1896 ) ;
#3982 = CARTESIAN_POINT ( 'NONE',  ( 13.74999999999999645, -5.200000000000010836, 10.79792740578363563 ) ) ;
#3983 = CIRCLE ( 'NONE', #3267, 0.3000000000000002665 ) ;
#3984 = CARTESIAN_POINT ( 'NONE',  ( -10.34999999874070475, -5.200000002180864556, -23.56106876610948220 ) ) ;
#3985 = CARTESIAN_POINT ( 'NONE',  ( -7.663334826746565298, -12.50000000000000711, 16.65247318668881249 ) ) ;
#3986 = VERTEX_POINT ( 'NONE', #2193 ) ;
#3987 = VERTEX_POINT ( 'NONE', #1549 ) ;
#3988 = DIRECTION ( 'NONE',  ( 0.000000000000000000, 0.000000000000000000, 1.000000000000000000 ) ) ;
#3989 = VERTEX_POINT ( 'NONE', #4863 ) ;
#3990 = CARTESIAN_POINT ( 'NONE',  ( 0.000000000000000000, -5.500000000000010658, -23.50000000000000000 ) ) ;
#3991 = CARTESIAN_POINT ( 'NONE',  ( -12.19035888532372880, -5.500000000000010658, 12.15993282208269655 ) ) ;
#3992 = ORIENTED_EDGE ( 'NONE', *, *, #3388, .F. ) ;
#3993 = FACE_OUTER_BOUND ( 'NONE', #3854, .T. ) ;
#3994 = VERTEX_POINT ( 'NONE', #709 ) ;
#3995 = EDGE_CURVE ( 'NONE', #232, #4551, #3337, .T. ) ;
#3996 = CYLINDRICAL_SURFACE ( 'NONE', #59, 0.3000000000000003220 ) ;
#3997 = ORIENTED_EDGE ( 'NONE', *, *, #4849, .F. ) ;
#3998 = CARTESIAN_POINT ( 'NONE',  ( 12.15000000000000036, -5.632392608333171680, 12.33013802409565862 ) ) ;
#3999 = ORIENTED_EDGE ( 'NONE', *, *, #18, .T. ) ;
#4000 = CARTESIAN_POINT ( 'NONE',  ( -10.67396142659912428, -5.200000000000010836, 12.65068362120860712 ) ) ;
#4001 =( BOUNDED_SURFACE ( )  B_SPLINE_SURFACE ( 3, 2, ( 
 ( #3240, #692, #4817 ),
 ( #2482, #2179, #603 ),
 ( #3598, #3307, #229 ),
 ( #2131, #278, #1718 ) ),
 .UNSPECIFIED., .F., .F., .F. ) 
 B_SPLINE_SURFACE_WITH_KNOTS ( ( 4, 4 ),
 ( 3, 3 ),
 ( 1.833540419716123582, 1.892495557933565165 ),
 ( 0.000000000000000000, 1.000000000000000000 ),
 .UNSPECIFIED. ) 
 GEOMETRIC_REPRESENTATION_ITEM ( )  RATIONAL_B_SPLINE_SURFACE ( (
 ( 1.000000000000000000, 0.6225214738702888884, 1.000000000000000000),
 ( 1.000000000000000000, 0.6159213870643363009, 1.000000000000000000),
 ( 1.000000000000000000, 0.6092686050157472000, 1.000000000000000000),
 ( 1.000000000000000000, 0.6025698664749414846, 1.000000000000000000) ) ) 
 REPRESENTATION_ITEM ( '' )  SURFACE ( )  );
#4002 = PRODUCT_DEFINITION ( 'UNKNOWN', '', #2162, #2874 ) ;
#4003 = CARTESIAN_POINT ( 'NONE',  ( -10.72382820371844936, -5.715282493420917653, 13.42219998538522319 ) ) ;
#4004 = EDGE_CURVE ( 'NONE', #1172, #2052, #2023, .T. ) ;
#4005 = CARTESIAN_POINT ( 'NONE',  ( -10.40773502691895480, -5.500000000000010658, -23.79999999999999716 ) ) ;
#4006 = DIRECTION ( 'NONE',  ( -0.000000000000000000, 1.000000000000000000, -0.000000000000000000 ) ) ;
#4007 = ORIENTED_EDGE ( 'NONE', *, *, #2939, .T. ) ;
#4008 = CARTESIAN_POINT ( 'NONE',  ( 9.590040606654717692, -9.353553390593329908, 17.77128881405509375 ) ) ;
#4009 = VERTEX_POINT ( 'NONE', #337 ) ;
#4010 = CIRCLE ( 'NONE', #2510, 0.2999999999999999334 ) ;
#4011 = CARTESIAN_POINT ( 'NONE',  ( 6.366283142591593780, -12.50000000000001066, -23.80000000000000071 ) ) ;
#4012 = CARTESIAN_POINT ( 'NONE',  ( -10.35000000000000142, -7.700000000000049027, 36.89604415459112374 ) ) ;
#4013 = EDGE_LOOP ( 'NONE', ( #1697, #455, #1614, #2106 ) ) ;
#4014 = CYLINDRICAL_SURFACE ( 'NONE', #2212, 0.2999999999999999334 ) ;
#4015 = ORIENTED_EDGE ( 'NONE', *, *, #1813, .F. ) ;
#4016 = CARTESIAN_POINT ( 'NONE',  ( -7.862072633119802312, -12.50000000000001066, 18.45147343247918670 ) ) ;
#4017 = PLANE ( 'NONE',  #421 ) ;
#4018 = CARTESIAN_POINT ( 'NONE',  ( -10.15148502156587718, -8.043838028711391530, 16.17805054073019733 ) ) ;
#4019 = CARTESIAN_POINT ( 'NONE',  ( -8.156820295274528121, -11.49869867871416140, 18.37672497833469265 ) ) ;
#4020 = ORIENTED_EDGE ( 'NONE', *, *, #4334, .T. ) ;
#4021 = FACE_OUTER_BOUND ( 'NONE', #1908, .T. ) ;
#4022 = CARTESIAN_POINT ( 'NONE',  ( 14.14999999999999503, -6.207106781186572775, 2.707106781186547906 ) ) ;
#4023 = ADVANCED_FACE ( 'NONE', ( #1459 ), #1220, .T. ) ;
#4024 = CARTESIAN_POINT ( 'NONE',  ( -10.35650441110084685, -8.195819462827214963, 15.77263281767670655 ) ) ;
#4025 = SPHERICAL_SURFACE ( 'NONE', #4837, 0.2000000000000000111 ) ;
#4026 = FACE_OUTER_BOUND ( 'NONE', #2263, .T. ) ;
#4027 = CARTESIAN_POINT ( 'NONE',  ( 10.23864922293310187, -7.916435142451968332, 15.86150271378523868 ) ) ;
#4028 = AXIS2_PLACEMENT_3D ( 'NONE', #107, #877, #1209 ) ;
#4029 = DIRECTION ( 'NONE',  ( -4.259132699590121732E-17, 0.000000000000000000, 1.000000000000000000 ) ) ;
#4030 = PLANE ( 'NONE',  #1513 ) ;
#4031 = EDGE_LOOP ( 'NONE', ( #3802, #1450, #3899, #487, #503 ) ) ;
#4032 = EDGE_CURVE ( 'NONE', #4522, #1939, #3359, .T. ) ;
#4033 = LINE ( 'NONE', #4796, #3952 ) ;
#4034 = VERTEX_POINT ( 'NONE', #2335 ) ;
#4035 = DIRECTION ( 'NONE',  ( 0.000000000000000000, 0.000000000000000000, -1.000000000000000000 ) ) ;
#4036 = AXIS2_PLACEMENT_3D ( 'NONE', #331, #3293, #2165 ) ;
#4037 = PLANE ( 'NONE',  #2749 ) ;
#4038 = ORIENTED_EDGE ( 'NONE', *, *, #4004, .F. ) ;
#4039 = DIRECTION ( 'NONE',  ( 0.000000000000000000, -0.000000000000000000, 1.000000000000000000 ) ) ;
#4040 = CARTESIAN_POINT ( 'NONE',  ( 13.84999999999999964, -5.500000000000011546, -22.35662432702594060 ) ) ;
#4041 = AXIS2_PLACEMENT_3D ( 'NONE', #1880, #765, #411 ) ;
#4042 = LINE ( 'NONE', #4829, #4279 ) ;
#4043 = DIRECTION ( 'NONE',  ( -0.8660254037844399289, 0.000000000000000000, 0.4999999999999979461 ) ) ;
#4044 = CARTESIAN_POINT ( 'NONE',  ( -9.378883735570120450, -9.663532471173841287, 16.16094754510674747 ) ) ;
#4045 = AXIS2_PLACEMENT_3D ( 'NONE', #714, #3405, #1559 ) ;
#4046 = DIRECTION ( 'NONE',  ( 0.5000000000000022204, 0.000000000000000000, 0.8660254037844372643 ) ) ;
#4047 = ADVANCED_FACE ( 'NONE', ( #1257 ), #3474, .F. ) ;
#4048 = VECTOR ( 'NONE', #2175, 1000.000000000000114 ) ;
#4049 = AXIS2_PLACEMENT_3D ( 'NONE', #1044, #2531, #1003 ) ;
#4050 = CARTESIAN_POINT ( 'NONE',  ( -13.74999999999999645, -5.200000000000010836, -13.91547005383792524 ) ) ;
#4051 = CARTESIAN_POINT ( 'NONE',  ( 11.93480580525836565, -9.353553390593331684, 16.86411994630512368 ) ) ;
#4052 = AXIS2_PLACEMENT_3D ( 'NONE', #3965, #1722, #609 ) ;
#4053 = VERTEX_POINT ( 'NONE', #2706 ) ;
#4054 = CARTESIAN_POINT ( 'NONE',  ( 12.14999999999999858, 17.00105930301486623, -23.80000000000000071 ) ) ;
#4055 = CARTESIAN_POINT ( 'NONE',  ( -12.16555604641199828, -5.520814454914106939, 12.23298235420870306 ) ) ;
#4056 = FACE_OUTER_BOUND ( 'NONE', #2080, .T. ) ;
#4057 = CARTESIAN_POINT ( 'NONE',  ( -13.89999999999999680, -5.500000000000011546, -13.65566243270259328 ) ) ;
#4058 = ORIENTED_EDGE ( 'NONE', *, *, #4332, .F. ) ;
#4059 = CARTESIAN_POINT ( 'NONE',  ( -10.42952924663998893, -7.943772511471866693, 15.58157060627143764 ) ) ;
#4060 = DIRECTION ( 'NONE',  ( -1.000000000000000000, 0.000000000000000000, -1.427755947306014165E-16 ) ) ;
#4061 = ORIENTED_EDGE ( 'NONE', *, *, #666, .T. ) ;
#4062 = ADVANCED_FACE ( 'NONE', ( #2307 ), #4259, .F. ) ;
#4063 = EDGE_CURVE ( 'NONE', #3905, #1146, #2354, .T. ) ;
#4064 = DIRECTION ( 'NONE',  ( 0.000000000000000000, 0.000000000000000000, 1.000000000000000000 ) ) ;
#4065 = DIRECTION ( 'NONE',  ( 8.919616031464893202E-17, 0.000000000000000000, -1.000000000000000000 ) ) ;
#4066 = CARTESIAN_POINT ( 'NONE',  ( 6.135343034915744731, -12.50000000000001066, -22.08192339052969189 ) ) ;
#4067 =( BOUNDED_SURFACE ( )  B_SPLINE_SURFACE ( 3, 2, ( 
 ( #4547, #2010, #1585 ),
 ( #4598, #819, #2738 ),
 ( #4231, #1226, #2366 ),
 ( #3778, #1247, #524 ) ),
 .UNSPECIFIED., .F., .F., .F. ) 
 B_SPLINE_SURFACE_WITH_KNOTS ( ( 4, 4 ),
 ( 3, 3 ),
 ( 0.000000000000000000, 0.0001588563754206907081 ),
 ( 0.000000000000000000, 1.000000000000000000 ),
 .UNSPECIFIED. ) 
 GEOMETRIC_REPRESENTATION_ITEM ( )  RATIONAL_B_SPLINE_SURFACE ( (
 ( 1.000000000000000000, 0.8008389405891399582, 1.000000000000000000),
 ( 1.000000000000000000, 0.8232512026694319696, 1.000000000000000000),
 ( 1.000000000000000000, 0.8364359897923759890, 1.000000000000000000),
 ( 1.000000000000000000, 0.8363581466662161068, 1.000000000000000000) ) ) 
 REPRESENTATION_ITEM ( '' )  SURFACE ( )  );
#4068 = DIRECTION ( 'NONE',  ( -1.000000000000000000, 0.000000000000000000, 0.000000000000000000 ) ) ;
#4069 = CARTESIAN_POINT ( 'NONE',  ( 10.26835034190722062, -5.341421356237320950, -23.59999999999999787 ) ) ;
#4070 = CARTESIAN_POINT ( 'NONE',  ( 10.67396142659912250, -5.200000000000010836, 12.74029331667455445 ) ) ;
#4071 = CARTESIAN_POINT ( 'NONE',  ( 10.21163787568401027, -9.453402779523942812, 15.84321344444001411 ) ) ;
#4072 = CARTESIAN_POINT ( 'NONE',  ( 10.67396142627979749, -5.200000000000010836, -21.98376016381764941 ) ) ;
#4073 = EDGE_CURVE ( 'NONE', #1205, #1637, #3068, .T. ) ;
#4074 = DIRECTION ( 'NONE',  ( 0.5829173883403985235, 0.000000000000000000, -0.8125314260817293466 ) ) ;
#4075 = FACE_OUTER_BOUND ( 'NONE', #4235, .T. ) ;
#4076 = EDGE_LOOP ( 'NONE', ( #2986, #3804, #1178, #3756 ) ) ;
#4077 = VERTEX_POINT ( 'NONE', #4242 ) ;
#4078 = EDGE_CURVE ( 'NONE', #119, #2736, #3011, .T. ) ;
#4079 = ORIENTED_EDGE ( 'NONE', *, *, #3489, .T. ) ;
#4080 = CARTESIAN_POINT ( 'NONE',  ( 12.65000000000000036, 17.00105930301486623, -12.35662432702593172 ) ) ;
#4081 = DIRECTION ( 'NONE',  ( 0.000000000000000000, 0.7359360763194418009, 0.6770510258256349223 ) ) ;
#4082 = EDGE_CURVE ( 'NONE', #4053, #2866, #2480, .T. ) ;
#4083 = CARTESIAN_POINT ( 'NONE',  ( 10.44735578997040371, -6.922490528365963236, 14.85798655721298900 ) ) ;
#4084 = ORIENTED_EDGE ( 'NONE', *, *, #971, .T. ) ;
#4085 = CARTESIAN_POINT ( 'NONE',  ( 10.33939236057803157, -5.218372970427312296, -23.62393518391778358 ) ) ;
#4086 = CARTESIAN_POINT ( 'NONE',  ( -10.69595283679038467, -5.200000000000009059, 12.78513536995865252 ) ) ;
#4087 = PLANE ( 'NONE',  #618 ) ;
#4088 = ADVANCED_FACE ( 'NONE', ( #3890 ), #4516, .T. ) ;
#4089 = LINE ( 'NONE', #4507, #113 ) ;
#4090 = CARTESIAN_POINT ( 'NONE',  ( -10.34892114499130855, -5.395129914552751593, -22.06778493106949313 ) ) ;
#4091 = CARTESIAN_POINT ( 'NONE',  ( 13.64999999999999680, -6.950000000000011724, -14.08867513459481202 ) ) ;
#4092 = CARTESIAN_POINT ( 'NONE',  ( 13.64999999999999680, -18.33257888130140856, -14.08867513459481202 ) ) ;
#4093 = CIRCLE ( 'NONE', #3304, 0.2000000000000000944 ) ;
#4094 = CIRCLE ( 'NONE', #4732, 0.8000000000000003775 ) ;
#4095 = VERTEX_POINT ( 'NONE', #87 ) ;
#4096 = EDGE_CURVE ( 'NONE', #864, #3687, #4620, .T. ) ;
#4097 = CARTESIAN_POINT ( 'NONE',  ( 7.249999999999999112, -16.69999999999999929, 14.27693615844911257 ) ) ;
#4098 = DIRECTION ( 'NONE',  ( -0.000000000000000000, 1.000000000000000000, -0.000000000000000000 ) ) ;
#4099 = EDGE_LOOP ( 'NONE', ( #3461, #1839, #3131, #4530 ) ) ;
#4100 = ORIENTED_EDGE ( 'NONE', *, *, #860, .F. ) ;
#4101 = CARTESIAN_POINT ( 'NONE',  ( 14.14999999999999858, -18.33257888130140856, 3.000000000000001332 ) ) ;
#4102 = EDGE_CURVE ( 'NONE', #928, #4053, #3066, .T. ) ;
#4103 = VECTOR ( 'NONE', #535, 1000.000000000000000 ) ;
#4104 = CARTESIAN_POINT ( 'NONE',  ( 9.590040606654715916, -9.353553390593331684, 17.77128881405509020 ) ) ;
#4105 = CARTESIAN_POINT ( 'NONE',  ( -13.64999999999999680, -6.950000000000011724, 10.62472232502674885 ) ) ;
#4106 = CARTESIAN_POINT ( 'NONE',  ( -10.46547005383791529, -5.400000000000011013, -22.23024303063488460 ) ) ;
#4107 = ORIENTED_EDGE ( 'NONE', *, *, #1440, .F. ) ;
#4108 = CARTESIAN_POINT ( 'NONE',  ( -10.47399188756785016, -5.396509518712553799, -21.82403757902093133 ) ) ;
#4109 = DIRECTION ( 'NONE',  ( 0.000000000000000000, 1.000000000000000000, 0.000000000000000000 ) ) ;
#4110 = DIRECTION ( 'NONE',  ( 0.000000000000000000, 1.000000000000000000, 0.000000000000000000 ) ) ;
#4111 = CIRCLE ( 'NONE', #1503, 0.3000000000000003220 ) ;
#4112 = CIRCLE ( 'NONE', #3959, 29.99999999999999289 ) ;
#4113 = VECTOR ( 'NONE', #596, 1000.000000000000000 ) ;
#4114 = FACE_OUTER_BOUND ( 'NONE', #2545, .T. ) ;
#4115 = EDGE_CURVE ( 'NONE', #3410, #1219, #4629, .T. ) ;
#4116 = CARTESIAN_POINT ( 'NONE',  ( 10.23272644311155055, -8.253445652082588069, 15.85749211946089687 ) ) ;
#4117 = VECTOR ( 'NONE', #4470, 1000.000000000000114 ) ;
#4118 =( BOUNDED_SURFACE ( )  B_SPLINE_SURFACE ( 3, 2, ( 
 ( #451, #3829, #3852 ),
 ( #3486, #99, #471 ),
 ( #2759, #3081, #1937 ),
 ( #4571, #127, #3439 ) ),
 .UNSPECIFIED., .F., .F., .F. ) 
 B_SPLINE_SURFACE_WITH_KNOTS ( ( 4, 4 ),
 ( 3, 3 ),
 ( 4.959101723883049928, 5.052623624958902049 ),
 ( 0.000000000000000000, 1.000000000000000000 ),
 .UNSPECIFIED. ) 
 GEOMETRIC_REPRESENTATION_ITEM ( )  RATIONAL_B_SPLINE_SURFACE ( (
 ( 1.000000000000000000, 0.7888692658683965631, 1.000000000000000000),
 ( 1.000000000000000000, 0.7970360810350028968, 1.000000000000000000),
 ( 1.000000000000000000, 0.8049575221825703286, 1.000000000000000000),
 ( 1.000000000000000000, 0.8126232263126943467, 1.000000000000000000) ) ) 
 REPRESENTATION_ITEM ( '' )  SURFACE ( )  );
#4119 = EDGE_CURVE ( 'NONE', #3082, #4473, #4784, .T. ) ;
#4120 = DIRECTION ( 'NONE',  ( 1.000000000000000000, 0.000000000000000000, 0.000000000000000000 ) ) ;
#4121 = CARTESIAN_POINT ( 'NONE',  ( 2.588075286112623719, -5.500000000000010658, -4.482677889360415335 ) ) ;
#4122 = ORIENTED_EDGE ( 'NONE', *, *, #2320, .T. ) ;
#4123 = DIRECTION ( 'NONE',  ( 0.000000000000000000, 1.000000000000000000, 0.000000000000000000 ) ) ;
#4124 = AXIS2_PLACEMENT_3D ( 'NONE', #3446, #851, #3924 ) ;
#4125 = CARTESIAN_POINT ( 'NONE',  ( -10.47399188756785016, -5.396509518712553799, -21.82403757902093133 ) ) ;
#4126 = CARTESIAN_POINT ( 'NONE',  ( 10.68211113091452091, -7.845008529479552628, 15.75513839313783038 ) ) ;
#4127 = ORIENTED_EDGE ( 'NONE', *, *, #1196, .T. ) ;
#4128 = ORIENTED_EDGE ( 'NONE', *, *, #1526, .T. ) ;
#4129 = VECTOR ( 'NONE', #3527, 1000.000000000000000 ) ;
#4130 = FACE_OUTER_BOUND ( 'NONE', #1195, .T. ) ;
#4131 = EDGE_CURVE ( 'NONE', #2001, #1219, #1541, .T. ) ;
#4132 = CONICAL_SURFACE ( 'NONE', #3891, 25.49999999999996447, 0.7853981633974459475 ) ;
#4133 = ADVANCED_FACE ( 'NONE', ( #3551 ), #483, .T. ) ;
#4134 = DIRECTION ( 'NONE',  ( 0.000000000000000000, 0.000000000000000000, 1.000000000000000000 ) ) ;
#4135 = DIRECTION ( 'NONE',  ( 1.000000000000000000, 0.000000000000000000, 0.000000000000000000 ) ) ;
#4136 = ORIENTED_EDGE ( 'NONE', *, *, #150, .F. ) ;
#4137 = CARTESIAN_POINT ( 'NONE',  ( -7.618730523177163150, -12.50000000000001243, 18.39995206888687562 ) ) ;
#4138 = CARTESIAN_POINT ( 'NONE',  ( -7.250000000000000000, -12.50000000000001066, 20.22509998793676900 ) ) ;
#4139 = CARTESIAN_POINT ( 'NONE',  ( 12.14086605880561720, -5.305042658814444145, 12.31804359989821407 ) ) ;
#4140 = ADVANCED_FACE ( 'NONE', ( #3677 ), #660, .T. ) ;
#4141 = CARTESIAN_POINT ( 'NONE',  ( -14.14999999999999858, -18.33257888130140856, -22.35662432702594060 ) ) ;
#4142 = EDGE_CURVE ( 'NONE', #3150, #1660, #2896, .T. ) ;
#4143 = CYLINDRICAL_SURFACE ( 'NONE', #3981, 0.2000000000000005107 ) ;
#4144 = CARTESIAN_POINT ( 'NONE',  ( -10.68287244362100274, -7.805841636522010241, 15.71253339731172893 ) ) ;
#4145 = VERTEX_POINT ( 'NONE', #2068 ) ;
#4146 = CARTESIAN_POINT ( 'NONE',  ( -12.84320230503482740, -7.000000000000011546, -22.24507892420601962 ) ) ;
#4147 =( BOUNDED_SURFACE ( )  B_SPLINE_SURFACE ( 3, 2, ( 
 ( #2688, #3825, #1191 ),
 ( #171, #4293, #3533 ),
 ( #2734, #911, #1656 ),
 ( #935, #546, #4247 ) ),
 .UNSPECIFIED., .F., .F., .F. ) 
 B_SPLINE_SURFACE_WITH_KNOTS ( ( 4, 4 ),
 ( 3, 3 ),
 ( 0.000000000000000000, 0.0002824640380463416421 ),
 ( 0.000000000000000000, 1.000000000000000000 ),
 .UNSPECIFIED. ) 
 GEOMETRIC_REPRESENTATION_ITEM ( )  RATIONAL_B_SPLINE_SURFACE ( (
 ( 1.000000000000000000, 0.7605383704734893779, 1.000000000000000000),
 ( 1.000000000000000000, 0.7136289811653482307, 1.000000000000000000),
 ( 1.000000000000000000, 0.6583674148750082722, 1.000000000000000000),
 ( 1.000000000000000000, 0.6025698664749397082, 1.000000000000000000) ) ) 
 REPRESENTATION_ITEM ( '' )  SURFACE ( )  );
#4148 = EDGE_CURVE ( 'NONE', #864, #4521, #2143, .T. ) ;
#4149 = CARTESIAN_POINT ( 'NONE',  ( -10.29485797038549322, -5.548273964701646577, -22.10197946746987796 ) ) ;
#4150 = CARTESIAN_POINT ( 'NONE',  ( 10.23272644311179036, -8.253445652082604056, 15.85749211946081694 ) ) ;
#4151 = FACE_OUTER_BOUND ( 'NONE', #4570, .T. ) ;
#4152 = ORIENTED_EDGE ( 'NONE', *, *, #2072, .T. ) ;
#4153 = EDGE_LOOP ( 'NONE', ( #4363, #2298, #4015, #439 ) ) ;
#4154 = CARTESIAN_POINT ( 'NONE',  ( -12.15000000000000213, -5.510182038911515257, 12.49885748518421558 ) ) ;
#4155 = AXIS2_PLACEMENT_3D ( 'NONE', #1536, #4593, #122 ) ;
#4156 = DIRECTION ( 'NONE',  ( 0.4999999999999983347, -0.000000000000000000, 0.8660254037844395958 ) ) ;
#4157 = CARTESIAN_POINT ( 'NONE',  ( 10.47245814652242046, -5.484377484356585342, 12.88477304920239064 ) ) ;
#4158 = ORIENTED_EDGE ( 'NONE', *, *, #2243, .T. ) ;
#4159 = LINE ( 'NONE', #1918, #4599 ) ;
#4160 = DIRECTION ( 'NONE',  ( 0.000000000000000000, 1.000000000000000000, 0.000000000000000000 ) ) ;
#4161 = ADVANCED_FACE ( 'NONE', ( #1390 ), #640, .F. ) ;
#4162 = DIRECTION ( 'NONE',  ( 0.000000000000000000, 0.000000000000000000, -1.000000000000000000 ) ) ;
#4163 = CARTESIAN_POINT ( 'NONE',  ( 10.29574524884148623, -5.545760582621501733, -22.10141827076352428 ) ) ;
#4164 = CARTESIAN_POINT ( 'NONE',  ( -12.15000000000000036, -9.565685424949300852, 16.66967721593323049 ) ) ;
#4165 = CARTESIAN_POINT ( 'NONE',  ( -10.03110706658982387, -13.57975736982441894, -21.68110706658982068 ) ) ;
#4166 = ORIENTED_EDGE ( 'NONE', *, *, #1676, .F. ) ;
#4167 = LINE ( 'NONE', #2687, #3715 ) ;
#4168 = CARTESIAN_POINT ( 'NONE',  ( 10.39796183985483857, -8.124212891944893045, 15.71026935781471856 ) ) ;
#4169 = CARTESIAN_POINT ( 'NONE',  ( -10.67396142659912606, -5.200000000000010836, -21.82403757902093133 ) ) ;
#4170 = ORIENTED_EDGE ( 'NONE', *, *, #3382, .F. ) ;
#4171 = DIRECTION ( 'NONE',  ( -1.387778780781444413E-14, 0.000000000000000000, 1.000000000000000000 ) ) ;
#4172 = ORIENTED_EDGE ( 'NONE', *, *, #1761, .F. ) ;
#4173 = EDGE_CURVE ( 'NONE', #185, #3905, #1333, .T. ) ;
#4174 = ORIENTED_EDGE ( 'NONE', *, *, #3276, .T. ) ;
#4175 = ORIENTED_EDGE ( 'NONE', *, *, #2902, .T. ) ;
#4176 = LINE ( 'NONE', #3462, #1382 ) ;
#4177 = ADVANCED_FACE ( 'NONE', ( #3973 ), #3179, .T. ) ;
#4178 = CARTESIAN_POINT ( 'NONE',  ( 10.69888367347563829, -6.982124869514517052, 14.81651003587376181 ) ) ;
#4179 = ORIENTED_EDGE ( 'NONE', *, *, #4214, .F. ) ;
#4180 = ORIENTED_EDGE ( 'NONE', *, *, #3401, .T. ) ;
#4181 = CARTESIAN_POINT ( 'NONE',  ( -12.15000000000000036, -5.324264068711938691, 2.500000000000002665 ) ) ;
#4182 = CARTESIAN_POINT ( 'NONE',  ( -10.42952924663998893, -7.943772511471870246, 15.58157060627143586 ) ) ;
#4183 = AXIS2_PLACEMENT_3D ( 'NONE', #3797, #410, #2998 ) ;
#4184 = CARTESIAN_POINT ( 'NONE',  ( -7.250000000000000000, -14.50000000000001066, 14.27693615844911257 ) ) ;
#4185 = B_SPLINE_CURVE_WITH_KNOTS ( 'NONE', 3,
 ( #2272, #1889, #2202, #11, #3384, #31 ),
 .UNSPECIFIED., .F., .F.,
 ( 4, 2, 4 ),
 ( 0.000000000000000000, 0.0001792791599960145271, 0.0003585583199920290543 ),
 .UNSPECIFIED. ) ;
#4186 = CARTESIAN_POINT ( 'NONE',  ( 12.19196609096476713, -5.499999999999902300, 12.15626144172972189 ) ) ;
#4187 = VECTOR ( 'NONE', #4860, 1000.000000000000000 ) ;
#4188 = CARTESIAN_POINT ( 'NONE',  ( -14.05849364905389010, -5.999999999999992006, -22.69813067797205264 ) ) ;
#4189 = ORIENTED_EDGE ( 'NONE', *, *, #4477, .T. ) ;
#4190 = CIRCLE ( 'NONE', #3323, 0.5000000000000000000 ) ;
#4191 = EDGE_CURVE ( 'NONE', #2378, #3566, #4659, .T. ) ;
#4192 = AXIS2_PLACEMENT_3D ( 'NONE', #1236, #3861, #1996 ) ;
#4193 = CARTESIAN_POINT ( 'NONE',  ( 13.74999999999999645, -5.500000000000011546, -13.91547005383792524 ) ) ;
#4194 = CARTESIAN_POINT ( 'NONE',  ( -10.40959524394317448, -8.090568190901359813, 15.68400788049757821 ) ) ;
#4195 = AXIS2_PLACEMENT_3D ( 'NONE', #255, #1662, #3188 ) ;
#4196 = VERTEX_POINT ( 'NONE', #3296 ) ;
#4197 = DIRECTION ( 'NONE',  ( 0.000000000000000000, 0.000000000000000000, 1.000000000000000000 ) ) ;
#4198 = PLANE ( 'NONE',  #3397 ) ;
#4199 = FACE_OUTER_BOUND ( 'NONE', #3094, .T. ) ;
#4200 = DIRECTION ( 'NONE',  ( -1.000000000000000000, 0.000000000000000000, 0.000000000000000000 ) ) ;
#4201 = LINE ( 'NONE', #3458, #1412 ) ;
#4202 = ORIENTED_EDGE ( 'NONE', *, *, #1096, .F. ) ;
#4203 = ORIENTED_EDGE ( 'NONE', *, *, #3315, .T. ) ;
#4204 = ORIENTED_EDGE ( 'NONE', *, *, #132, .F. ) ;
#4205 = DIRECTION ( 'NONE',  ( 1.427755947306014165E-16, 0.000000000000000000, -1.000000000000000000 ) ) ;
#4206 = VECTOR ( 'NONE', #3365, 1000.000000000000000 ) ;
#4207 = AXIS2_PLACEMENT_3D ( 'NONE', #1897, #4513, #1606 ) ;
#4208 = CARTESIAN_POINT ( 'NONE',  ( -6.135343034915755389, -12.49999999999999467, -22.19828495911596278 ) ) ;
#4209 = ORIENTED_EDGE ( 'NONE', *, *, #1761, .T. ) ;
#4210 = EDGE_LOOP ( 'NONE', ( #1673, #3156, #938, #3571 ) ) ;
#4211 = DIRECTION ( 'NONE',  ( 0.000000000000000000, 1.000000000000000000, 0.000000000000000000 ) ) ;
#4212 = LINE ( 'NONE', #852, #3098 ) ;
#4213 = CYLINDRICAL_SURFACE ( 'NONE', #1200, 0.2999999999999999334 ) ;
#4214 = EDGE_CURVE ( 'NONE', #4743, #1642, #2889, .T. ) ;
#4215 = EDGE_CURVE ( 'NONE', #2400, #3563, #616, .T. ) ;
#4216 = DIRECTION ( 'NONE',  ( -0.000000000000000000, 1.000000000000000000, -0.000000000000000000 ) ) ;
#4217 = DIRECTION ( 'NONE',  ( 0.000000000000000000, 1.000000000000000000, -0.000000000000000000 ) ) ;
#4218 = CARTESIAN_POINT ( 'NONE',  ( -9.248931386510712116, -9.607106781182915611, 17.77124589387928211 ) ) ;
#4219 = ORIENTED_EDGE ( 'NONE', *, *, #971, .F. ) ;
#4220 = B_SPLINE_CURVE_WITH_KNOTS ( 'NONE', 3,
 ( #3516, #4642, #4671, #3903 ),
 .UNSPECIFIED., .F., .F.,
 ( 4, 4 ),
 ( 0.000000000000000000, 0.002127595400980405484 ),
 .UNSPECIFIED. ) ;
#4221 = CARTESIAN_POINT ( 'NONE',  ( 12.11670354314043507, -5.200000000000010836, -23.67573593128807019 ) ) ;
#4222 = CARTESIAN_POINT ( 'NONE',  ( -10.42884923906420802, -7.982730119397074553, 15.60692750119809169 ) ) ;
#4223 = EDGE_CURVE ( 'NONE', #2273, #4594, #2826, .T. ) ;
#4224 = ORIENTED_EDGE ( 'NONE', *, *, #2726, .T. ) ;
#4225 = DIRECTION ( 'NONE',  ( -0.8660254037844383745, 0.000000000000000000, 0.5000000000000003331 ) ) ;
#4226 = DIRECTION ( 'NONE',  ( 1.000000000000000000, 0.000000000000000000, -0.000000000000000000 ) ) ;
#4227 = CARTESIAN_POINT ( 'NONE',  ( 10.18734261304261679, -8.253445652082413986, 15.87506647899648193 ) ) ;
#4228 = ORIENTED_EDGE ( 'NONE', *, *, #944, .F. ) ;
#4229 = ADVANCED_FACE ( 'NONE', ( #976 ), #415, .T. ) ;
#4230 = ORIENTED_EDGE ( 'NONE', *, *, #240, .F. ) ;
#4231 = CARTESIAN_POINT ( 'NONE',  ( -12.15000000000000036, -9.652919319987473656, 16.73357291985660922 ) ) ;
#4232 = EDGE_CURVE ( 'NONE', #1063, #4672, #137, .T. ) ;
#4233 = DIRECTION ( 'NONE',  ( 1.000000000000000000, -0.000000000000000000, 0.000000000000000000 ) ) ;
#4234 = ORIENTED_EDGE ( 'NONE', *, *, #1440, .T. ) ;
#4235 = EDGE_LOOP ( 'NONE', ( #2450, #4795, #2242, #4253 ) ) ;
#4236 = CARTESIAN_POINT ( 'NONE',  ( -12.14999999999999858, -12.50000000000001066, -23.80000000000000071 ) ) ;
#4237 = ADVANCED_FACE ( 'NONE', ( #2857 ), #4371, .T. ) ;
#4238 = DIRECTION ( 'NONE',  ( -0.8660254037848310604, 0.4999999999993202660, 0.000000000000000000 ) ) ;
#4239 = CARTESIAN_POINT ( 'NONE',  ( 10.34999999999999964, -5.199999999999996625, -23.60000000000000142 ) ) ;
#4240 = ORIENTED_EDGE ( 'NONE', *, *, #730, .F. ) ;
#4241 = CARTESIAN_POINT ( 'NONE',  ( 10.34892114499130678, -5.395129914552751593, -22.06778493106949313 ) ) ;
#4242 = CARTESIAN_POINT ( 'NONE',  ( -10.42952924663998893, -7.943772511471870246, 15.58157060627143586 ) ) ;
#4243 = AXIS2_PLACEMENT_3D ( 'NONE', #4282, #3911, #184 ) ;
#4244 = PLANE ( 'NONE',  #2779 ) ;
#4245 = ORIENTED_EDGE ( 'NONE', *, *, #1828, .F. ) ;
#4246 = LINE ( 'NONE', #886, #3067 ) ;
#4247 = CARTESIAN_POINT ( 'NONE',  ( -9.248931386508582264, -9.607106781186605104, 17.77124589387998910 ) ) ;
#4248 = B_SPLINE_CURVE_WITH_KNOTS ( 'NONE', 3,
 ( #2744, #561, #2042, #4257 ),
 .UNSPECIFIED., .F., .F.,
 ( 4, 4 ),
 ( 0.000000000000000000, 0.0001730923533983169465 ),
 .UNSPECIFIED. ) ;
#4249 = CARTESIAN_POINT ( 'NONE',  ( -10.16495199884199252, -5.917022058557272146, -22.11490630738891028 ) ) ;
#4250 = ORIENTED_EDGE ( 'NONE', *, *, #2177, .T. ) ;
#4251 = CARTESIAN_POINT ( 'NONE',  ( -10.47399188756785016, -5.396509518712553799, 12.65068362120860890 ) ) ;
#4252 = CARTESIAN_POINT ( 'NONE',  ( -7.553743548422932719, -12.54325824512379128, 16.66903202845712784 ) ) ;
#4253 = ORIENTED_EDGE ( 'NONE', *, *, #3722, .F. ) ;
#4254 = DIRECTION ( 'NONE',  ( 0.000000000000000000, 1.000000000000000000, 0.000000000000000000 ) ) ;
#4255 = VECTOR ( 'NONE', #1062, 1000.000000000000000 ) ;
#4256 = CARTESIAN_POINT ( 'NONE',  ( 10.47399188756784660, -5.396509518712553799, 12.73685975772414913 ) ) ;
#4257 = CARTESIAN_POINT ( 'NONE',  ( 11.95903609698376435, -5.346446609406734218, 12.41332053553019854 ) ) ;
#4258 = FACE_OUTER_BOUND ( 'NONE', #1389, .T. ) ;
#4259 = PLANE ( 'NONE',  #3258 ) ;
#4260 = EDGE_CURVE ( 'NONE', #2937, #3, #2657, .T. ) ;
#4261 = EDGE_LOOP ( 'NONE', ( #402, #3729, #885, #98 ) ) ;
#4262 = CARTESIAN_POINT ( 'NONE',  ( 10.47345783946903630, -5.427105113802375591, 12.82136146424390155 ) ) ;
#4263 = FACE_OUTER_BOUND ( 'NONE', #2650, .T. ) ;
#4264 = EDGE_CURVE ( 'NONE', #3563, #579, #3611, .T. ) ;
#4265 = EDGE_CURVE ( 'NONE', #767, #4802, #367, .T. ) ;
#4266 = AXIS2_PLACEMENT_3D ( 'NONE', #4312, #564, #950 ) ;
#4267 = AXIS2_PLACEMENT_3D ( 'NONE', #2087, #1742, #2909 ) ;
#4268 = EDGE_CURVE ( 'NONE', #2082, #3987, #3339, .T. ) ;
#4269 = DIRECTION ( 'NONE',  ( 0.000000000000000000, 0.000000000000000000, -1.000000000000000000 ) ) ;
#4270 = CARTESIAN_POINT ( 'NONE',  ( -7.705957473736856578, -12.49999999999999112, 16.62675026101816300 ) ) ;
#4271 = ORIENTED_EDGE ( 'NONE', *, *, #3099, .T. ) ;
#4272 = ORIENTED_EDGE ( 'NONE', *, *, #3130, .F. ) ;
#4273 = ORIENTED_EDGE ( 'NONE', *, *, #1856, .F. ) ;
#4274 = DIRECTION ( 'NONE',  ( -0.000000000000000000, -1.000000000000000000, -0.000000000000000000 ) ) ;
#4275 =( BOUNDED_SURFACE ( )  B_SPLINE_SURFACE ( 3, 2, ( 
 ( #2194, #4401, #3232 ),
 ( #4380, #3984, #3615 ),
 ( #1369, #3302, #1734 ),
 ( #1764, #2862, #2886 ),
 ( #1009, #3697, #3664 ),
 ( #2499, #1804, #4005 ) ),
 .UNSPECIFIED., .F., .F., .F. ) 
 B_SPLINE_SURFACE_WITH_KNOTS ( ( 4, 2, 4 ),
 ( 3, 3 ),
 ( 3.141592653589793116, 3.926990816987241395, 4.712388980384689674 ),
 ( 0.000000000000000000, 1.000000000000000000 ),
 .UNSPECIFIED. ) 
 GEOMETRIC_REPRESENTATION_ITEM ( )  RATIONAL_B_SPLINE_SURFACE ( (
 ( 1.000000000000000000, 0.8660254037844385966, 1.000000000000000000),
 ( 1.000000000000000000, 0.8661752037898888812, 1.000000000000000000),
 ( 1.000000000000000000, 0.8507922995884910078, 1.000000000000000000),
 ( 1.000000000000000000, 0.7945364764275869573, 1.000000000000000000),
 ( 1.000000000000000000, 0.7535973930383448316, 1.000000000000000000),
 ( 1.000000000000000000, 0.7071067811865475727, 1.000000000000000000) ) ) 
 REPRESENTATION_ITEM ( '' )  SURFACE ( )  );
#4276 = CARTESIAN_POINT ( 'NONE',  ( -10.18734261304239652, -8.253445652082843864, 15.87506647899655476 ) ) ;
#4277 = ORIENTED_EDGE ( 'NONE', *, *, #2185, .F. ) ;
#4278 = ORIENTED_EDGE ( 'NONE', *, *, #3300, .F. ) ;
#4279 = VECTOR ( 'NONE', #14, 1000.000000000000000 ) ;
#4280 = CARTESIAN_POINT ( 'NONE',  ( -13.64999999999999858, -5.200000000000010836, -22.35662432702594060 ) ) ;
#4281 = DIRECTION ( 'NONE',  ( -0.000000000000000000, -1.000000000000000000, -0.000000000000000000 ) ) ;
#4282 = CARTESIAN_POINT ( 'NONE',  ( 0.000000000000000000, -5.700000000000010836, -10.49999999999999822 ) ) ;
#4283 = CARTESIAN_POINT ( 'NONE',  ( 8.113139720814380951, -5.500000000000010658, 14.05237020535574644 ) ) ;
#4284 = DIRECTION ( 'NONE',  ( -3.469446951953611033E-15, 0.000000000000000000, 1.000000000000000000 ) ) ;
#4285 = AXIS2_PLACEMENT_3D ( 'NONE', #4438, #1090, #3420 ) ;
#4286 = EDGE_CURVE ( 'NONE', #286, #2880, #387, .T. ) ;
#4287 = TOROIDAL_SURFACE ( 'NONE', #2172, 0.2000000000000000389, 0.2999999999999999889 ) ;
#4288 = LINE ( 'NONE', #2778, #476 ) ;
#4289 = CARTESIAN_POINT ( 'NONE',  ( -10.59523085546630838, -5.200000000000010836, -22.13715145843762144 ) ) ;
#4290 = ORIENTED_EDGE ( 'NONE', *, *, #1100, .T. ) ;
#4291 = PLANE ( 'NONE',  #4815 ) ;
#4292 = EDGE_CURVE ( 'NONE', #717, #2941, #4718, .T. ) ;
#4293 = CARTESIAN_POINT ( 'NONE',  ( -9.396615312652922825, -9.351310717642626003, 17.87342829794743437 ) ) ;
#4294 = DIRECTION ( 'NONE',  ( -0.000000000000000000, -1.000000000000000000, -0.000000000000000000 ) ) ;
#4295 = DIRECTION ( 'NONE',  ( 0.000000000000000000, 1.000000000000000000, 0.000000000000000000 ) ) ;
#4296 = ORIENTED_EDGE ( 'NONE', *, *, #4286, .F. ) ;
#4297 = ORIENTED_EDGE ( 'NONE', *, *, #559, .T. ) ;
#4298 = CARTESIAN_POINT ( 'NONE',  ( 9.371405873647743690, -9.394974746830639489, 17.63736291403408885 ) ) ;
#4299 = ORIENTED_EDGE ( 'NONE', *, *, #88, .T. ) ;
#4300 = ADVANCED_FACE ( 'NONE', ( #1429 ), #534, .T. ) ;
#4301 = CARTESIAN_POINT ( 'NONE',  ( 9.338992730515116136, -9.451115957569353299, 17.70764120959039545 ) ) ;
#4302 = DIRECTION ( 'NONE',  ( 1.458200821047515291E-16, 0.000000000000000000, -1.000000000000000000 ) ) ;
#4303 = ORIENTED_EDGE ( 'NONE', *, *, #1460, .F. ) ;
#4304 = ORIENTED_EDGE ( 'NONE', *, *, #4788, .T. ) ;
#4305 = CYLINDRICAL_SURFACE ( 'NONE', #2484, 0.2999999999999999334 ) ;
#4306 =( BOUNDED_CURVE ( )  B_SPLINE_CURVE ( 3, ( #1558, #866, #391, #94 ),
 .UNSPECIFIED., .F., .F. ) 
 B_SPLINE_CURVE_WITH_KNOTS ( ( 4, 4 ),
 ( -1.776356839400250465E-15, 1.047197551196600740 ),
 .UNSPECIFIED. ) 
 CURVE ( )  GEOMETRIC_REPRESENTATION_ITEM ( )  RATIONAL_B_SPLINE_CURVE ( ( 1.000000000000000000, 0.9106836025229583242, 0.9106836025229583242, 1.000000000000000000 ) ) 
 REPRESENTATION_ITEM ( '' )  );
#4307 = CARTESIAN_POINT ( 'NONE',  ( 12.14999999999999858, -5.500000000000010658, -23.80000000000000071 ) ) ;
#4308 = B_SPLINE_CURVE_WITH_KNOTS ( 'NONE', 3,
 ( #3228, #2174, #1046, #318 ),
 .UNSPECIFIED., .F., .F.,
 ( 4, 4 ),
 ( 0.0002314367980937005135, 0.002359032199037127547 ),
 .UNSPECIFIED. ) ;
#4309 = CARTESIAN_POINT ( 'NONE',  ( 9.569433840488363430, -9.447015779592316420, 17.87697215109544047 ) ) ;
#4310 = VERTEX_POINT ( 'NONE', #725 ) ;
#4311 = CARTESIAN_POINT ( 'NONE',  ( 12.15680221654958792, -5.558578643762699834, 12.27457856830089966 ) ) ;
#4312 = CARTESIAN_POINT ( 'NONE',  ( 11.85000000000000142, -5.670226432448645326, 12.35677313259562382 ) ) ;
#4313 = CARTESIAN_POINT ( 'NONE',  ( -10.18734261304242850, -8.253445652082858075, 15.87506647899654411 ) ) ;
#4314 = CARTESIAN_POINT ( 'NONE',  ( -12.65000000000000213, -5.500000000000011546, 12.35677313259561849 ) ) ;
#4315 = CARTESIAN_POINT ( 'NONE',  ( 10.47399188756784660, -5.396509518712553799, 12.65068362120861600 ) ) ;
#4316 = ADVANCED_FACE ( 'NONE', ( #3742 ), #4532, .T. ) ;
#4317 = LINE ( 'NONE', #118, #1756 ) ;
#4318 = ORIENTED_EDGE ( 'NONE', *, *, #4397, .T. ) ;
#4319 = FACE_OUTER_BOUND ( 'NONE', #3243, .T. ) ;
#4320 = DIRECTION ( 'NONE',  ( -0.000000000000000000, -1.000000000000000000, -0.000000000000000000 ) ) ;
#4321 = CARTESIAN_POINT ( 'NONE',  ( 6.366283142591593780, -12.50000000000001066, -23.80000000000000071 ) ) ;
#4322 = ORIENTED_EDGE ( 'NONE', *, *, #2977, .F. ) ;
#4323 = ORIENTED_EDGE ( 'NONE', *, *, #1521, .F. ) ;
#4324 = CARTESIAN_POINT ( 'NONE',  ( 9.248931386508584040, -9.607106781186605104, 17.77124589387998554 ) ) ;
#4325 = ORIENTED_EDGE ( 'NONE', *, *, #4800, .F. ) ;
#4326 = DIRECTION ( 'NONE',  ( 0.3390101823093022437, 0.5871828600429045419, -0.7350431178933983789 ) ) ;
#4327 = ADVANCED_FACE ( 'NONE', ( #3322, #1109, #2925, #704 ), #4087, .T. ) ;
#4328 = DIRECTION ( 'NONE',  ( -0.8660254037844383745, 0.000000000000000000, -0.5000000000000003331 ) ) ;
#4329 = ORIENTED_EDGE ( 'NONE', *, *, #1551, .F. ) ;
#4330 = VERTEX_POINT ( 'NONE', #3693 ) ;
#4331 = FACE_OUTER_BOUND ( 'NONE', #409, .T. ) ;
#4332 = EDGE_CURVE ( 'NONE', #3566, #2898, #1820, .T. ) ;
#4333 = FACE_OUTER_BOUND ( 'NONE', #1838, .T. ) ;
#4334 = EDGE_CURVE ( 'NONE', #2684, #1550, #2207, .T. ) ;
#4335 = VERTEX_POINT ( 'NONE', #3346 ) ;
#4336 = CARTESIAN_POINT ( 'NONE',  ( -8.361356517603372396, -11.64098017837513588, 18.31727312357251236 ) ) ;
#4337 = ORIENTED_EDGE ( 'NONE', *, *, #1803, .F. ) ;
#4338 = DIRECTION ( 'NONE',  ( 0.8660254037844397068, 0.000000000000000000, -0.4999999999999983902 ) ) ;
#4339 = ORIENTED_EDGE ( 'NONE', *, *, #1232, .T. ) ;
#4340 = CARTESIAN_POINT ( 'NONE',  ( -10.47345911936885621, -5.427031788391023071, 12.82128031676458058 ) ) ;
#4341 = AXIS2_PLACEMENT_3D ( 'NONE', #1059, #2547, #4819 ) ;
#4342 =( BOUNDED_CURVE ( )  B_SPLINE_CURVE ( 3, ( #3442, #4855, #3737, #1470 ),
 .UNSPECIFIED., .F., .F. ) 
 B_SPLINE_CURVE_WITH_KNOTS ( ( 4, 4 ),
 ( 2.356346783439918546, 3.926838523739661913 ),
 .UNSPECIFIED. ) 
 CURVE ( )  GEOMETRIC_REPRESENTATION_ITEM ( )  RATIONAL_B_SPLINE_CURVE ( ( 1.000000000000000000, 0.8048096403827834644, 0.8048096403827834644, 1.000000000000000000 ) ) 
 REPRESENTATION_ITEM ( '' )  );
#4343 = CARTESIAN_POINT ( 'NONE',  ( -10.42832819085595375, -8.012580951255731776, 15.62635694004355358 ) ) ;
#4344 = LINE ( 'NONE', #4542, #4474 ) ;
#4345 = CARTESIAN_POINT ( 'NONE',  ( 7.249999999999997335, -14.50000000000001066, -1.057195595259446990E-15 ) ) ;
#4346 = VERTEX_POINT ( 'NONE', #4861 ) ;
#4347 = VECTOR ( 'NONE', #3246, 1000.000000000000000 ) ;
#4348 = CARTESIAN_POINT ( 'NONE',  ( 10.71875477931938470, -5.972273309856019452, 13.70574473694266260 ) ) ;
#4349 = ADVANCED_FACE ( 'NONE', ( #1476 ), #2969, .F. ) ;
#4350 = VECTOR ( 'NONE', #2182, 1000.000000000000000 ) ;
#4351 = DIRECTION ( 'NONE',  ( 0.000000000000000000, 0.000000000000000000, 1.000000000000000000 ) ) ;
#4352 = DIRECTION ( 'NONE',  ( -0.000000000000000000, 1.000000000000000000, -0.000000000000000000 ) ) ;
#4353 = ORIENTED_EDGE ( 'NONE', *, *, #3906, .T. ) ;
#4354 = VERTEX_POINT ( 'NONE', #4138 ) ;
#4355 = EDGE_LOOP ( 'NONE', ( #2371, #2288, #4775, #4370 ) ) ;
#4356 = VECTOR ( 'NONE', #3839, 1000.000000000000000 ) ;
#4357 = AXIS2_PLACEMENT_3D ( 'NONE', #1324, #3904, #4643 ) ;
#4358 = AXIS2_PLACEMENT_3D ( 'NONE', #2104, #912, #2863 ) ;
#4359 = DIRECTION ( 'NONE',  ( 1.000000000000000000, 0.000000000000000000, 0.000000000000000000 ) ) ;
#4360 = DIRECTION ( 'NONE',  ( 0.8660254037844385966, 0.5000000000000001110, 0.000000000000000000 ) ) ;
#4361 = ORIENTED_EDGE ( 'NONE', *, *, #484, .F. ) ;
#4362 = DIRECTION ( 'NONE',  ( 1.961181171427461100E-16, -0.000000000000000000, 1.000000000000000000 ) ) ;
#4363 = ORIENTED_EDGE ( 'NONE', *, *, #1587, .T. ) ;
#4364 = CARTESIAN_POINT ( 'NONE',  ( 13.89999999999999680, -18.33257888130140856, -13.65566243270259328 ) ) ;
#4365 = VECTOR ( 'NONE', #2520, 1000.000000000000000 ) ;
#4366 = CARTESIAN_POINT ( 'NONE',  ( -9.434158571266074489, -9.286283886243680286, 17.75313192372680504 ) ) ;
#4367 = CARTESIAN_POINT ( 'NONE',  ( -10.35000000000000142, -12.49999999999999467, 15.52708456944178472 ) ) ;
#4368 = EDGE_LOOP ( 'NONE', ( #1955, #2791, #1707, #1544 ) ) ;
#4369 = CARTESIAN_POINT ( 'NONE',  ( 14.14999999999999858, -18.33257888130140856, 2.500000000000000888 ) ) ;
#4370 = ORIENTED_EDGE ( 'NONE', *, *, #4096, .F. ) ;
#4371 = CYLINDRICAL_SURFACE ( 'NONE', #2552, 0.2000000000000001221 ) ;
#4372 = EDGE_CURVE ( 'NONE', #4145, #54, #478, .T. ) ;
#4373 = CIRCLE ( 'NONE', #681, 31.93912560847268622 ) ;
#4374 = EDGE_CURVE ( 'NONE', #1379, #2750, #3983, .T. ) ;
#4375 = DIRECTION ( 'NONE',  ( -6.505213034913030548E-16, 0.000000000000000000, 1.000000000000000000 ) ) ;
#4376 = LINE ( 'NONE', #1731, #4711 ) ;
#4377 = CIRCLE ( 'NONE', #839, 0.2999999999999999334 ) ;
#4378 = DIRECTION ( 'NONE',  ( 0.000000000000000000, 0.000000000000000000, 1.000000000000000000 ) ) ;
#4379 = AXIS2_PLACEMENT_3D ( 'NONE', #969, #4409, #260 ) ;
#4380 = CARTESIAN_POINT ( 'NONE',  ( -10.29226496929187995, -5.300000006563007737, -23.52625327276596678 ) ) ;
#4381 = CARTESIAN_POINT ( 'NONE',  ( -7.599697937129813674, -12.50000000000001066, 16.72383623508503803 ) ) ;
#4382 = ORIENTED_EDGE ( 'NONE', *, *, #1572, .F. ) ;
#4383 = CARTESIAN_POINT ( 'NONE',  ( 0.000000000000000000, 0.000000000000000000, 0.000000000000000000 ) ) ;
#4384 = ORIENTED_EDGE ( 'NONE', *, *, #3995, .F. ) ;
#4385 = CARTESIAN_POINT ( 'NONE',  ( 11.85000000000000142, -5.500000000000010658, -5.047072249014294413E-16 ) ) ;
#4386 = CARTESIAN_POINT ( 'NONE',  ( -12.18727940003023136, -5.500369454790284607, 12.16732750355230408 ) ) ;
#4387 = ORIENTED_EDGE ( 'NONE', *, *, #1157, .T. ) ;
#4388 = EDGE_CURVE ( 'NONE', #419, #4077, #3543, .T. ) ;
#4389 = DIRECTION ( 'NONE',  ( 0.000000000000000000, 0.000000000000000000, 1.000000000000000000 ) ) ;
#4390 = VERTEX_POINT ( 'NONE', #1644 ) ;
#4391 = CARTESIAN_POINT ( 'NONE',  ( -10.46547005383791706, -5.400000000000011013, -22.23024303063489171 ) ) ;
#4392 = CARTESIAN_POINT ( 'NONE',  ( -10.08618780040050567, -8.156936133362876262, 16.06160488094658945 ) ) ;
#4393 = CARTESIAN_POINT ( 'NONE',  ( -8.926112073315168871, -10.66931609748113630, 18.14737397719150280 ) ) ;
#4394 = ORIENTED_EDGE ( 'NONE', *, *, #3301, .F. ) ;
#4395 = CARTESIAN_POINT ( 'NONE',  ( -10.18734261304242850, -8.253445652082858075, 15.87506647899654411 ) ) ;
#4396 = DIRECTION ( 'NONE',  ( 0.000000000000000000, 1.000000000000000000, 0.000000000000000000 ) ) ;
#4397 = EDGE_CURVE ( 'NONE', #850, #4743, #4646, .T. ) ;
#4398 = DIRECTION ( 'NONE',  ( -4.259132699590121732E-17, 0.000000000000000000, 1.000000000000000000 ) ) ;
#4399 = CARTESIAN_POINT ( 'NONE',  ( 10.29226497308102850, -5.300000000000011369, -23.55857864376269362 ) ) ;
#4400 = ADVANCED_FACE ( 'NONE', ( #1942 ), #457, .T. ) ;
#4401 = CARTESIAN_POINT ( 'NONE',  ( -10.34999999999999076, -5.200000000000010836, -23.49999999999999645 ) ) ;
#4402 = DIRECTION ( 'NONE',  ( 0.000000000000000000, 0.01745240643728071875, 0.9998476951563911586 ) ) ;
#4403 = DIRECTION ( 'NONE',  ( 0.8660254037844383745, 0.000000000000000000, 0.5000000000000003331 ) ) ;
#4404 = CARTESIAN_POINT ( 'NONE',  ( -10.29226497308102850, -5.300000000000011369, -23.55857864376269362 ) ) ;
#4405 = ORIENTED_EDGE ( 'NONE', *, *, #1514, .F. ) ;
#4406 = CARTESIAN_POINT ( 'NONE',  ( -12.14999999999999858, -5.500000000000011546, -23.80000000000000071 ) ) ;
#4407 = FACE_OUTER_BOUND ( 'NONE', #3478, .T. ) ;
#4408 = ORIENTED_EDGE ( 'NONE', *, *, #4223, .T. ) ;
#4409 = DIRECTION ( 'NONE',  ( -0.000000000000000000, -1.000000000000000000, -0.000000000000000000 ) ) ;
#4410 = FACE_OUTER_BOUND ( 'NONE', #246, .T. ) ;
#4411 = ORIENTED_EDGE ( 'NONE', *, *, #1557, .F. ) ;
#4412 = CARTESIAN_POINT ( 'NONE',  ( 10.23452994616206624, -5.400000000000011902, -23.79999999999999716 ) ) ;
#4413 = DIRECTION ( 'NONE',  ( 0.4999999999999978906, 0.000000000000000000, 0.8660254037844398178 ) ) ;
#4414 = DIRECTION ( 'NONE',  ( 3.011661613853541685E-17, 0.7071067811865474617, -0.7071067811865474617 ) ) ;
#4415 = CARTESIAN_POINT ( 'NONE',  ( 0.000000000000000000, -12.49999999999999645, -10.49999999999999822 ) ) ;
#4416 = LINE ( 'NONE', #4810, #1069 ) ;
#4417 = DIRECTION ( 'NONE',  ( 1.000000000000000000, -0.000000000000000000, 6.505213034913027590E-16 ) ) ;
#4418 = DIRECTION ( 'NONE',  ( 0.000000000000000000, 0.000000000000000000, 1.000000000000000000 ) ) ;
#4419 = ADVANCED_FACE ( 'NONE', ( #1992 ), #922, .T. ) ;
#4420 = ADVANCED_FACE ( 'NONE', ( #2350 ), #105, .T. ) ;
#4421 = AXIS2_PLACEMENT_3D ( 'NONE', #1573, #4579, #2019 ) ;
#4422 = DIRECTION ( 'NONE',  ( 0.000000000000000000, 0.000000000000000000, 1.000000000000000000 ) ) ;
#4423 = DIRECTION ( 'NONE',  ( 0.000000000000000000, 1.000000000000000000, 0.000000000000000000 ) ) ;
#4424 = ORIENTED_EDGE ( 'NONE', *, *, #4115, .T. ) ;
#4425 = DIRECTION ( 'NONE',  ( 1.000000000000000000, 0.000000000000000000, 0.000000000000000000 ) ) ;
#4426 = ORIENTED_EDGE ( 'NONE', *, *, #1259, .F. ) ;
#4427 = CARTESIAN_POINT ( 'NONE',  ( -10.73114418875766241, -5.346446609406744876, 13.01342907219199674 ) ) ;
#4428 = CARTESIAN_POINT ( 'NONE',  ( -12.14999999999999858, -18.33257888130140856, -23.80000000000000071 ) ) ;
#4429 = CIRCLE ( 'NONE', #1589, 28.61551477713268099 ) ;
#4430 = AXIS2_PLACEMENT_3D ( 'NONE', #2079, #4295, #1293 ) ;
#4431 = DIRECTION ( 'NONE',  ( 0.000000000000000000, 1.000000000000000000, 0.000000000000000000 ) ) ;
#4432 = EDGE_LOOP ( 'NONE', ( #4730, #3860, #4127, #4857, #3992, #2267 ) ) ;
#4433 = CARTESIAN_POINT ( 'NONE',  ( -10.25939288115325354, -8.256936133370048836, 16.06160488095587624 ) ) ;
#4434 = AXIS2_PLACEMENT_3D ( 'NONE', #2244, #3431, #3053 ) ;
#4435 = CIRCLE ( 'NONE', #2767, 25.49289321881341053 ) ;
#4436 = CARTESIAN_POINT ( 'NONE',  ( 10.44155542266410741, -5.324264068711939579, -23.80000000000000071 ) ) ;
#4437 = LINE ( 'NONE', #1067, #270 ) ;
#4438 = CARTESIAN_POINT ( 'NONE',  ( 0.000000000000000000, 17.00105930301486623, -10.49999999999999822 ) ) ;
#4439 = CARTESIAN_POINT ( 'NONE',  ( -12.25000000000000355, -5.200000000000010836, 11.66395280956806779 ) ) ;
#4440 = ADVANCED_FACE ( 'NONE', ( #2374 ), #4132, .T. ) ;
#4441 = DIRECTION ( 'NONE',  ( 1.458200821047513565E-16, -0.000000000000000000, 1.000000000000000000 ) ) ;
#4442 = EDGE_CURVE ( 'NONE', #119, #1205, #1182, .T. ) ;
#4443 = CIRCLE ( 'NONE', #211, 0.5000000000000004441 ) ;
#4444 = CIRCLE ( 'NONE', #133, 28.27412388186410297 ) ;
#4445 =( GEOMETRIC_REPRESENTATION_CONTEXT ( 3 ) GLOBAL_UNCERTAINTY_ASSIGNED_CONTEXT ( ( #1747 ) ) GLOBAL_UNIT_ASSIGNED_CONTEXT ( ( #2083, #2502, #3235 ) ) REPRESENTATION_CONTEXT ( 'NONE', 'WORKASPACE' ) );
#4446 = CARTESIAN_POINT ( 'NONE',  ( 11.93855155834072512, -8.044333519708610325, 15.43416092595671074 ) ) ;
#4447 = DIRECTION ( 'NONE',  ( 0.8660254037844395958, -0.000000000000000000, 0.4999999999999983347 ) ) ;
#4448 = ADVANCED_FACE ( 'NONE', ( #3115 ), #2300, .T. ) ;
#4449 = AXIS2_PLACEMENT_3D ( 'NONE', #2600, #2631, #753 ) ;
#4450 = CARTESIAN_POINT ( 'NONE',  ( -10.31034787501301686, -8.115514777132741386, 16.19352754239337244 ) ) ;
#4451 = CARTESIAN_POINT ( 'NONE',  ( -12.18879495137010771, -5.500119589279311327, 12.16362577219638297 ) ) ;
#4452 = EDGE_LOOP ( 'NONE', ( #1023, #2424, #32, #572 ) ) ;
#4453 = VERTEX_POINT ( 'NONE', #504 ) ;
#4454 = CARTESIAN_POINT ( 'NONE',  ( -12.24999999999999822, -5.500000000000010658, -13.04944465005348597 ) ) ;
#4455 = ORIENTED_EDGE ( 'NONE', *, *, #4214, .T. ) ;
#4456 = EDGE_CURVE ( 'NONE', #3, #3150, #295, .T. ) ;
#4457 = DIRECTION ( 'NONE',  ( -0.000000000000000000, -0.000000000000000000, -1.000000000000000000 ) ) ;
#4458 = DIRECTION ( 'NONE',  ( 0.000000000000000000, 0.000000000000000000, 1.000000000000000000 ) ) ;
#4459 = EDGE_LOOP ( 'NONE', ( #3902, #4852, #4752 ) ) ;
#4460 = CARTESIAN_POINT ( 'NONE',  ( 10.43787209339785171, -5.343403209002464571, -23.76766727771438070 ) ) ;
#4461 = CARTESIAN_POINT ( 'NONE',  ( -10.67396142659912783, -5.200000000000010836, 12.65068362120861600 ) ) ;
#4462 = CARTESIAN_POINT ( 'NONE',  ( -12.24999999999999822, -5.200000000000010836, -13.04944465005348597 ) ) ;
#4463 = DIRECTION ( 'NONE',  ( 0.000000000000000000, 0.000000000000000000, 1.000000000000000000 ) ) ;
#4464 = LINE ( 'NONE', #3717, #3654 ) ;
#4465 = EDGE_CURVE ( 'NONE', #4521, #3010, #4606, .T. ) ;
#4466 =( BOUNDED_SURFACE ( )  B_SPLINE_SURFACE ( 3, 2, ( 
 ( #3817, #1185, #4186 ),
 ( #2633, #1871, #433 ),
 ( #1477, #4139, #3368 ),
 ( #2238, #1920, #776 ) ),
 .UNSPECIFIED., .F., .F., .F. ) 
 B_SPLINE_SURFACE_WITH_KNOTS ( ( 4, 4 ),
 ( 3, 3 ),
 ( 0.0005162198504143742815, 0.0007245047606654390036 ),
 ( 0.000000000000000000, 1.000000000000000000 ),
 .UNSPECIFIED. ) 
 GEOMETRIC_REPRESENTATION_ITEM ( )  RATIONAL_B_SPLINE_SURFACE ( (
 ( 1.000000000000000000, 0.7071067811865504593, 1.000000000000000000),
 ( 1.000000000000000000, 0.7678351733117613209, 1.000000000000000000),
 ( 1.000000000000000000, 0.8166950149469460740, 1.000000000000000000),
 ( 1.000000000000000000, 0.8443262081572306954, 1.000000000000000000) ) ) 
 REPRESENTATION_ITEM ( '' )  SURFACE ( )  );
#4467 = EDGE_CURVE ( 'NONE', #1712, #1616, #4212, .T. ) ;
#4468 = DIRECTION ( 'NONE',  ( 0.000000000000000000, 1.000000000000000000, 0.000000000000000000 ) ) ;
#4469 = DIRECTION ( 'NONE',  ( -0.4999428824215546019, 0.8659264732365787864, -0.01511480281340828354 ) ) ;
#4470 = DIRECTION ( 'NONE',  ( -0.8660254037844383745, 0.000000000000000000, -0.5000000000000003331 ) ) ;
#4471 = CARTESIAN_POINT ( 'NONE',  ( 10.29491870096804185, -8.243008830333348413, 15.82690109746900653 ) ) ;
#4472 = VERTEX_POINT ( 'NONE', #3835 ) ;
#4473 = VERTEX_POINT ( 'NONE', #1963 ) ;
#4474 = VECTOR ( 'NONE', #2287, 1000.000000000000000 ) ;
#4475 = CARTESIAN_POINT ( 'NONE',  ( -10.43286121233073693, -7.752884324893910772, 15.75723860756911598 ) ) ;
#4476 = CARTESIAN_POINT ( 'NONE',  ( -15.75000000000000000, -12.50000000000001066, 16.69681954598461360 ) ) ;
#4477 = EDGE_CURVE ( 'NONE', #3749, #4825, #3466, .T. ) ;
#4478 = CARTESIAN_POINT ( 'NONE',  ( 14.14999999999999680, -18.33257888130140856, 10.91339745962156194 ) ) ;
#4479 = CARTESIAN_POINT ( 'NONE',  ( -14.75000000000000000, -12.50000000000001066, 16.69681954598461004 ) ) ;
#4480 = EDGE_LOOP ( 'NONE', ( #4296, #1989, #4616, #1374 ) ) ;
#4481 = LINE ( 'NONE', #2965, #1362 ) ;
#4482 = DIRECTION ( 'NONE',  ( 2.061858463601975203E-16, -0.000000000000000000, 1.000000000000000000 ) ) ;
#4483 = CARTESIAN_POINT ( 'NONE',  ( -7.578718707889819051, -12.50000000000001066, 36.89604415459112374 ) ) ;
#4484 = CARTESIAN_POINT ( 'NONE',  ( -12.15680221654958615, -5.558578643762706939, 12.27457856830090321 ) ) ;
#4485 = EDGE_CURVE ( 'NONE', #3512, #2741, #2018, .T. ) ;
#4486 = EDGE_CURVE ( 'NONE', #679, #2673, #3503, .T. ) ;
#4487 = CARTESIAN_POINT ( 'NONE',  ( -10.18719703643270336, -5.481983004522604119, -22.15626221518095207 ) ) ;
#4488 = VERTEX_POINT ( 'NONE', #4236 ) ;
#4489 = DIRECTION ( 'NONE',  ( -1.000000000000000000, -0.000000000000000000, -1.427755947306013918E-16 ) ) ;
#4490 = CARTESIAN_POINT ( 'NONE',  ( 7.799403591503453193, -12.50000000000001243, 18.46849186016594047 ) ) ;
#4491 = ORIENTED_EDGE ( 'NONE', *, *, #458, .F. ) ;
#4492 =( BOUNDED_CURVE ( )  B_SPLINE_CURVE ( 3, ( #2890, #4720, #4404, #2220 ),
 .UNSPECIFIED., .F., .F. ) 
 B_SPLINE_CURVE_WITH_KNOTS ( ( 4, 4 ),
 ( 1.570796326794896558, 3.141592653589793116 ),
 .UNSPECIFIED. ) 
 CURVE ( )  GEOMETRIC_REPRESENTATION_ITEM ( )  RATIONAL_B_SPLINE_CURVE ( ( 1.000000000000000000, 0.8047378541243649375, 0.8047378541243649375, 1.000000000000000000 ) ) 
 REPRESENTATION_ITEM ( '' )  );
#4493 = ADVANCED_FACE ( 'NONE', ( #3140 ), #4305, .T. ) ;
#4494 = LINE ( 'NONE', #1116, #37 ) ;
#4495 = CARTESIAN_POINT ( 'NONE',  ( 10.67590860290279409, -7.882434003312311255, 15.79806664869278698 ) ) ;
#4496 = ORIENTED_EDGE ( 'NONE', *, *, #2489, .T. ) ;
#4497 = CARTESIAN_POINT ( 'NONE',  ( -10.44735578996595393, -6.922490528358863138, 14.85798655721961481 ) ) ;
#4498 = AXIS2_PLACEMENT_3D ( 'NONE', #655, #3937, #1354 ) ;
#4499 = PLANE ( 'NONE',  #1123 ) ;
#4500 = DIRECTION ( 'NONE',  ( -0.000000000000000000, -0.000000000000000000, -1.000000000000000000 ) ) ;
#4501 = ORIENTED_EDGE ( 'NONE', *, *, #3748, .F. ) ;
#4502 = CARTESIAN_POINT ( 'NONE',  ( -7.578718707889819051, -12.50000000000001066, 18.27407996053067407 ) ) ;
#4503 = CIRCLE ( 'NONE', #2368, 1.000000000000000888 ) ;
#4504 = DIRECTION ( 'NONE',  ( -0.000000000000000000, 1.000000000000000000, -0.000000000000000000 ) ) ;
#4505 = CIRCLE ( 'NONE', #4266, 0.3000000000000002665 ) ;
#4506 = AXIS2_PLACEMENT_3D ( 'NONE', #4692, #547, #3562 ) ;
#4507 = CARTESIAN_POINT ( 'NONE',  ( -12.14999999999999858, 17.00105930301486623, -12.35662432702593350 ) ) ;
#4508 = CARTESIAN_POINT ( 'NONE',  ( -10.09885931493908373, -5.634988426373158887, -22.31811418184328488 ) ) ;
#4509 = ORIENTED_EDGE ( 'NONE', *, *, #2361, .F. ) ;
#4510 = AXIS2_PLACEMENT_3D ( 'NONE', #1465, #3334, #1505 ) ;
#4511 = VECTOR ( 'NONE', #63, 1000.000000000000000 ) ;
#4512 = DIRECTION ( 'NONE',  ( 0.000000000000000000, 0.000000000000000000, 1.000000000000000000 ) ) ;
#4513 = DIRECTION ( 'NONE',  ( 0.000000000000000000, 1.000000000000000000, 0.000000000000000000 ) ) ;
#4514 = EDGE_LOOP ( 'NONE', ( #355, #3701, #373, #1592, #497 ) ) ;
#4515 = CARTESIAN_POINT ( 'NONE',  ( -12.14999999999999858, -12.50000000000001066, -23.80000000000000071 ) ) ;
#4516 = TOROIDAL_SURFACE ( 'NONE', #918, 0.2000000000000000389, 0.2999999999999999889 ) ;
#4517 = CARTESIAN_POINT ( 'NONE',  ( 13.64999999999999680, -5.500000000000011546, 10.62472232502674885 ) ) ;
#4518 = CARTESIAN_POINT ( 'NONE',  ( 10.41694386149030294, -7.778272411134907749, 15.79097635534875188 ) ) ;
#4519 = ORIENTED_EDGE ( 'NONE', *, *, #3842, .F. ) ;
#4520 = VERTEX_POINT ( 'NONE', #635 ) ;
#4521 = VERTEX_POINT ( 'NONE', #3544 ) ;
#4522 = VERTEX_POINT ( 'NONE', #3574 ) ;
#4523 = AXIS2_PLACEMENT_3D ( 'NONE', #64, #2742, #876 ) ;
#4524 = CARTESIAN_POINT ( 'NONE',  ( -12.13727472846355226, -5.409794818273349293, 12.39175071858877963 ) ) ;
#4525 = EDGE_CURVE ( 'NONE', #1873, #933, #1391, .T. ) ;
#4526 = AXIS2_PLACEMENT_3D ( 'NONE', #1469, #1887, #309 ) ;
#4527 = DIRECTION ( 'NONE',  ( -0.000000000000000000, 1.000000000000000000, -0.000000000000000000 ) ) ;
#4528 = CARTESIAN_POINT ( 'NONE',  ( 14.14999999999999680, -5.500000000000011546, -14.08867513459481202 ) ) ;
#4529 = ORIENTED_EDGE ( 'NONE', *, *, #4849, .T. ) ;
#4530 = ORIENTED_EDGE ( 'NONE', *, *, #1253, .F. ) ;
#4531 = CARTESIAN_POINT ( 'NONE',  ( -7.578718707889820827, -12.50000000000000888, 18.33911471590985798 ) ) ;
#4532 = CYLINDRICAL_SURFACE ( 'NONE', #4285, 29.99999999999999645 ) ;
#4533 = CARTESIAN_POINT ( 'NONE',  ( 7.752668494999187310, -12.49999999999999645, 16.61339394481344911 ) ) ;
#4534 = CARTESIAN_POINT ( 'NONE',  ( 7.599403851088911033, -12.50000000000001243, 16.72426849845970054 ) ) ;
#4535 = EDGE_LOOP ( 'NONE', ( #2029, #2494, #4644, #700 ) ) ;
#4536 = CARTESIAN_POINT ( 'NONE',  ( -13.84999999999999787, -5.500000000000011546, 10.62472232502674885 ) ) ;
#4537 = CARTESIAN_POINT ( 'NONE',  ( -10.65091079533472929, -7.953264720943374222, 15.88460055627421674 ) ) ;
#4538 = ORIENTED_EDGE ( 'NONE', *, *, #617, .T. ) ;
#4539 = ORIENTED_EDGE ( 'NONE', *, *, #1964, .T. ) ;
#4540 = CARTESIAN_POINT ( 'NONE',  ( -14.14999999999999680, -6.950000000000011724, -14.08867513459481202 ) ) ;
#4541 = CARTESIAN_POINT ( 'NONE',  ( 10.46033576698813228, -8.105554666161417288, 16.12445953182264091 ) ) ;
#4542 = CARTESIAN_POINT ( 'NONE',  ( 12.14999999999999858, 17.00105930301486623, -23.80000000000000071 ) ) ;
#4543 = CARTESIAN_POINT ( 'NONE',  ( 12.17165476376742284, -5.508782931216186007, 12.21046997153353075 ) ) ;
#4544 = EDGE_LOOP ( 'NONE', ( #3379, #3230, #3003, #4792 ) ) ;
#4545 = ORIENTED_EDGE ( 'NONE', *, *, #3298, .T. ) ;
#4546 = ORIENTED_EDGE ( 'NONE', *, *, #2214, .T. ) ;
#4547 = CARTESIAN_POINT ( 'NONE',  ( -12.15000000000000036, -9.565685424949293747, 16.66967721593322693 ) ) ;
#4548 = AXIS2_PLACEMENT_3D ( 'NONE', #1884, #4567, #394 ) ;
#4549 = PLANE ( 'NONE',  #3481 ) ;
#4550 = CARTESIAN_POINT ( 'NONE',  ( -10.31034787501301686, -8.115514777132741386, 16.19352754239337244 ) ) ;
#4551 = VERTEX_POINT ( 'NONE', #1777 ) ;
#4552 = ORIENTED_EDGE ( 'NONE', *, *, #2819, .F. ) ;
#4553 = CARTESIAN_POINT ( 'NONE',  ( 10.41675812862978923, -8.675429372257944749, 15.57283016422048583 ) ) ;
#4554 = DIRECTION ( 'NONE',  ( 0.000000000000000000, -1.000000000000000000, 0.000000000000000000 ) ) ;
#4555 = EDGE_CURVE ( 'NONE', #582, #1719, #4765, .T. ) ;
#4556 = FACE_OUTER_BOUND ( 'NONE', #1484, .T. ) ;
#4557 = FACE_OUTER_BOUND ( 'NONE', #1016, .T. ) ;
#4558 = DIRECTION ( 'NONE',  ( 0.000000000000000000, 0.000000000000000000, 1.000000000000000000 ) ) ;
#4559 = CARTESIAN_POINT ( 'NONE',  ( -12.15000000000000213, -9.400304317291476863, 16.82126749423582623 ) ) ;
#4560 = DIRECTION ( 'NONE',  ( 0.01744974916068272111, -0.9996954598818874604, 0.01744974916068272111 ) ) ;
#4561 =( BOUNDED_SURFACE ( )  B_SPLINE_SURFACE ( 3, 2, ( 
 ( #3816, #2702, #1943 ),
 ( #3858, #507, #1993 ),
 ( #1646, #2301, #3910 ),
 ( #2040, #829, #3141 ) ),
 .UNSPECIFIED., .F., .F., .F. ) 
 B_SPLINE_SURFACE_WITH_KNOTS ( ( 4, 4 ),
 ( 3, 3 ),
 ( -5.551115123125782702E-17, 0.002125195646117478392 ),
 ( 0.000000000000000000, 1.000000000000000000 ),
 .UNSPECIFIED. ) 
 GEOMETRIC_REPRESENTATION_ITEM ( )  RATIONAL_B_SPLINE_SURFACE ( (
 ( 1.000000000000000000, 0.7605383704734883787, 1.000000000000000000),
 ( 1.000000000000000000, 0.7580021453288711131, 1.000000000000000000),
 ( 1.000000000000000000, 0.7553695717178352531, 1.000000000000000000),
 ( 1.000000000000000000, 0.7526326444328981236, 1.000000000000000000) ) ) 
 REPRESENTATION_ITEM ( '' )  SURFACE ( )  );
#4562 = ORIENTED_EDGE ( 'NONE', *, *, #4334, .F. ) ;
#4563 = FACE_OUTER_BOUND ( 'NONE', #1081, .T. ) ;
#4564 = CIRCLE ( 'NONE', #2436, 0.5000000000000004441 ) ;
#4565 = CARTESIAN_POINT ( 'NONE',  ( 10.36603008290416739, -8.182399194594474068, 15.76026019759686392 ) ) ;
#4566 = CARTESIAN_POINT ( 'NONE',  ( -10.46547005383791529, -5.200000000000010836, -22.23024303063489526 ) ) ;
#4567 = DIRECTION ( 'NONE',  ( 0.000000000000000000, 1.000000000000000000, 0.000000000000000000 ) ) ;
#4568 = EDGE_LOOP ( 'NONE', ( #556 ) ) ;
#4569 = ORIENTED_EDGE ( 'NONE', *, *, #41, .T. ) ;
#4570 = EDGE_LOOP ( 'NONE', ( #2065, #180, #4224, #2359, #2365, #1057 ) ) ;
#4571 = CARTESIAN_POINT ( 'NONE',  ( 10.08618780040567131, -8.156936133353932306, 16.06160488095258287 ) ) ;
#4572 = EDGE_CURVE ( 'NONE', #3199, #1387, #2729, .T. ) ;
#4573 = EDGE_CURVE ( 'NONE', #3770, #3607, #1665, .T. ) ;
#4574 = CARTESIAN_POINT ( 'NONE',  ( 8.140283493504405499, -11.52734125957403322, 18.12279076461395633 ) ) ;
#4575 = ORIENTED_EDGE ( 'NONE', *, *, #1027, .F. ) ;
#4576 = DIRECTION ( 'NONE',  ( 3.219601692553881183E-17, 0.6546536707079814166, -0.7559289460184508425 ) ) ;
#4577 = DIRECTION ( 'NONE',  ( -0.000000000000000000, 1.000000000000000000, -0.000000000000000000 ) ) ;
#4578 = VECTOR ( 'NONE', #2002, 1000.000000000000114 ) ;
#4579 = DIRECTION ( 'NONE',  ( -0.000000000000000000, -1.000000000000000000, 0.000000000000000000 ) ) ;
#4580 = CARTESIAN_POINT ( 'NONE',  ( 0.000000000000000000, -5.200000000000010836, 0.000000000000000000 ) ) ;
#4581 = AXIS2_PLACEMENT_3D ( 'NONE', #1350, #2872, #4389 ) ;
#4582 = DIRECTION ( 'NONE',  ( -0.8660254037844383745, -0.000000000000000000, 0.5000000000000003331 ) ) ;
#4583 = AXIS2_PLACEMENT_3D ( 'NONE', #1331, #4758, #3223 ) ;
#4584 = AXIS2_PLACEMENT_3D ( 'NONE', #2296, #3008, #2962 ) ;
#4585 = EDGE_CURVE ( 'NONE', #928, #1988, #1617, .T. ) ;
#4586 = CIRCLE ( 'NONE', #3325, 0.2000000000000001221 ) ;
#4587 = DIRECTION ( 'NONE',  ( -0.4999999999999983347, 0.000000000000000000, 0.8660254037844395958 ) ) ;
#4588 = CARTESIAN_POINT ( 'NONE',  ( -10.34525875983736576, -8.207637963111459101, 15.78462235440940198 ) ) ;
#4589 = VECTOR ( 'NONE', #412, 1000.000000000000000 ) ;
#4590 = VERTEX_POINT ( 'NONE', #653 ) ;
#4591 = EDGE_CURVE ( 'NONE', #818, #3190, #1301, .T. ) ;
#4592 = CARTESIAN_POINT ( 'NONE',  ( -10.16495199884199252, -5.917022058557272146, -22.11490630738891028 ) ) ;
#4593 = DIRECTION ( 'NONE',  ( 6.505213034913027590E-16, 0.000000000000000000, -1.000000000000000000 ) ) ;
#4594 = VERTEX_POINT ( 'NONE', #2425 ) ;
#4595 = ADVANCED_FACE ( 'NONE', ( #4331 ), #3244, .T. ) ;
#4596 = ORIENTED_EDGE ( 'NONE', *, *, #66, .F. ) ;
#4597 = VERTEX_POINT ( 'NONE', #3936 ) ;
#4598 = CARTESIAN_POINT ( 'NONE',  ( -12.15000000000000036, -9.601857314077355099, 16.70913968760111601 ) ) ;
#4599 = VECTOR ( 'NONE', #3419, 1000.000000000000000 ) ;
#4600 = CARTESIAN_POINT ( 'NONE',  ( -8.528423394881654573, -11.14690338621080024, 16.41838332728008965 ) ) ;
#4601 = VERTEX_POINT ( 'NONE', #2453 ) ;
#4602 = AXIS2_PLACEMENT_3D ( 'NONE', #1998, #2382, #2024 ) ;
#4603 = EDGE_CURVE ( 'NONE', #2378, #4722, #2635, .T. ) ;
#4604 = EDGE_LOOP ( 'NONE', ( #3670, #279, #2960, #3465 ) ) ;
#4605 = DIRECTION ( 'NONE',  ( -0.000000000000000000, -1.000000000000000000, -0.000000000000000000 ) ) ;
#4606 = CIRCLE ( 'NONE', #2784, 0.1999999999999987899 ) ;
#4607 = CARTESIAN_POINT ( 'NONE',  ( 10.47245814652242046, -5.484377484356588894, 12.88477304920238531 ) ) ;
#4608 = ORIENTED_EDGE ( 'NONE', *, *, #2041, .T. ) ;
#4609 = CARTESIAN_POINT ( 'NONE',  ( -6.364267912280684669, -12.49999999999999467, -22.00000000000000355 ) ) ;
#4610 = CARTESIAN_POINT ( 'NONE',  ( -8.697180082515917121, -10.56276807284428543, 17.95513153166636755 ) ) ;
#4611 = CARTESIAN_POINT ( 'NONE',  ( 10.67396142659912250, -5.200000000000010836, 12.65068362120861600 ) ) ;
#4612 = ORIENTED_EDGE ( 'NONE', *, *, #3389, .T. ) ;
#4613 = CARTESIAN_POINT ( 'NONE',  ( -14.14999999999999680, -12.16628944065071671, 8.666289440650691844 ) ) ;
#4614 = EDGE_LOOP ( 'NONE', ( #845, #4180, #2053, #3595, #716 ) ) ;
#4615 = CARTESIAN_POINT ( 'NONE',  ( -12.14999999999999858, 17.00105930301486623, -23.80000000000000071 ) ) ;
#4616 = ORIENTED_EDGE ( 'NONE', *, *, #2125, .F. ) ;
#4617 = ORIENTED_EDGE ( 'NONE', *, *, #191, .F. ) ;
#4618 = CARTESIAN_POINT ( 'NONE',  ( 10.68210934962828063, -7.845099914721179957, 15.75523780227892878 ) ) ;
#4619 = EDGE_LOOP ( 'NONE', ( #3443, #921, #1040, #3292, #3380, #2187 ) ) ;
#4620 =( BOUNDED_CURVE ( )  B_SPLINE_CURVE ( 3, ( #540, #3146, #1602, #511 ),
 .UNSPECIFIED., .F., .F. ) 
 B_SPLINE_CURVE_WITH_KNOTS ( ( 4, 4 ),
 ( 1.570796326794896558, 3.141592653589795781 ),
 .UNSPECIFIED. ) 
 CURVE ( )  GEOMETRIC_REPRESENTATION_ITEM ( )  RATIONAL_B_SPLINE_CURVE ( ( 1.000000000000000000, 0.8047378541243643824, 0.8047378541243643824, 1.000000000000000000 ) ) 
 REPRESENTATION_ITEM ( '' )  );
#4621 = FACE_OUTER_BOUND ( 'NONE', #3550, .T. ) ;
#4622 = VERTEX_POINT ( 'NONE', #1020 ) ;
#4623 = CARTESIAN_POINT ( 'NONE',  ( 14.14999999999999680, -11.28539094912924234, -16.54225568711645522 ) ) ;
#4624 = EDGE_CURVE ( 'NONE', #1054, #3512, #4685, .T. ) ;
#4625 = DIRECTION ( 'NONE',  ( 1.243449787580175483E-14, 0.000000000000000000, 1.000000000000000000 ) ) ;
#4626 = LINE ( 'NONE', #2704, #493 ) ;
#4627 = ORIENTED_EDGE ( 'NONE', *, *, #960, .T. ) ;
#4628 = CARTESIAN_POINT ( 'NONE',  ( 8.948966594415269427, -10.62999480701915545, 18.13975710676743702 ) ) ;
#4629 = LINE ( 'NONE', #189, #3663 ) ;
#4630 = EDGE_CURVE ( 'NONE', #3994, #4722, #846, .T. ) ;
#4631 = VECTOR ( 'NONE', #3609, 1000.000000000000114 ) ;
#4632 = CARTESIAN_POINT ( 'NONE',  ( 12.15000000000000036, -5.324264068711941356, -23.79999999999999716 ) ) ;
#4633 = ORIENTED_EDGE ( 'NONE', *, *, #662, .T. ) ;
#4634 = LINE ( 'NONE', #196, #1500 ) ;
#4635 = FACE_OUTER_BOUND ( 'NONE', #3599, .T. ) ;
#4636 = CARTESIAN_POINT ( 'NONE',  ( 10.68287244362099919, -7.805841636522016458, 15.71253339731173604 ) ) ;
#4637 = VERTEX_POINT ( 'NONE', #1352 ) ;
#4638 = ORIENTED_EDGE ( 'NONE', *, *, #290, .F. ) ;
#4639 = CARTESIAN_POINT ( 'NONE',  ( 13.74999999999999645, -5.500000000000011546, 10.79792740578363563 ) ) ;
#4640 = EDGE_CURVE ( 'NONE', #395, #4850, #3217, .T. ) ;
#4641 = VERTEX_POINT ( 'NONE', #1038 ) ;
#4642 = CARTESIAN_POINT ( 'NONE',  ( 9.611841582914536275, -8.978527882426696749, 17.11604932932550227 ) ) ;
#4643 = DIRECTION ( 'NONE',  ( 1.961181171427461100E-16, 0.000000000000000000, 1.000000000000000000 ) ) ;
#4644 = ORIENTED_EDGE ( 'NONE', *, *, #2121, .F. ) ;
#4645 = VERTEX_POINT ( 'NONE', #994 ) ;
#4646 = LINE ( 'NONE', #533, #3815 ) ;
#4647 = ADVANCED_FACE ( 'NONE', ( #2487 ), #3996, .T. ) ;
#4648 =( BOUNDED_SURFACE ( )  B_SPLINE_SURFACE ( 3, 2, ( 
 ( #1241, #2392, #2004 ),
 ( #3896, #4664, #1291 ),
 ( #149, #888, #3127 ),
 ( #3923, #2362, #3106 ) ),
 .UNSPECIFIED., .F., .F., .F. ) 
 B_SPLINE_SURFACE_WITH_KNOTS ( ( 4, 4 ),
 ( 3, 3 ),
 ( -4.865357249028701148E-18, 0.0002094471855232964076 ),
 ( 0.000000000000000000, 1.000000000000000000 ),
 .UNSPECIFIED. ) 
 GEOMETRIC_REPRESENTATION_ITEM ( )  RATIONAL_B_SPLINE_SURFACE ( (
 ( 1.000000000000000000, 0.8443262081572304734, 1.000000000000000000),
 ( 1.000000000000000000, 0.8170879341652620420, 1.000000000000000000),
 ( 1.000000000000000000, 0.7678135467551210347, 1.000000000000000000),
 ( 1.000000000000000000, 0.7071067811865475727, 1.000000000000000000) ) ) 
 REPRESENTATION_ITEM ( '' )  SURFACE ( )  );
#4649 = DIRECTION ( 'NONE',  ( 0.000000000000000000, 1.000000000000000000, 0.000000000000000000 ) ) ;
#4650 = CARTESIAN_POINT ( 'NONE',  ( 12.15000000000000036, -9.707106781186602973, 16.73357303036088339 ) ) ;
#4651 = ORIENTED_EDGE ( 'NONE', *, *, #2685, .F. ) ;
#4652 = DIRECTION ( 'NONE',  ( 0.000000000000000000, 1.000000000000000000, 0.000000000000000000 ) ) ;
#4653 = EDGE_LOOP ( 'NONE', ( #3402 ) ) ;
#4654 = ADVANCED_FACE ( 'NONE', ( #2509 ), #4287, .T. ) ;
#4655 = CARTESIAN_POINT ( 'NONE',  ( 13.64999999999999680, -6.950000000000011724, 10.62472232502674885 ) ) ;
#4656 = CIRCLE ( 'NONE', #2530, 0.2000000000000013989 ) ;
#4657 = LINE ( 'NONE', #979, #2733 ) ;
#4658 = EDGE_CURVE ( 'NONE', #582, #2477, #3649, .T. ) ;
#4659 = B_SPLINE_CURVE_WITH_KNOTS ( 'NONE', 3,
 ( #4707, #2805, #2514, #3636 ),
 .UNSPECIFIED., .F., .F.,
 ( 4, 4 ),
 ( 0.000000000000000000, 0.0001604169462437896802 ),
 .UNSPECIFIED. ) ;
#4660 = CARTESIAN_POINT ( 'NONE',  ( 12.15000000000000036, 17.00105930301486623, 12.35677313259562382 ) ) ;
#4661 = CARTESIAN_POINT ( 'NONE',  ( 9.371405873647741913, -9.394974746830643042, 17.63736291403408529 ) ) ;
#4662 = VECTOR ( 'NONE', #1179, 1000.000000000000000 ) ;
#4663 = VECTOR ( 'NONE', #4302, 1000.000000000000000 ) ;
#4664 = CARTESIAN_POINT ( 'NONE',  ( -12.14083461434518441, -5.305960890468790936, 12.31868956107545543 ) ) ;
#4665 = CARTESIAN_POINT ( 'NONE',  ( -12.14999999999999858, -12.50000000000001066, -22.19999999999999929 ) ) ;
#4666 = DIRECTION ( 'NONE',  ( 0.000000000000000000, 1.000000000000000000, 0.000000000000000000 ) ) ;
#4667 = ORIENTED_EDGE ( 'NONE', *, *, #3521, .T. ) ;
#4668 = ORIENTED_EDGE ( 'NONE', *, *, #3951, .T. ) ;
#4669 = DIRECTION ( 'NONE',  ( 0.000000000000000000, 0.000000000000000000, -1.000000000000000000 ) ) ;
#4670 = EDGE_LOOP ( 'NONE', ( #4299, #4250, #3031, #604, #3601, #4737 ) ) ;
#4671 = CARTESIAN_POINT ( 'NONE',  ( 9.850188743700579508, -8.565698490105480900, 16.59095333854626730 ) ) ;
#4672 = VERTEX_POINT ( 'NONE', #2649 ) ;
#4673 = ORIENTED_EDGE ( 'NONE', *, *, #745, .T. ) ;
#4674 = AXIS2_PLACEMENT_3D ( 'NONE', #689, #4790, #3279 ) ;
#4675 = EDGE_CURVE ( 'NONE', #2477, #1775, #2790, .T. ) ;
#4676 = CARTESIAN_POINT ( 'NONE',  ( -13.64999999999999680, -5.200000000000010836, -14.08867513459481202 ) ) ;
#4677 = CARTESIAN_POINT ( 'NONE',  ( -9.915543775015407846, -8.452500255336913071, 16.70507210566252709 ) ) ;
#4678 = VECTOR ( 'NONE', #2730, 1000.000000000000000 ) ;
#4679 = DIRECTION ( 'NONE',  ( 0.000000000000000000, 1.000000000000000000, 0.000000000000000000 ) ) ;
#4680 = ORIENTED_EDGE ( 'NONE', *, *, #3084, .T. ) ;
#4681 = CARTESIAN_POINT ( 'NONE',  ( 12.15211370563714688, -5.595012017404465077, 12.30271136770850937 ) ) ;
#4682 = CARTESIAN_POINT ( 'NONE',  ( -11.84999999999999964, -5.500000000000010658, -12.35662432702593350 ) ) ;
#4683 = EDGE_LOOP ( 'NONE', ( #1180, #1951, #1300, #2297 ) ) ;
#4684 = DIRECTION ( 'NONE',  ( -0.000000000000000000, -1.000000000000000000, -0.000000000000000000 ) ) ;
#4685 = CIRCLE ( 'NONE', #216, 0.2000000000000005107 ) ;
#4686 = CARTESIAN_POINT ( 'NONE',  ( 12.15000000000000036, -9.565685424949299076, 16.66967721593322338 ) ) ;
#4687 = CARTESIAN_POINT ( 'NONE',  ( -10.34892114499130855, -5.395129914552751593, -22.06778493106949313 ) ) ;
#4688 = ORIENTED_EDGE ( 'NONE', *, *, #2692, .T. ) ;
#4689 = CARTESIAN_POINT ( 'NONE',  ( 12.14999999999999858, -6.950000000000011724, -12.35662432702593172 ) ) ;
#4690 = ADVANCED_FACE ( 'NONE', ( #3381 ), #1102, .T. ) ;
#4691 = DIRECTION ( 'NONE',  ( -3.469446951953611033E-15, 0.000000000000000000, 1.000000000000000000 ) ) ;
#4692 = CARTESIAN_POINT ( 'NONE',  ( 12.65000000000000213, -6.950000000000011724, 12.35677313259562382 ) ) ;
#4693 = VERTEX_POINT ( 'NONE', #327 ) ;
#4694 = EDGE_CURVE ( 'NONE', #4743, #3035, #4853, .T. ) ;
#4695 = CARTESIAN_POINT ( 'NONE',  ( 14.75000000000000000, -14.50000000000001066, 16.69681954598461004 ) ) ;
#4696 = ADVANCED_FACE ( 'NONE', ( #1487 ), #1767, .T. ) ;
#4697 = LINE ( 'NONE', #1740, #4831 ) ;
#4698 = PLANE ( 'NONE',  #4357 ) ;
#4699 = ORIENTED_EDGE ( 'NONE', *, *, #3706, .T. ) ;
#4700 = EDGE_LOOP ( 'NONE', ( #141, #4152, #3191, #2794 ) ) ;
#4701 = DIRECTION ( 'NONE',  ( 2.930988785010413267E-14, 0.000000000000000000, 1.000000000000000000 ) ) ;
#4702 = FACE_OUTER_BOUND ( 'NONE', #4480, .T. ) ;
#4703 = LINE ( 'NONE', #2163, #889 ) ;
#4704 = ORIENTED_EDGE ( 'NONE', *, *, #4388, .F. ) ;
#4705 = CARTESIAN_POINT ( 'NONE',  ( -13.84999999999999432, -5.200000000000010836, 2.716235922427032418E-15 ) ) ;
#4706 = EDGE_LOOP ( 'NONE', ( #3928, #1338, #3809, #3305 ) ) ;
#4707 = CARTESIAN_POINT ( 'NONE',  ( 12.15000000000000036, -9.565685424949295523, 16.66967721593321983 ) ) ;
#4708 = ADVANCED_FACE ( 'NONE', ( #349 ), #2591, .F. ) ;
#4709 = CARTESIAN_POINT ( 'NONE',  ( -12.14999999999999858, -5.200000000000010836, -23.50000000000000000 ) ) ;
#4710 = FACE_OUTER_BOUND ( 'NONE', #3538, .T. ) ;
#4711 = VECTOR ( 'NONE', #3227, 1000.000000000000114 ) ;
#4712 = CARTESIAN_POINT ( 'NONE',  ( -14.14999999999999680, -11.28539094912924234, -16.54225568711645522 ) ) ;
#4713 = CARTESIAN_POINT ( 'NONE',  ( 10.68287244362099919, -7.805841636522016458, 15.71253339731173604 ) ) ;
#4714 = LINE ( 'NONE', #1206, #45 ) ;
#4715 = ORIENTED_EDGE ( 'NONE', *, *, #3696, .T. ) ;
#4716 = ORIENTED_EDGE ( 'NONE', *, *, #816, .F. ) ;
#4717 = ORIENTED_EDGE ( 'NONE', *, *, #2336, .T. ) ;
#4718 = B_SPLINE_CURVE_WITH_KNOTS ( 'NONE', 3,
 ( #2653, #2235, #1454, #4484 ),
 .UNSPECIFIED., .F., .F.,
 ( 4, 4 ),
 ( 8.673617379884035472E-19, 0.0001388072234000939300 ),
 .UNSPECIFIED. ) ;
#4719 = CYLINDRICAL_SURFACE ( 'NONE', #1371, 0.3000000000000016542 ) ;
#4720 = CARTESIAN_POINT ( 'NONE',  ( -10.26835034190722062, -5.341421356237320950, -23.59999999999999787 ) ) ;
#4721 = DIRECTION ( 'NONE',  ( 0.000000000000000000, 1.000000000000000000, 0.000000000000000000 ) ) ;
#4722 = VERTEX_POINT ( 'NONE', #3313 ) ;
#4723 = EDGE_CURVE ( 'NONE', #1642, #326, #3006, .T. ) ;
#4724 = ADVANCED_FACE ( 'NONE', ( #741 ), #1571, .T. ) ;
#4725 = DIRECTION ( 'NONE',  ( -0.000000000000000000, -1.000000000000000000, -0.000000000000000000 ) ) ;
#4726 = DIRECTION ( 'NONE',  ( 2.061858463601975203E-16, 0.000000000000000000, 1.000000000000000000 ) ) ;
#4727 = DIRECTION ( 'NONE',  ( 0.000000000000000000, 1.000000000000000000, 0.000000000000000000 ) ) ;
#4728 = EDGE_LOOP ( 'NONE', ( #1935, #735, #789, #1959 ) ) ;
#4729 = FACE_OUTER_BOUND ( 'NONE', #4452, .T. ) ;
#4730 = ORIENTED_EDGE ( 'NONE', *, *, #4785, .F. ) ;
#4732 = AXIS2_PLACEMENT_3D ( 'NONE', #3220, #656, #1751 ) ;
#4731 = CARTESIAN_POINT ( 'NONE',  ( -12.65000000000000213, -6.950000000000011724, 12.35677313259561849 ) ) ;
#4733 = AXIS2_PLACEMENT_3D ( 'NONE', #347, #2912, #3269 ) ;
#4734 = CARTESIAN_POINT ( 'NONE',  ( -10.30535206690469963, -8.238248448752017339, 15.81980844254305829 ) ) ;
#4735 = CARTESIAN_POINT ( 'NONE',  ( 15.75000000000000000, -14.50000000000001066, 16.69681954598461004 ) ) ;
#4736 = FACE_OUTER_BOUND ( 'NONE', #396, .T. ) ;
#4737 = ORIENTED_EDGE ( 'NONE', *, *, #1058, .T. ) ;
#4738 = EDGE_CURVE ( 'NONE', #1287, #4641, #3358, .T. ) ;
#4739 = AXIS2_PLACEMENT_3D ( 'NONE', #4454, #1744, #3287 ) ;
#4740 = DIRECTION ( 'NONE',  ( 0.000000000000000000, 1.000000000000000000, 0.000000000000000000 ) ) ;
#4741 = FACE_OUTER_BOUND ( 'NONE', #2574, .T. ) ;
#4742 = ADVANCED_FACE ( 'NONE', ( #4130 ), #1083, .F. ) ;
#4743 = VERTEX_POINT ( 'NONE', #2161 ) ;
#4744 = VERTEX_POINT ( 'NONE', #3671 ) ;
#4745 = CIRCLE ( 'NONE', #430, 0.2000000000000000111 ) ;
#4746 = AXIS2_PLACEMENT_3D ( 'NONE', #3383, #821, #2594 ) ;
#4747 = DIRECTION ( 'NONE',  ( 0.000000000000000000, 0.000000000000000000, 1.000000000000000000 ) ) ;
#4748 = CARTESIAN_POINT ( 'NONE',  ( 11.94763723614527784, -5.458094398092343980, 12.54509989680557069 ) ) ;
#4749 = ORIENTED_EDGE ( 'NONE', *, *, #4148, .F. ) ;
#4750 = ADVANCED_FACE ( 'NONE', ( #718 ), #4067, .T. ) ;
#4751 = PLANE ( 'NONE',  #3790 ) ;
#4752 = ORIENTED_EDGE ( 'NONE', *, *, #452, .F. ) ;
#4753 = DIRECTION ( 'NONE',  ( -0.000000000000000000, -1.000000000000000000, -0.000000000000000000 ) ) ;
#4754 = AXIS2_PLACEMENT_3D ( 'NONE', #2155, #345, #737 ) ;
#4755 = CARTESIAN_POINT ( 'NONE',  ( -9.590040606654714139, -9.353553390593331684, 17.77128881405509020 ) ) ;
#4756 = CARTESIAN_POINT ( 'NONE',  ( -8.693399580121379699, -10.56931609506976244, 17.95639148353870951 ) ) ;
#4757 = ORIENTED_EDGE ( 'NONE', *, *, #336, .T. ) ;
#4758 = DIRECTION ( 'NONE',  ( -1.000000000000000000, 0.000000000000000000, 0.000000000000000000 ) ) ;
#4759 = ORIENTED_EDGE ( 'NONE', *, *, #1027, .T. ) ;
#4760 = CARTESIAN_POINT ( 'NONE',  ( -13.19320230503483060, -5.200000000000010836, -22.85129670685513048 ) ) ;
#4761 = AXIS2_PLACEMENT_3D ( 'NONE', #3692, #358, #3740 ) ;
#4762 = CARTESIAN_POINT ( 'NONE',  ( -10.37540168369035776, -8.168165645323743007, 15.74742686898115274 ) ) ;
#4763 = CIRCLE ( 'NONE', #2707, 28.19999999999999218 ) ;
#4764 = DIRECTION ( 'NONE',  ( 0.000000000000000000, 1.000000000000000000, 0.000000000000000000 ) ) ;
#4765 = CIRCLE ( 'NONE', #1005, 0.5000000000000004441 ) ;
#4766 = DIRECTION ( 'NONE',  ( 0.000000000000000000, 0.000000000000000000, 1.000000000000000000 ) ) ;
#4767 = CARTESIAN_POINT ( 'NONE',  ( 10.43000642219119634, -7.916435142451968332, 15.58189717902247473 ) ) ;
#4768 = APPLICATION_PROTOCOL_DEFINITION ( 'draft international standard', 'automotive_design', 1998, #768 ) ;
#4769 = ORIENTED_EDGE ( 'NONE', *, *, #4142, .T. ) ;
#4770 = CARTESIAN_POINT ( 'NONE',  ( -7.621588577637348649, -12.50000000000001066, 20.51643326024163727 ) ) ;
#4771 = CARTESIAN_POINT ( 'NONE',  ( -13.89999999999999680, -5.999999999999996447, -22.78963702891815757 ) ) ;
#4772 = ORIENTED_EDGE ( 'NONE', *, *, #3022, .F. ) ;
#4773 = CARTESIAN_POINT ( 'NONE',  ( -13.84999999999999964, -5.200000000000010836, -22.35662432702594060 ) ) ;
#4774 = CARTESIAN_POINT ( 'NONE',  ( 10.23452994616206624, -5.400000000000011902, -23.60000000000000142 ) ) ;
#4775 = ORIENTED_EDGE ( 'NONE', *, *, #1849, .F. ) ;
#4776 = DIRECTION ( 'NONE',  ( 0.000000000000000000, 0.000000000000000000, 1.000000000000000000 ) ) ;
#4777 = DIRECTION ( 'NONE',  ( -0.3603062169355878974, 0.000000000000000000, -0.9328340849462808393 ) ) ;
#4778 = ORIENTED_EDGE ( 'NONE', *, *, #1828, .T. ) ;
#4779 = DIRECTION ( 'NONE',  ( 0.8660254037844374864, -0.000000000000000000, 0.5000000000000023315 ) ) ;
#4780 = CARTESIAN_POINT ( 'NONE',  ( -11.85000000000000142, -5.200000000000010836, 2.500000000000002220 ) ) ;
#4781 = EDGE_CURVE ( 'NONE', #3309, #2684, #2781, .T. ) ;
#4782 = FACE_OUTER_BOUND ( 'NONE', #4261, .T. ) ;
#4783 = APPLICATION_CONTEXT ( 'automotive_design' ) ;
#4784 =( BOUNDED_CURVE ( )  B_SPLINE_CURVE ( 3, ( #4218, #4610, #1970, #565 ),
 .UNSPECIFIED., .F., .F. ) 
 B_SPLINE_CURVE_WITH_KNOTS ( ( 4, 4 ),
 ( 4.390689749245945350, 4.449230414590200411 ),
 .UNSPECIFIED. ) 
 CURVE ( )  GEOMETRIC_REPRESENTATION_ITEM ( )  RATIONAL_B_SPLINE_CURVE ( ( 1.000000000000000000, 0.9997144362640784099, 0.9997144362640784099, 1.000000000000000000 ) ) 
 REPRESENTATION_ITEM ( '' )  );
#4785 = EDGE_CURVE ( 'NONE', #717, #1063, #2717, .T. ) ;
#4786 = DIRECTION ( 'NONE',  ( 1.000000000000000000, -6.151501687861019394E-17, 2.485206681895852032E-14 ) ) ;
#4787 = ADVANCED_FACE ( 'NONE', ( #1985 ), #1539, .T. ) ;
#4788 = EDGE_CURVE ( 'NONE', #1472, #1172, #2293, .T. ) ;
#4789 = AXIS2_PLACEMENT_3D ( 'NONE', #2318, #27, #3107 ) ;
#4790 = DIRECTION ( 'NONE',  ( 0.000000000000000000, 1.000000000000000000, -0.000000000000000000 ) ) ;
#4791 = CARTESIAN_POINT ( 'NONE',  ( 10.42996363617291955, -7.918886351797321588, 15.78715144562705497 ) ) ;
#4792 = ORIENTED_EDGE ( 'NONE', *, *, #2837, .F. ) ;
#4793 = CARTESIAN_POINT ( 'NONE',  ( -7.752668494999186422, -12.49999999999999645, 16.61339394481344911 ) ) ;
#4794 = CARTESIAN_POINT ( 'NONE',  ( -14.14999999999999858, -6.500000000000024869, 2.999999999999999112 ) ) ;
#4795 = ORIENTED_EDGE ( 'NONE', *, *, #2820, .T. ) ;
#4796 = CARTESIAN_POINT ( 'NONE',  ( -13.64999999999999858, -18.33257888130140856, 2.500000000000001332 ) ) ;
#4797 = DIRECTION ( 'NONE',  ( 0.000000000000000000, -0.01745240643728071875, -0.9998476951563911586 ) ) ;
#4798 = VERTEX_POINT ( 'NONE', #2669 ) ;
#4799 = CARTESIAN_POINT ( 'NONE',  ( -10.47245814652242402, -5.484377484356596888, 12.88477304920240130 ) ) ;
#4800 = EDGE_CURVE ( 'NONE', #2037, #963, #4176, .T. ) ;
#4801 = CARTESIAN_POINT ( 'NONE',  ( -8.132409060287709934, -11.54098017798615672, 18.12515796935439027 ) ) ;
#4802 = VERTEX_POINT ( 'NONE', #2344 ) ;
#4803 = DIRECTION ( 'NONE',  ( -0.4923539030666295169, 0.8527819754162518917, -0.1742140537965041480 ) ) ;
#4804 = CARTESIAN_POINT ( 'NONE',  ( -12.15000000000000036, -5.670226432448636444, 12.35677313259561672 ) ) ;
#4805 = LINE ( 'NONE', #3345, #1115 ) ;
#4806 = CARTESIAN_POINT ( 'NONE',  ( 14.14999999999999858, -6.500000000000024869, 2.999999999999999112 ) ) ;
#4807 = ADVANCED_FACE ( 'NONE', ( #847 ), #4118, .T. ) ;
#4808 = CARTESIAN_POINT ( 'NONE',  ( -12.14999999999999858, -12.50000000000001066, -23.80000000000000071 ) ) ;
#4809 = EDGE_CURVE ( 'NONE', #4330, #4488, #78, .T. ) ;
#4810 = CARTESIAN_POINT ( 'NONE',  ( 13.89999999999999680, -18.33257888130140856, -22.78963702891815757 ) ) ;
#4811 =( BOUNDED_CURVE ( )  B_SPLINE_CURVE ( 3, ( #2971, #405, #4834, #1456 ),
 .UNSPECIFIED., .F., .F. ) 
 B_SPLINE_CURVE_WITH_KNOTS ( ( 4, 4 ),
 ( 3.141592653589790451, 4.712388980384689674 ),
 .UNSPECIFIED. ) 
 CURVE ( )  GEOMETRIC_REPRESENTATION_ITEM ( )  RATIONAL_B_SPLINE_CURVE ( ( 1.000000000000000000, 0.8047378541243643824, 0.8047378541243643824, 1.000000000000000000 ) ) 
 REPRESENTATION_ITEM ( '' )  );
#4812 = EDGE_CURVE ( 'NONE', #4637, #632, #3338, .T. ) ;
#4813 = CARTESIAN_POINT ( 'NONE',  ( -11.94763723614615714, -5.458094398092674382, 12.54509989680543214 ) ) ;
#4814 = CARTESIAN_POINT ( 'NONE',  ( 10.18462600466241774, -10.99037018900227736, 15.82490478752657204 ) ) ;
#4815 = AXIS2_PLACEMENT_3D ( 'NONE', #3895, #1633, #3868 ) ;
#4816 = CARTESIAN_POINT ( 'NONE',  ( 12.14999999999999858, -5.999999999999996447, -23.80000000000000071 ) ) ;
#4817 = CARTESIAN_POINT ( 'NONE',  ( 7.566791966791754476, -12.52065772155058632, 18.27729045104729977 ) ) ;
#4818 = FACE_OUTER_BOUND ( 'NONE', #2918, .T. ) ;
#4819 = DIRECTION ( 'NONE',  ( 0.000000000000000000, 0.000000000000000000, 1.000000000000000000 ) ) ;
#4820 = VERTEX_POINT ( 'NONE', #4251 ) ;
#4821 = CARTESIAN_POINT ( 'NONE',  ( -11.95141709519055873, -5.382481851295160880, 12.45794518394850670 ) ) ;
#4822 = CIRCLE ( 'NONE', #3164, 0.1999999999999996780 ) ;
#4823 = VECTOR ( 'NONE', #1735, 1000.000000000000000 ) ;
#4824 = CARTESIAN_POINT ( 'NONE',  ( 10.43286121233073160, -7.752884324893908996, 15.75723860756911954 ) ) ;
#4825 = VERTEX_POINT ( 'NONE', #420 ) ;
#4826 = CARTESIAN_POINT ( 'NONE',  ( 10.30047006499013840, -5.285788363932547362, -23.73007844137090672 ) ) ;
#4827 = VECTOR ( 'NONE', #2022, 1000.000000000000114 ) ;
#4828 = EDGE_CURVE ( 'NONE', #771, #767, #3128, .T. ) ;
#4829 = CARTESIAN_POINT ( 'NONE',  ( -12.14999999999999858, 17.00105930301486623, -23.80000000000000071 ) ) ;
#4830 = DIRECTION ( 'NONE',  ( 0.000000000000000000, -1.000000000000000000, 0.000000000000000000 ) ) ;
#4831 = VECTOR ( 'NONE', #2398, 1000.000000000000000 ) ;
#4832 = ORIENTED_EDGE ( 'NONE', *, *, #2320, .F. ) ;
#4833 = EDGE_CURVE ( 'NONE', #1988, #2401, #134, .T. ) ;
#4834 = CARTESIAN_POINT ( 'NONE',  ( 12.02573593128807339, -5.200000000000010836, 2.624264068711929632 ) ) ;
#4835 = CARTESIAN_POINT ( 'NONE',  ( 7.663193361865675790, -12.50000000000001066, 16.65253005116991503 ) ) ;
#4836 = VECTOR ( 'NONE', #4482, 1000.000000000000000 ) ;
#4837 = AXIS2_PLACEMENT_3D ( 'NONE', #1732, #687, #2904 ) ;
#4838 = CARTESIAN_POINT ( 'NONE',  ( -11.93480580525836565, -9.353553390593335237, 16.86411994630513078 ) ) ;
#4839 = CARTESIAN_POINT ( 'NONE',  ( 10.46547005383791706, -5.400000000000011013, -23.50000000000000000 ) ) ;
#4840 = CARTESIAN_POINT ( 'NONE',  ( 10.47851538718935061, -5.200000000000010836, -21.92079602225466317 ) ) ;
#4841 = ADVANCED_FACE ( 'NONE', ( #916 ), #3105, .T. ) ;
#4842 = ORIENTED_EDGE ( 'NONE', *, *, #3445, .F. ) ;
#4843 = AXIS2_PLACEMENT_3D ( 'NONE', #1272, #4577, #1208 ) ;
#4844 =( BOUNDED_SURFACE ( )  B_SPLINE_SURFACE ( 3, 2, ( 
 ( #2817, #2399, #4276 ),
 ( #3491, #1641, #3085 ),
 ( #3932, #1695, #4600 ),
 ( #577, #4252, #2718 ) ),
 .UNSPECIFIED., .F., .F., .T. ) 
 B_SPLINE_SURFACE_WITH_KNOTS ( ( 4, 4 ),
 ( 3, 3 ),
 ( 1.230561682221039232, 1.324083583296534750 ),
 ( 0.000000000000000000, 1.000000000000000000 ),
 .UNSPECIFIED. ) 
 GEOMETRIC_REPRESENTATION_ITEM ( )  RATIONAL_B_SPLINE_SURFACE ( (
 ( 1.000000000000000000, 0.8126232263126070832, 1.000000000000000000),
 ( 1.000000000000000000, 0.8049575221825119309, 1.000000000000000000),
 ( 1.000000000000000000, 0.7970360810349685909, 1.000000000000000000),
 ( 1.000000000000000000, 0.7888692658683976733, 1.000000000000000000) ) ) 
 REPRESENTATION_ITEM ( '' )  SURFACE ( )  );
#4845 = EDGE_LOOP ( 'NONE', ( #1152, #3004, #3702, #2009 ) ) ;
#4846 = DIRECTION ( 'NONE',  ( -0.000000000000000000, -0.000000000000000000, -1.000000000000000000 ) ) ;
#4847 = CARTESIAN_POINT ( 'NONE',  ( 10.40959524394314961, -8.090568190901388235, 15.68400788049765637 ) ) ;
#4848 = ORIENTED_EDGE ( 'NONE', *, *, #4486, .F. ) ;
#4849 = EDGE_CURVE ( 'NONE', #4622, #125, #1221, .T. ) ;
#4850 = VERTEX_POINT ( 'NONE', #1321 ) ;
#4851 = ADVANCED_FACE ( 'NONE', ( #3565 ), #176, .T. ) ;
#4852 = ORIENTED_EDGE ( 'NONE', *, *, #3587, .T. ) ;
#4853 = LINE ( 'NONE', #2961, #3668 ) ;
#4854 = CARTESIAN_POINT ( 'NONE',  ( 9.832275401830901984, -8.937075689673417145, 17.24933239036518628 ) ) ;
#4855 = CARTESIAN_POINT ( 'NONE',  ( -10.22576593954803492, -12.50000000000001243, -21.99999999999999645 ) ) ;
#4856 = CARTESIAN_POINT ( 'NONE',  ( 9.248931386508584040, -9.607106781186605104, 17.77124589387998554 ) ) ;
#4857 = ORIENTED_EDGE ( 'NONE', *, *, #23, .T. ) ;
#4858 = CARTESIAN_POINT ( 'NONE',  ( 10.29226497308102850, -5.300000000000011369, -23.50000000000000000 ) ) ;
#4859 = CARTESIAN_POINT ( 'NONE',  ( -10.44155542266410741, -5.324264068711939579, -23.80000000000000071 ) ) ;
#4860 = DIRECTION ( 'NONE',  ( 0.000000000000000000, 0.000000000000000000, -1.000000000000000000 ) ) ;
#4861 = CARTESIAN_POINT ( 'NONE',  ( -14.14999999999999858, -6.950000000000011724, 3.449999999999985967 ) ) ;
#4862 = CARTESIAN_POINT ( 'NONE',  ( 10.34999999999999787, -12.49999999999999645, -21.70004569145308437 ) ) ;
#4863 = CARTESIAN_POINT ( 'NONE',  ( 13.89999999999999680, -5.999999999999996447, -22.78963702891815757 ) ) ;
#4864 = ADVANCED_FACE ( 'NONE', ( #600 ), #2814, .T. ) ;
ENDSEC;
END-ISO-10303-21;
