ISO-10303-21;
HEADER;
FILE_DESCRIPTION (( 'STEP AP214' ),
    '1' );
FILE_NAME ('260810_1958_21-001_C_DIY_Wallmount.STEP',
    '2026-08-10T10:17:22',
    ( '' ),
    ( '' ),
    'SwSTEP 2.0',
    'SolidWorks 2024',
    '' );
FILE_SCHEMA (( 'AUTOMOTIVE_DESIGN' ));
ENDSEC;

DATA;
#1 = VERTEX_POINT ( 'NONE', #2020 ) ;
#2 = CIRCLE ( 'NONE', #3456, 0.3000000000000016542 ) ;
#3 = CARTESIAN_POINT ( 'NONE',  ( 13.84999999999999787, -5.500000000000010658, 10.62472232502674885 ) ) ;
#4 = CARTESIAN_POINT ( 'NONE',  ( -12.15000000000000036, -8.256661700922391489, 15.24156588959338698 ) ) ;
#5 = ORIENTED_EDGE ( 'NONE', *, *, #4234, .T. ) ;
#6 = AXIS2_PLACEMENT_3D ( 'NONE', #1887, #3376, #4215 ) ;
#7 = LINE ( 'NONE', #340, #4479 ) ;
#8 = CIRCLE ( 'NONE', #2873, 0.2000000000000005107 ) ;
#9 = EDGE_LOOP ( 'NONE', ( #2916, #2866, #4476, #2720 ) ) ;
#10 = ORIENTED_EDGE ( 'NONE', *, *, #470, .F. ) ;
#11 = VECTOR ( 'NONE', #1458, 999.9999999999998863 ) ;
#12 = CARTESIAN_POINT ( 'NONE',  ( -14.14999999999999858, -6.249999999999997335, -22.35662432702594060 ) ) ;
#13 = ADVANCED_FACE ( 'NONE', ( #2374 ), #3791, .T. ) ;
#14 = ORIENTED_EDGE ( 'NONE', *, *, #2060, .T. ) ;
#15 = LINE ( 'NONE', #4293, #615 ) ;
#16 = VECTOR ( 'NONE', #2489, 1000.000000000000000 ) ;
#17 = PLANE ( 'NONE',  #3773 ) ;
#18 = ORIENTED_EDGE ( 'NONE', *, *, #3132, .F. ) ;
#19 = EDGE_CURVE ( 'NONE', #4110, #2244, #3421, .T. ) ;
#20 = EDGE_CURVE ( 'NONE', #1636, #2533, #3467, .T. ) ;
#21 = CARTESIAN_POINT ( 'NONE',  ( -8.361356517603372396, -11.64098017837513588, 18.31727312357251236 ) ) ;
#22 = CARTESIAN_POINT ( 'NONE',  ( 7.566791966791754476, -12.52065772155058632, 18.27729045104729977 ) ) ;
#23 = AXIS2_PLACEMENT_3D ( 'NONE', #651, #3829, #1099 ) ;
#24 =( BOUNDED_SURFACE ( )  B_SPLINE_SURFACE ( 3, 2, ( 
 ( #2435, #626, #3126 ),
 ( #4481, #1335, #3806 ),
 ( #4567, #1741, #3151 ),
 ( #1073, #1381, #2014 ),
 ( #2456, #3083, #1677 ),
 ( #2725, #4160, #4206 ) ),
 .UNSPECIFIED., .F., .F., .F. ) 
 B_SPLINE_SURFACE_WITH_KNOTS ( ( 4, 2, 4 ),
 ( 3, 3 ),
 ( 4.712388980384689674, 5.497787143782137953, 6.283185307179586232 ),
 ( 0.000000000000000000, 1.000000000000000000 ),
 .UNSPECIFIED. ) 
 GEOMETRIC_REPRESENTATION_ITEM ( )  RATIONAL_B_SPLINE_SURFACE ( (
 ( 1.000000000000000000, 0.7071067811865475727, 1.000000000000000000),
 ( 1.000000000000000000, 0.7535973930383442765, 1.000000000000000000),
 ( 1.000000000000000000, 0.7945364764275876235, 1.000000000000000000),
 ( 1.000000000000000000, 0.8507922995884850126, 1.000000000000000000),
 ( 1.000000000000000000, 0.8661752037898938772, 1.000000000000000000),
 ( 1.000000000000000000, 0.8660254037844385966, 1.000000000000000000) ) ) 
 REPRESENTATION_ITEM ( '' )  SURFACE ( )  );
#25 = CARTESIAN_POINT ( 'NONE',  ( -10.29226497308102850, -5.300000000000011369, -23.50000000000000000 ) ) ;
#26 = CARTESIAN_POINT ( 'NONE',  ( -12.15000000000000036, -9.565685424949297300, 16.66967721593322338 ) ) ;
#27 = CARTESIAN_POINT ( 'NONE',  ( -13.74999999999999645, -5.500000000000010658, 10.79792740578363563 ) ) ;
#28 = LINE ( 'NONE', #1789, #3627 ) ;
#29 = AXIS2_PLACEMENT_3D ( 'NONE', #57, #3872, #1754 ) ;
#30 = ORIENTED_EDGE ( 'NONE', *, *, #3360, .F. ) ;
#31 = VECTOR ( 'NONE', #3828, 1000.000000000000000 ) ;
#32 = DIRECTION ( 'NONE',  ( 0.000000000000000000, 1.000000000000000000, 0.000000000000000000 ) ) ;
#33 = ORIENTED_EDGE ( 'NONE', *, *, #794, .F. ) ;
#34 = FACE_OUTER_BOUND ( 'NONE', #2121, .T. ) ;
#35 = VECTOR ( 'NONE', #1807, 1000.000000000000000 ) ;
#36 = ORIENTED_EDGE ( 'NONE', *, *, #4342, .F. ) ;
#37 = LINE ( 'NONE', #310, #501 ) ;
#38 = VERTEX_POINT ( 'NONE', #2782 ) ;
#39 = LINE ( 'NONE', #1112, #478 ) ;
#40 = DIRECTION ( 'NONE',  ( 0.4999999999999981126, 0.8660254037844397068, 0.000000000000000000 ) ) ;
#41 = ORIENTED_EDGE ( 'NONE', *, *, #4405, .T. ) ;
#42 = FACE_OUTER_BOUND ( 'NONE', #3607, .T. ) ;
#43 = CARTESIAN_POINT ( 'NONE',  ( 9.485372282482030570, -9.707106781186583433, 17.96098579920803218 ) ) ;
#44 = ADVANCED_FACE ( 'NONE', ( #280 ), #3140, .F. ) ;
#45 = ORIENTED_EDGE ( 'NONE', *, *, #3033, .T. ) ;
#46 = CARTESIAN_POINT ( 'NONE',  ( -14.14999999999999680, -5.500000000000011546, -14.08867513459481202 ) ) ;
#47 = CARTESIAN_POINT ( 'NONE',  ( 11.96969696969697061, -9.707106781186604749, 17.00865962662715347 ) ) ;
#48 = DIRECTION ( 'NONE',  ( -0.000000000000000000, -0.000000000000000000, 1.000000000000000000 ) ) ;
#49 = VERTEX_POINT ( 'NONE', #1011 ) ;
#50 = EDGE_CURVE ( 'NONE', #2347, #2690, #1485, .T. ) ;
#51 = CARTESIAN_POINT ( 'NONE',  ( -13.64999999999999858, -5.200000000000010836, 3.000000000000001332 ) ) ;
#52 = ORIENTED_EDGE ( 'NONE', *, *, #2424, .T. ) ;
#53 = DIRECTION ( 'NONE',  ( 4.259132699590121732E-17, 0.000000000000000000, 1.000000000000000000 ) ) ;
#54 = VERTEX_POINT ( 'NONE', #1056 ) ;
#55 = UNCERTAINTY_MEASURE_WITH_UNIT (LENGTH_MEASURE( 1.000000000000000082E-05 ), #3007, 'distance_accuracy_value', 'NONE');
#56 = ORIENTED_EDGE ( 'NONE', *, *, #1344, .F. ) ;
#57 = CARTESIAN_POINT ( 'NONE',  ( 10.46547005383791706, -5.400000000000011013, -18.80000000000000071 ) ) ;
#58 = FACE_OUTER_BOUND ( 'NONE', #3099, .T. ) ;
#59 = ORIENTED_EDGE ( 'NONE', *, *, #4528, .F. ) ;
#60 = CARTESIAN_POINT ( 'NONE',  ( 2.588075286112623719, -5.500000000000010658, -4.482677889360415335 ) ) ;
#61 = CARTESIAN_POINT ( 'NONE',  ( -12.14999999999999858, -18.33257888130140856, 2.500000000000002220 ) ) ;
#62 = ORIENTED_EDGE ( 'NONE', *, *, #3080, .T. ) ;
#63 = FACE_OUTER_BOUND ( 'NONE', #2750, .T. ) ;
#64 = CARTESIAN_POINT ( 'NONE',  ( -12.14999999999999858, -6.950000000000011724, -23.80000000000000071 ) ) ;
#65 = DIRECTION ( 'NONE',  ( -0.000000000000000000, -1.000000000000000000, -0.000000000000000000 ) ) ;
#66 = DIRECTION ( 'NONE',  ( 1.000000000000000000, 0.000000000000000000, 0.000000000000000000 ) ) ;
#67 = EDGE_CURVE ( 'NONE', #2626, #3285, #4067, .T. ) ;
#68 = CARTESIAN_POINT ( 'NONE',  ( -10.42289236105251682, -5.421240181519899615, -23.79999999999999716 ) ) ;
#69 = ADVANCED_FACE ( 'NONE', ( #306 ), #2664, .T. ) ;
#70 = EDGE_LOOP ( 'NONE', ( #3525, #2983, #3540, #3326 ) ) ;
#71 = CARTESIAN_POINT ( 'NONE',  ( 0.000000000000000000, -8.253445652082858075, -10.49999999999999822 ) ) ;
#72 = ORIENTED_EDGE ( 'NONE', *, *, #958, .T. ) ;
#73 = CARTESIAN_POINT ( 'NONE',  ( -10.46547005383791529, -5.400000000000011013, -23.50000000000000000 ) ) ;
#74 = ADVANCED_FACE ( 'NONE', ( #989 ), #2218, .T. ) ;
#75 = AXIS2_PLACEMENT_3D ( 'NONE', #267, #642, #2029 ) ;
#76 = ORIENTED_EDGE ( 'NONE', *, *, #3820, .T. ) ;
#77 = AXIS2_PLACEMENT_3D ( 'NONE', #1641, #1679, #255 ) ;
#78 = ORIENTED_EDGE ( 'NONE', *, *, #2123, .F. ) ;
#79 = CARTESIAN_POINT ( 'NONE',  ( 10.43000642219119634, -7.916435142451968332, 15.58189717902247473 ) ) ;
#80 = AXIS2_PLACEMENT_3D ( 'NONE', #3561, #3533, #448 ) ;
#81 = AXIS2_PLACEMENT_3D ( 'NONE', #3924, #3593, #2541 ) ;
#82 = DIRECTION ( 'NONE',  ( -0.9328340849462819495, -0.000000000000000000, -0.3603062169355853994 ) ) ;
#83 = AXIS2_PLACEMENT_3D ( 'NONE', #2391, #1744, #354 ) ;
#84 = ORIENTED_EDGE ( 'NONE', *, *, #1288, .T. ) ;
#85 = DIRECTION ( 'NONE',  ( 0.8660254037844382635, 0.000000000000000000, -0.5000000000000006661 ) ) ;
#86 = DIRECTION ( 'NONE',  ( -0.1284668894941889683, -0.6239297338944557181, 0.7708488473534107488 ) ) ;
#87 = EDGE_CURVE ( 'NONE', #3130, #1163, #3919, .T. ) ;
#88 = VERTEX_POINT ( 'NONE', #121 ) ;
#89 = CARTESIAN_POINT ( 'NONE',  ( 10.20394472294225174, -5.452975160577568481, -22.28901896550644679 ) ) ;
#90 = CYLINDRICAL_SURFACE ( 'NONE', #624, 27.00000000000000000 ) ;
#91 = VERTEX_POINT ( 'NONE', #3261 ) ;
#92 = DIRECTION ( 'NONE',  ( 4.259132699590121732E-17, 0.000000000000000000, -1.000000000000000000 ) ) ;
#93 = CARTESIAN_POINT ( 'NONE',  ( 10.71875477931938470, -5.972273309856019452, 13.70574473694266260 ) ) ;
#94 = LINE ( 'NONE', #2166, #4146 ) ;
#95 = ORIENTED_EDGE ( 'NONE', *, *, #3377, .T. ) ;
#96 = CARTESIAN_POINT ( 'NONE',  ( -13.64999999999999680, -6.950000000000011724, 10.62472232502674885 ) ) ;
#97 = CARTESIAN_POINT ( 'NONE',  ( 0.000000000000000000, -9.707106781186602973, -10.49999999999999822 ) ) ;
#98 = CIRCLE ( 'NONE', #3108, 27.00000000000000000 ) ;
#99 = EDGE_LOOP ( 'NONE', ( #865, #1840, #840, #3911 ) ) ;
#100 = CARTESIAN_POINT ( 'NONE',  ( -10.05013702566405520, -12.49476746655797577, -22.00009133421097118 ) ) ;
#101 = ORIENTED_EDGE ( 'NONE', *, *, #3451, .F. ) ;
#102 = VECTOR ( 'NONE', #1923, 1000.000000000000114 ) ;
#103 = EDGE_CURVE ( 'NONE', #2510, #4411, #8, .T. ) ;
#104 = B_SPLINE_CURVE_WITH_KNOTS ( 'NONE', 3,
 ( #4281, #1481, #4350, #2188 ),
 .UNSPECIFIED., .F., .F.,
 ( 4, 4 ),
 ( 0.000000000000000000, 0.004951059857369840764 ),
 .UNSPECIFIED. ) ;
#105 = VERTEX_POINT ( 'NONE', #427 ) ;
#106 = CARTESIAN_POINT ( 'NONE',  ( -8.719528903442164136, -10.52405877951418312, 18.21158794356973232 ) ) ;
#107 = AXIS2_PLACEMENT_3D ( 'NONE', #1005, #2063, #3413 ) ;
#108 = DIRECTION ( 'NONE',  ( 0.000000000000000000, 0.000000000000000000, 1.000000000000000000 ) ) ;
#109 = EDGE_CURVE ( 'NONE', #1150, #1675, #907, .T. ) ;
#110 = ORIENTED_EDGE ( 'NONE', *, *, #3721, .T. ) ;
#111 = DIRECTION ( 'NONE',  ( -0.4010233817317994665, -5.297081165312301620E-15, 0.9160678180704698859 ) ) ;
#112 = CARTESIAN_POINT ( 'NONE',  ( -12.18879495137010771, -5.500119589279311327, 12.16362577219638297 ) ) ;
#113 = VERTEX_POINT ( 'NONE', #4335 ) ;
#114 = CARTESIAN_POINT ( 'NONE',  ( -13.64999999999999858, -18.33257888130140856, 2.500000000000001332 ) ) ;
#115 = VERTEX_POINT ( 'NONE', #3938 ) ;
#116 = CARTESIAN_POINT ( 'NONE',  ( 9.396404698188774773, -9.351675512595900130, 17.87410318431869527 ) ) ;
#117 = CARTESIAN_POINT ( 'NONE',  ( 12.14999999999999858, -6.950000000000011724, -23.80000000000000071 ) ) ;
#118 = DIRECTION ( 'NONE',  ( 1.000000000000000000, 0.000000000000000000, -0.000000000000000000 ) ) ;
#119 = ORIENTED_EDGE ( 'NONE', *, *, #4059, .F. ) ;
#120 = FACE_OUTER_BOUND ( 'NONE', #3382, .T. ) ;
#121 = CARTESIAN_POINT ( 'NONE',  ( 14.14999999999999680, -6.950000000000011724, 10.62472232502674885 ) ) ;
#122 = ORIENTED_EDGE ( 'NONE', *, *, #2889, .F. ) ;
#123 = EDGE_LOOP ( 'NONE', ( #1520, #2125, #129, #1238 ) ) ;
#124 = CARTESIAN_POINT ( 'NONE',  ( 13.89999999999999680, -5.999999999999996447, -22.78963702891815757 ) ) ;
#125 = CARTESIAN_POINT ( 'NONE',  ( -8.425997353063412021, -11.03247033839122437, 16.60599164073046197 ) ) ;
#126 = EDGE_CURVE ( 'NONE', #2533, #1784, #779, .T. ) ;
#127 = EDGE_CURVE ( 'NONE', #2582, #1606, #3282, .T. ) ;
#128 = DIRECTION ( 'NONE',  ( 1.000000000000000000, 0.000000000000000000, -2.061858463601979147E-16 ) ) ;
#129 = ORIENTED_EDGE ( 'NONE', *, *, #1670, .T. ) ;
#130 = CARTESIAN_POINT ( 'NONE',  ( -13.64999999999999680, -5.500000000000011546, 10.62472232502674885 ) ) ;
#131 = EDGE_CURVE ( 'NONE', #3752, #1078, #4447, .T. ) ;
#132 = CARTESIAN_POINT ( 'NONE',  ( -12.15000000000000036, -9.707106781186599420, 16.93020532660898425 ) ) ;
#133 = ORIENTED_EDGE ( 'NONE', *, *, #1946, .T. ) ;
#134 = CARTESIAN_POINT ( 'NONE',  ( -13.64999999999999858, -6.000000000000023981, 2.500000000000001332 ) ) ;
#135 = ORIENTED_EDGE ( 'NONE', *, *, #2735, .F. ) ;
#136 = CARTESIAN_POINT ( 'NONE',  ( -7.862072633119802312, -12.50000000000001066, 18.45147343247918670 ) ) ;
#137 = CYLINDRICAL_SURFACE ( 'NONE', #4360, 0.2999999999999999334 ) ;
#138 = CARTESIAN_POINT ( 'NONE',  ( 10.15148502156094246, -8.043838028719944688, 16.17805054074122495 ) ) ;
#139 = ORIENTED_EDGE ( 'NONE', *, *, #3428, .F. ) ;
#140 = EDGE_CURVE ( 'NONE', #1311, #4033, #833, .T. ) ;
#141 = DIRECTION ( 'NONE',  ( -0.000000000000000000, 1.000000000000000000, -0.000000000000000000 ) ) ;
#142 = DIRECTION ( 'NONE',  ( 0.000000000000000000, 1.000000000000000000, 0.000000000000000000 ) ) ;
#143 = VERTEX_POINT ( 'NONE', #1815 ) ;
#144 = ORIENTED_EDGE ( 'NONE', *, *, #2038, .T. ) ;
#145 = CARTESIAN_POINT ( 'NONE',  ( -11.91714574554355011, -5.200000000000010836, 12.03595442721022302 ) ) ;
#146 = LINE ( 'NONE', #1225, #245 ) ;
#147 = AXIS2_PLACEMENT_3D ( 'NONE', #3012, #886, #3036 ) ;
#148 = CIRCLE ( 'NONE', #681, 0.3000000000000007661 ) ;
#149 = CARTESIAN_POINT ( 'NONE',  ( -12.16636245199883604, -5.519045802410571078, 12.22990815648550011 ) ) ;
#150 = CARTESIAN_POINT ( 'NONE',  ( -10.22576593954803492, -12.50000000000001243, -21.99999999999999645 ) ) ;
#151 = TOROIDAL_SURFACE ( 'NONE', #828, 0.2000000000000000389, 0.2999999999999999889 ) ;
#152 = CIRCLE ( 'NONE', #2874, 0.2000000000000005107 ) ;
#153 = ORIENTED_EDGE ( 'NONE', *, *, #3536, .F. ) ;
#154 = EDGE_CURVE ( 'NONE', #920, #1109, #2215, .T. ) ;
#155 = ORIENTED_EDGE ( 'NONE', *, *, #557, .F. ) ;
#156 = ADVANCED_FACE ( 'NONE', ( #2555 ), #475, .F. ) ;
#157 = VECTOR ( 'NONE', #2083, 1000.000000000000000 ) ;
#158 = CARTESIAN_POINT ( 'NONE',  ( -10.47401189857418657, -5.395363088927481066, -21.92263600064513085 ) ) ;
#159 = ORIENTED_EDGE ( 'NONE', *, *, #711, .F. ) ;
#160 = DIRECTION ( 'NONE',  ( 0.8660254037844382635, 0.000000000000000000, 0.5000000000000006661 ) ) ;
#161 = CARTESIAN_POINT ( 'NONE',  ( 7.618528057263068476, -12.50000000000001066, 18.39989116269257963 ) ) ;
#162 = CARTESIAN_POINT ( 'NONE',  ( 10.08618780039558871, -8.156936133371397446, 16.06160488095762062 ) ) ;
#163 = ORIENTED_EDGE ( 'NONE', *, *, #4420, .T. ) ;
#164 = EDGE_CURVE ( 'NONE', #2212, #4043, #405, .T. ) ;
#165 = VERTEX_POINT ( 'NONE', #1443 ) ;
#166 = B_SPLINE_CURVE_WITH_KNOTS ( 'NONE', 3,
 ( #942, #3741, #1639, #1902 ),
 .UNSPECIFIED., .F., .F.,
 ( 4, 4 ),
 ( 4.336808689942017736E-18, 0.0004025652821168017813 ),
 .UNSPECIFIED. ) ;
#167 = CYLINDRICAL_SURFACE ( 'NONE', #176, 0.2999999999999998779 ) ;
#168 = CARTESIAN_POINT ( 'NONE',  ( -11.96969696969697239, -12.50000000000001066, 17.00865962662715347 ) ) ;
#169 = EDGE_LOOP ( 'NONE', ( #444, #377, #2184, #2969 ) ) ;
#170 = AXIS2_PLACEMENT_3D ( 'NONE', #2035, #2752, #3503 ) ;
#171 = CARTESIAN_POINT ( 'NONE',  ( -10.67590860290280297, -7.882434003312342341, 15.79806664869281718 ) ) ;
#172 =( BOUNDED_CURVE ( )  B_SPLINE_CURVE ( 3, ( #2162, #4506, #3486, #418 ),
 .UNSPECIFIED., .F., .F. ) 
 B_SPLINE_CURVE_WITH_KNOTS ( ( 4, 4 ),
 ( 6.120150512585322389, 7.068431177329457249 ),
 .UNSPECIFIED. ) 
 CURVE ( )  GEOMETRIC_REPRESENTATION_ITEM ( )  RATIONAL_B_SPLINE_CURVE ( ( 1.000000000000000000, 0.9264570346843392645, 0.9264570346843392645, 1.000000000000000000 ) ) 
 REPRESENTATION_ITEM ( '' )  );
#173 = EDGE_LOOP ( 'NONE', ( #4053, #416, #3319, #4401 ) ) ;
#174 = CARTESIAN_POINT ( 'NONE',  ( 12.15000000000000036, -5.632392608333171680, 12.33013802409565862 ) ) ;
#175 = VECTOR ( 'NONE', #3443, 1000.000000000000000 ) ;
#176 = AXIS2_PLACEMENT_3D ( 'NONE', #3001, #188, #4119 ) ;
#177 = DIRECTION ( 'NONE',  ( 0.000000000000000000, -0.9998476951563911586, 0.01745240643728354635 ) ) ;
#178 = CARTESIAN_POINT ( 'NONE',  ( -10.35000000000000320, -12.50000000000001243, -21.87576593954803883 ) ) ;
#179 = ORIENTED_EDGE ( 'NONE', *, *, #606, .T. ) ;
#180 = DIRECTION ( 'NONE',  ( -1.000000000000000000, 0.000000000000000000, 0.000000000000000000 ) ) ;
#181 = ORIENTED_EDGE ( 'NONE', *, *, #3235, .F. ) ;
#182 = LINE ( 'NONE', #3315, #851 ) ;
#183 = DIRECTION ( 'NONE',  ( -6.505213034913030548E-16, 0.000000000000000000, 1.000000000000000000 ) ) ;
#184 = DIRECTION ( 'NONE',  ( 1.462565176765435959E-18, 0.01745240643728354982, 0.9998476951563912696 ) ) ;
#185 = ADVANCED_FACE ( 'NONE', ( #1494 ), #3983, .F. ) ;
#186 = EDGE_LOOP ( 'NONE', ( #1922, #933, #2078, #3349 ) ) ;
#187 = ORIENTED_EDGE ( 'NONE', *, *, #4528, .T. ) ;
#188 = DIRECTION ( 'NONE',  ( 0.8660254037844382635, 0.000000000000000000, -0.5000000000000006661 ) ) ;
#189 = CARTESIAN_POINT ( 'NONE',  ( -10.34999999999999964, -5.500000000000010658, -23.80000000000000071 ) ) ;
#190 = ADVANCED_FACE ( 'NONE', ( #34 ), #801, .T. ) ;
#191 = VERTEX_POINT ( 'NONE', #4288 ) ;
#192 = VERTEX_POINT ( 'NONE', #1128 ) ;
#193 = CARTESIAN_POINT ( 'NONE',  ( -10.46547005383791529, -5.200000000000010836, -23.50000000000000000 ) ) ;
#194 = CARTESIAN_POINT ( 'NONE',  ( -11.91999809884069528, -5.200000000000010836, 12.17638576155986030 ) ) ;
#195 = EDGE_CURVE ( 'NONE', #1675, #2904, #3620, .T. ) ;
#196 = CARTESIAN_POINT ( 'NONE',  ( -12.40000000000000036, -18.33257888130140856, -12.78963702891815402 ) ) ;
#197 = APPLICATION_CONTEXT ( 'automotive_design' ) ;
#198 =( BOUNDED_CURVE ( )  B_SPLINE_CURVE ( 3, ( #3927, #3179, #1433, #25 ),
 .UNSPECIFIED., .F., .F. ) 
 B_SPLINE_CURVE_WITH_KNOTS ( ( 4, 4 ),
 ( 1.570796326794896558, 3.141592653589793116 ),
 .UNSPECIFIED. ) 
 CURVE ( )  GEOMETRIC_REPRESENTATION_ITEM ( )  RATIONAL_B_SPLINE_CURVE ( ( 1.000000000000000000, 0.8047378541243649375, 0.8047378541243649375, 1.000000000000000000 ) ) 
 REPRESENTATION_ITEM ( '' )  );
#199 = CARTESIAN_POINT ( 'NONE',  ( 12.15000000000000036, -6.000000000000023981, 2.500000000000002220 ) ) ;
#200 = DIRECTION ( 'NONE',  ( 0.000000000000000000, 0.000000000000000000, 1.000000000000000000 ) ) ;
#201 = DIRECTION ( 'NONE',  ( -0.000000000000000000, -1.000000000000000000, -0.000000000000000000 ) ) ;
#202 = ORIENTED_EDGE ( 'NONE', *, *, #2998, .T. ) ;
#203 = CARTESIAN_POINT ( 'NONE',  ( 7.862072633119802312, -12.50000000000001066, 18.45147343247918670 ) ) ;
#204 = CARTESIAN_POINT ( 'NONE',  ( 10.35627968409142241, -8.115514777132744939, 16.17574098436956831 ) ) ;
#205 = ORIENTED_EDGE ( 'NONE', *, *, #2272, .F. ) ;
#206 = ADVANCED_FACE ( 'NONE', ( #2507 ), #1153, .T. ) ;
#207 = ADVANCED_FACE ( 'NONE', ( #1553 ), #3655, .T. ) ;
#208 = ORIENTED_EDGE ( 'NONE', *, *, #1110, .T. ) ;
#209 = DIRECTION ( 'NONE',  ( -0.8660254037844385966, 0.5000000000000001110, 0.000000000000000000 ) ) ;
#210 = FACE_OUTER_BOUND ( 'NONE', #1711, .T. ) ;
#211 = ORIENTED_EDGE ( 'NONE', *, *, #4557, .F. ) ;
#212 = CARTESIAN_POINT ( 'NONE',  ( 10.44155542266410741, -5.324264068711939579, -23.80000000000000071 ) ) ;
#213 = VECTOR ( 'NONE', #3812, 1000.000000000000000 ) ;
#214 = CARTESIAN_POINT ( 'NONE',  ( -12.15000000000000036, -5.670226432448636444, 12.35677313259561672 ) ) ;
#215 = EDGE_CURVE ( 'NONE', #2602, #3734, #3321, .T. ) ;
#216 = ORIENTED_EDGE ( 'NONE', *, *, #1394, .F. ) ;
#217 = CARTESIAN_POINT ( 'NONE',  ( -7.862072633119802312, -12.50000000000001066, 18.45147343247918670 ) ) ;
#218 = DIRECTION ( 'NONE',  ( 1.000000000000000000, 0.000000000000000000, 0.000000000000000000 ) ) ;
#219 = CARTESIAN_POINT ( 'NONE',  ( 12.15000000000000213, -9.400304317291473311, 16.82126749423582268 ) ) ;
#220 = CARTESIAN_POINT ( 'NONE',  ( 10.44390727357292548, -7.120055900157765905, 14.68621302207080959 ) ) ;
#221 = AXIS2_PLACEMENT_3D ( 'NONE', #3145, #1672, #3100 ) ;
#222 = ORIENTED_EDGE ( 'NONE', *, *, #2835, .T. ) ;
#223 = DIRECTION ( 'NONE',  ( 1.000000000000000000, 0.000000000000000000, 0.000000000000000000 ) ) ;
#224 = ORIENTED_EDGE ( 'NONE', *, *, #729, .T. ) ;
#225 = AXIS2_PLACEMENT_3D ( 'NONE', #1223, #1977, #2652 ) ;
#226 = CARTESIAN_POINT ( 'NONE',  ( 7.250000000000000888, -14.50000000000001066, 0.000000000000000000 ) ) ;
#227 = CARTESIAN_POINT ( 'NONE',  ( -10.35650441110084685, -8.195819462827214963, 15.77263281767670655 ) ) ;
#228 = EDGE_CURVE ( 'NONE', #1369, #3734, #2227, .T. ) ;
#229 = AXIS2_PLACEMENT_3D ( 'NONE', #2171, #3633, #3188 ) ;
#230 = PRODUCT_DEFINITION_FORMATION_WITH_SPECIFIED_SOURCE ( 'ANY', '', #1361, .NOT_KNOWN. ) ;
#231 = AXIS2_PLACEMENT_3D ( 'NONE', #4279, #1806, #1826 ) ;
#232 = AXIS2_PLACEMENT_3D ( 'NONE', #1373, #3798, #949 ) ;
#233 = ORIENTED_EDGE ( 'NONE', *, *, #1946, .F. ) ;
#234 = CARTESIAN_POINT ( 'NONE',  ( 14.14999999999999680, -5.500000000000011546, 10.91339745962156194 ) ) ;
#235 = CARTESIAN_POINT ( 'NONE',  ( 10.09885931493928979, -5.634988426372802728, -22.31811418184329199 ) ) ;
#236 = DIRECTION ( 'NONE',  ( 1.000000000000000000, -0.000000000000000000, 0.000000000000000000 ) ) ;
#237 = VERTEX_POINT ( 'NONE', #3711 ) ;
#238 = DIRECTION ( 'NONE',  ( 2.061858463601975203E-16, 0.000000000000000000, -1.000000000000000000 ) ) ;
#239 = EDGE_LOOP ( 'NONE', ( #2996, #4369, #898, #2763 ) ) ;
#240 = EDGE_CURVE ( 'NONE', #115, #1139, #883, .T. ) ;
#241 = CIRCLE ( 'NONE', #315, 0.2000000000000005107 ) ;
#242 = DIRECTION ( 'NONE',  ( 0.000000000000000000, 1.000000000000000000, 0.000000000000000000 ) ) ;
#243 = EDGE_CURVE ( 'NONE', #2778, #1262, #2647, .T. ) ;
#244 = AXIS2_PLACEMENT_3D ( 'NONE', #519, #2642, #2597 ) ;
#245 = VECTOR ( 'NONE', #1587, 1000.000000000000227 ) ;
#246 = ORIENTED_EDGE ( 'NONE', *, *, #2245, .T. ) ;
#247 = CARTESIAN_POINT ( 'NONE',  ( -10.46547005383791706, -5.200000000000010836, -23.67573593128805953 ) ) ;
#248 = ORIENTED_EDGE ( 'NONE', *, *, #1347, .F. ) ;
#249 = FACE_OUTER_BOUND ( 'NONE', #3832, .T. ) ;
#250 = CARTESIAN_POINT ( 'NONE',  ( 10.20042108866185337, -10.09162973514458272, 15.83560760971758086 ) ) ;
#251 = AXIS2_PLACEMENT_3D ( 'NONE', #1507, #2111, #3224 ) ;
#252 = EDGE_LOOP ( 'NONE', ( #734, #2595, #208, #542 ) ) ;
#253 = CARTESIAN_POINT ( 'NONE',  ( -10.23452994616206624, -5.400000000000011902, -23.60000000000000142 ) ) ;
#254 = CARTESIAN_POINT ( 'NONE',  ( 10.29574524884148623, -5.545760582621501733, -22.10141827076352428 ) ) ;
#255 = DIRECTION ( 'NONE',  ( 0.000000000000000000, 0.000000000000000000, 1.000000000000000000 ) ) ;
#256 = CARTESIAN_POINT ( 'NONE',  ( -12.14999999999999858, 17.00105930301486623, -23.80000000000000071 ) ) ;
#257 = ORIENTED_EDGE ( 'NONE', *, *, #3005, .T. ) ;
#258 = CARTESIAN_POINT ( 'NONE',  ( -9.544610954404632253, -9.494974746830637358, 17.63736291403408885 ) ) ;
#259 = ORIENTED_EDGE ( 'NONE', *, *, #815, .T. ) ;
#260 = FACE_OUTER_BOUND ( 'NONE', #1166, .T. ) ;
#261 = EDGE_CURVE ( 'NONE', #518, #3502, #1610, .T. ) ;
#262 = EDGE_CURVE ( 'NONE', #49, #1053, #320, .T. ) ;
#263 = CARTESIAN_POINT ( 'NONE',  ( -12.14999999999999858, -12.50000000000001066, -23.80000000000000071 ) ) ;
#264 = CARTESIAN_POINT ( 'NONE',  ( 12.15000000000000036, -9.565685424949299076, 16.66967721593322338 ) ) ;
#265 = LINE ( 'NONE', #1960, #2655 ) ;
#266 = VERTEX_POINT ( 'NONE', #4425 ) ;
#267 = CARTESIAN_POINT ( 'NONE',  ( -12.14999999999999858, 17.00105930301486623, -23.80000000000000071 ) ) ;
#268 = ADVANCED_FACE ( 'NONE', ( #3731 ), #1615, .T. ) ;
#269 = CARTESIAN_POINT ( 'NONE',  ( 11.95695033252659378, -9.446315976501475475, 16.95566325862010260 ) ) ;
#270 = CARTESIAN_POINT ( 'NONE',  ( 13.64999999999999858, -5.200000000000010836, -22.35662432702594060 ) ) ;
#271 = AXIS2_PLACEMENT_3D ( 'NONE', #4084, #282, #572 ) ;
#272 = ORIENTED_EDGE ( 'NONE', *, *, #289, .F. ) ;
#273 = CARTESIAN_POINT ( 'NONE',  ( -12.65000000000000036, -5.200000000000010836, -12.35662432702593350 ) ) ;
#274 = CARTESIAN_POINT ( 'NONE',  ( -12.65000000000000036, -5.500000000000011546, -12.35662432702593350 ) ) ;
#275 = CARTESIAN_POINT ( 'NONE',  ( -8.948966594415566078, -10.62999480701864030, 18.13975710676734465 ) ) ;
#276 = CARTESIAN_POINT ( 'NONE',  ( 10.34999999999999787, -12.49999999999999645, -21.70004569145308437 ) ) ;
#277 = ORIENTED_EDGE ( 'NONE', *, *, #2024, .T. ) ;
#278 = CARTESIAN_POINT ( 'NONE',  ( 10.29226497308103028, -5.300000000000010481, -22.23024303063488816 ) ) ;
#279 = CARTESIAN_POINT ( 'NONE',  ( -10.47742197397599284, -5.200000000000010836, -21.82403757902093488 ) ) ;
#280 = FACE_OUTER_BOUND ( 'NONE', #3722, .T. ) ;
#281 = DIRECTION ( 'NONE',  ( -0.8660254037844398178, 0.000000000000000000, 0.4999999999999979461 ) ) ;
#282 = DIRECTION ( 'NONE',  ( 0.000000000000000000, -1.000000000000000000, 0.000000000000000000 ) ) ;
#283 = DIRECTION ( 'NONE',  ( -4.259132699590121732E-17, 0.000000000000000000, 1.000000000000000000 ) ) ;
#284 = CARTESIAN_POINT ( 'NONE',  ( -11.86088354647933762, -5.558578643762704274, 12.22526182972407938 ) ) ;
#285 = DIRECTION ( 'NONE',  ( 0.000000000000000000, 1.000000000000000000, 0.000000000000000000 ) ) ;
#286 = ORIENTED_EDGE ( 'NONE', *, *, #4116, .F. ) ;
#287 = CARTESIAN_POINT ( 'NONE',  ( 11.85000000000000142, -5.200000000000010836, 2.800000000000002043 ) ) ;
#288 = CARTESIAN_POINT ( 'NONE',  ( 12.14999999999999858, -6.950000000000011724, -22.70303448853970352 ) ) ;
#289 = EDGE_CURVE ( 'NONE', #1606, #2612, #1444, .T. ) ;
#290 = ORIENTED_EDGE ( 'NONE', *, *, #1114, .F. ) ;
#291 = ADVANCED_FACE ( 'NONE', ( #1228 ), #1204, .T. ) ;
#292 = VECTOR ( 'NONE', #2832, 1000.000000000000000 ) ;
#293 = LINE ( 'NONE', #1698, #31 ) ;
#294 =( BOUNDED_SURFACE ( )  B_SPLINE_SURFACE ( 3, 2, ( 
 ( #2833, #1832, #1534 ),
 ( #3581, #1169, #3254 ),
 ( #2501, #1123, #468 ),
 ( #1102, #3978, #821 ),
 ( #1765, #2210, #68 ),
 ( #422, #2190, #2931 ) ),
 .UNSPECIFIED., .F., .F., .T. ) 
 B_SPLINE_SURFACE_WITH_KNOTS ( ( 4, 2, 4 ),
 ( 3, 3 ),
 ( 3.141592653589793116, 3.926990816987241395, 4.712388980384689674 ),
 ( 0.000000000000000000, 1.000000000000000000 ),
 .UNSPECIFIED. ) 
 GEOMETRIC_REPRESENTATION_ITEM ( )  RATIONAL_B_SPLINE_SURFACE ( (
 ( 1.000000000000000000, 0.8660254037844385966, 1.000000000000000000),
 ( 1.000000000000000000, 0.8661752037898888812, 1.000000000000000000),
 ( 1.000000000000000000, 0.8507922995884910078, 1.000000000000000000),
 ( 1.000000000000000000, 0.7945364764275869573, 1.000000000000000000),
 ( 1.000000000000000000, 0.7535973930383448316, 1.000000000000000000),
 ( 1.000000000000000000, 0.7071067811865475727, 1.000000000000000000) ) ) 
 REPRESENTATION_ITEM ( '' )  SURFACE ( )  );
#295 = LINE ( 'NONE', #2457, #474 ) ;
#296 = CARTESIAN_POINT ( 'NONE',  ( 10.35627968409142241, -8.115514777132744939, 16.17574098436956831 ) ) ;
#297 = CARTESIAN_POINT ( 'NONE',  ( 13.64999999999999858, -5.500000000000011546, -22.35662432702594060 ) ) ;
#298 = CIRCLE ( 'NONE', #3464, 0.2000000000000011768 ) ;
#299 = CIRCLE ( 'NONE', #2877, 0.2000000000000000111 ) ;
#300 = ORIENTED_EDGE ( 'NONE', *, *, #3497, .T. ) ;
#301 = ADVANCED_FACE ( 'NONE', ( #2381 ), #1690, .F. ) ;
#302 = CARTESIAN_POINT ( 'NONE',  ( -7.578718707889819051, -12.50000000000001066, 16.81977793090867479 ) ) ;
#303 = CARTESIAN_POINT ( 'NONE',  ( -10.35169169660028743, -5.200000000000010836, -22.07164681663836703 ) ) ;
#304 = CARTESIAN_POINT ( 'NONE',  ( -10.09885931493908373, -5.634988426373158887, -22.31811418184328488 ) ) ;
#305 = VECTOR ( 'NONE', #3480, 1000.000000000000114 ) ;
#306 = FACE_OUTER_BOUND ( 'NONE', #2557, .T. ) ;
#307 = CARTESIAN_POINT ( 'NONE',  ( -9.485372282483417905, -9.707106781186604749, 17.96098579920757032 ) ) ;
#308 = VECTOR ( 'NONE', #2027, 1000.000000000000000 ) ;
#309 = ORIENTED_EDGE ( 'NONE', *, *, #1185, .T. ) ;
#310 = CARTESIAN_POINT ( 'NONE',  ( 14.14999999999999858, -5.500000000000011546, -22.64529946162074836 ) ) ;
#311 = CARTESIAN_POINT ( 'NONE',  ( -11.85000000000000142, -5.200000000000010836, 2.500000000000002220 ) ) ;
#312 = DIRECTION ( 'NONE',  ( 0.000000000000000000, 0.7772896257502412976, 0.6291429390059540827 ) ) ;
#313 = CARTESIAN_POINT ( 'NONE',  ( 10.43286121233073160, -7.752884324893908996, 15.75723860756911954 ) ) ;
#314 = ORIENTED_EDGE ( 'NONE', *, *, #3214, .T. ) ;
#315 = AXIS2_PLACEMENT_3D ( 'NONE', #1194, #142, #2530 ) ;
#316 = DIRECTION ( 'NONE',  ( -0.01745240643728354635, 0.9998476951563911586, 0.000000000000000000 ) ) ;
#317 = B_SPLINE_CURVE_WITH_KNOTS ( 'NONE', 3,
 ( #1457, #2855, #1122, #375, #93, #3226, #3504, #2500, #3954, #4208 ),
 .UNSPECIFIED., .F., .F.,
 ( 4, 3, 3, 4 ),
 ( 0.000000000000000000, 0.0004000000680031378622, 0.002000007416673813768, 0.003651882689303526108 ),
 .UNSPECIFIED. ) ;
#318 = CARTESIAN_POINT ( 'NONE',  ( -7.578718707889819051, -12.50000000000001066, 16.81977793090867479 ) ) ;
#319 = DIRECTION ( 'NONE',  ( 0.000000000000000000, 1.000000000000000000, 0.000000000000000000 ) ) ;
#320 = B_SPLINE_CURVE_WITH_KNOTS ( 'NONE', 3,
 ( #3646, #4020, #488, #1590, #1892, #3992, #3292, #2944 ),
 .UNSPECIFIED., .F., .F.,
 ( 4, 2, 2, 4 ),
 ( 4.038926535047858487E-16, 0.0001230380936157639412, 0.0002460761872311240171, 0.0004921523744618521920 ),
 .UNSPECIFIED. ) ;
#321 = VECTOR ( 'NONE', #4513, 1000.000000000000000 ) ;
#322 = B_SPLINE_CURVE_WITH_KNOTS ( 'NONE', 3,
 ( #1932, #3353, #3002, #894 ),
 .UNSPECIFIED., .F., .F.,
 ( 4, 4 ),
 ( 0.000000000000000000, 0.003650093677381166003 ),
 .UNSPECIFIED. ) ;
#323 = DIRECTION ( 'NONE',  ( 0.9328340849462818385, 0.000000000000000000, -0.3603062169355853439 ) ) ;
#324 = DIRECTION ( 'NONE',  ( 0.000000000000000000, 1.000000000000000000, 0.000000000000000000 ) ) ;
#325 = CIRCLE ( 'NONE', #1429, 0.5000000000000004441 ) ;
#326 = FACE_OUTER_BOUND ( 'NONE', #3419, .T. ) ;
#327 = EDGE_CURVE ( 'NONE', #2611, #38, #1687, .T. ) ;
#328 = CARTESIAN_POINT ( 'NONE',  ( 13.64999999999999858, -18.33257888130140856, -22.35662432702594060 ) ) ;
#329 = ADVANCED_FACE ( 'NONE', ( #1985 ), #4102, .T. ) ;
#330 = ORIENTED_EDGE ( 'NONE', *, *, #243, .F. ) ;
#331 = FACE_OUTER_BOUND ( 'NONE', #3577, .T. ) ;
#332 = CARTESIAN_POINT ( 'NONE',  ( -10.59523085546630838, -5.200000000000010836, -22.13715145843762144 ) ) ;
#333 = CARTESIAN_POINT ( 'NONE',  ( -11.93480580525836565, -9.353553390593335237, 16.86411994630513078 ) ) ;
#334 = ORIENTED_EDGE ( 'NONE', *, *, #2370, .F. ) ;
#335 = CARTESIAN_POINT ( 'NONE',  ( 7.250000000000000888, -12.50000000000001066, 25.61030066203830913 ) ) ;
#336 = EDGE_CURVE ( 'NONE', #4403, #3154, #3776, .T. ) ;
#337 = CARTESIAN_POINT ( 'NONE',  ( -9.371405873647740137, -9.394974746830643042, 17.63736291403408529 ) ) ;
#338 = ORIENTED_EDGE ( 'NONE', *, *, #1967, .T. ) ;
#339 = ORIENTED_EDGE ( 'NONE', *, *, #2378, .F. ) ;
#340 = CARTESIAN_POINT ( 'NONE',  ( 10.34999999999999787, -12.49999999999999645, 40.49704415459112994 ) ) ;
#341 = ORIENTED_EDGE ( 'NONE', *, *, #2094, .F. ) ;
#342 = CARTESIAN_POINT ( 'NONE',  ( 10.21163787568401027, -9.453402779523942812, 15.84321344444001411 ) ) ;
#343 = CARTESIAN_POINT ( 'NONE',  ( -10.62949878567126838, -7.947262992759319467, 15.58157060627143231 ) ) ;
#344 = VERTEX_POINT ( 'NONE', #4154 ) ;
#345 = DIRECTION ( 'NONE',  ( 0.4999999999999978906, 0.000000000000000000, 0.8660254037844398178 ) ) ;
#346 = CARTESIAN_POINT ( 'NONE',  ( -8.396205083280037229, -11.08407206333354900, 16.46122112487965339 ) ) ;
#347 = DIRECTION ( 'NONE',  ( 0.01744974916068272111, -0.9996954598818874604, 0.01744974916068272111 ) ) ;
#348 = ORIENTED_EDGE ( 'NONE', *, *, #729, .F. ) ;
#349 =( BOUNDED_SURFACE ( )  B_SPLINE_SURFACE ( 3, 2, ( 
 ( #3011, #3294, #1473 ),
 ( #2042, #1792, #4212 ),
 ( #4, #358, #3886 ),
 ( #686, #3111, #333 ) ),
 .UNSPECIFIED., .F., .F., .T. ) 
 B_SPLINE_SURFACE_WITH_KNOTS ( ( 4, 4 ),
 ( 3, 3 ),
 ( 3.469446951953614189E-18, 0.005811690149545522231 ),
 ( 0.000000000000000000, 1.000000000000000000 ),
 .UNSPECIFIED. ) 
 GEOMETRIC_REPRESENTATION_ITEM ( )  RATIONAL_B_SPLINE_SURFACE ( (
 ( 1.000000000000000000, 0.8140815235037942577, 1.000000000000000000),
 ( 1.000000000000000000, 0.8090898618387548646, 1.000000000000000000),
 ( 1.000000000000000000, 0.8047373366352611468, 1.000000000000000000),
 ( 1.000000000000000000, 0.8008389405891424007, 1.000000000000000000) ) ) 
 REPRESENTATION_ITEM ( '' )  SURFACE ( )  );
#350 = PLANE ( 'NONE',  #3116 ) ;
#351 = EDGE_LOOP ( 'NONE', ( #4009, #2531, #4564, #101 ) ) ;
#352 = CARTESIAN_POINT ( 'NONE',  ( -14.14999999999999858, -18.33257888130140856, -22.64529946162074836 ) ) ;
#353 = LINE ( 'NONE', #2093, #3462 ) ;
#354 = DIRECTION ( 'NONE',  ( 0.000000000000000000, 0.000000000000000000, 1.000000000000000000 ) ) ;
#355 = EDGE_LOOP ( 'NONE', ( #2623, #2801, #1175, #2543 ) ) ;
#356 = ADVANCED_FACE ( 'NONE', ( #3097 ), #4515, .F. ) ;
#357 = CARTESIAN_POINT ( 'NONE',  ( -7.578718707889819051, -12.50000000000001066, 16.81977793090867479 ) ) ;
#358 = CARTESIAN_POINT ( 'NONE',  ( -12.15000000000000036, -8.099222980933030058, 15.39733804943533535 ) ) ;
#359 = ORIENTED_EDGE ( 'NONE', *, *, #4557, .T. ) ;
#360 = CARTESIAN_POINT ( 'NONE',  ( 10.47345783946903630, -5.427105113802375591, 12.82136146424390155 ) ) ;
#361 = CARTESIAN_POINT ( 'NONE',  ( -14.14999999999999680, -5.500000000000011546, -13.79999999999999893 ) ) ;
#362 = LINE ( 'NONE', #3158, #646 ) ;
#363 = EDGE_CURVE ( 'NONE', #3496, #4267, #388, .T. ) ;
#364 = ADVANCED_FACE ( 'NONE', ( #2357 ), #1562, .T. ) ;
#365 = CARTESIAN_POINT ( 'NONE',  ( -12.15000000000000036, -6.950000000000011724, 12.35677313259561672 ) ) ;
#366 = VERTEX_POINT ( 'NONE', #1669 ) ;
#367 = DIRECTION ( 'NONE',  ( 0.000000000000000000, -0.7421158902050691841, -0.6702715908533924960 ) ) ;
#368 = FACE_OUTER_BOUND ( 'NONE', #2298, .T. ) ;
#369 = ORIENTED_EDGE ( 'NONE', *, *, #3819, .F. ) ;
#370 = CARTESIAN_POINT ( 'NONE',  ( -9.364688593053104526, -9.688291161957483411, 16.16596712320703233 ) ) ;
#371 = CARTESIAN_POINT ( 'NONE',  ( 7.250000000000000888, -15.00000000000001421, 14.27693615844911257 ) ) ;
#372 = VERTEX_POINT ( 'NONE', #1715 ) ;
#373 = CARTESIAN_POINT ( 'NONE',  ( 9.371405873647741913, -9.394974746830643042, 17.63736291403408529 ) ) ;
#374 = DIRECTION ( 'NONE',  ( 1.000000000000000000, 0.000000000000000000, 0.000000000000000000 ) ) ;
#375 = CARTESIAN_POINT ( 'NONE',  ( 10.72583265743447534, -5.614559946497459819, 13.31022374955596987 ) ) ;
#376 = LINE ( 'NONE', #1511, #1055 ) ;
#377 = ORIENTED_EDGE ( 'NONE', *, *, #2889, .T. ) ;
#378 = AXIS2_PLACEMENT_3D ( 'NONE', #3383, #201, #2297 ) ;
#379 = CARTESIAN_POINT ( 'NONE',  ( 13.64999999999999680, -5.500000000000011546, -14.08867513459481202 ) ) ;
#380 = DIRECTION ( 'NONE',  ( 0.000000000000000000, 0.000000000000000000, 1.000000000000000000 ) ) ;
#381 = VECTOR ( 'NONE', #2697, 1000.000000000000114 ) ;
#382 = ORIENTED_EDGE ( 'NONE', *, *, #3204, .T. ) ;
#383 = AXIS2_PLACEMENT_3D ( 'NONE', #3870, #735, #2841 ) ;
#384 = AXIS2_PLACEMENT_3D ( 'NONE', #343, #3494, #1008 ) ;
#385 = LINE ( 'NONE', #2443, #3067 ) ;
#386 = EDGE_LOOP ( 'NONE', ( #2202, #3660, #1508, #1869 ) ) ;
#387 = EDGE_CURVE ( 'NONE', #3389, #4133, #2997, .T. ) ;
#388 = CIRCLE ( 'NONE', #2067, 0.5000000000000004441 ) ;
#389 = CARTESIAN_POINT ( 'NONE',  ( -10.25939288115325354, -8.256936133370048836, 16.06160488095588335 ) ) ;
#390 = VERTEX_POINT ( 'NONE', #665 ) ;
#391 = DIRECTION ( 'NONE',  ( 0.000000000000000000, 0.000000000000000000, 1.000000000000000000 ) ) ;
#392 = LINE ( 'NONE', #4301, #2133 ) ;
#393 = B_SPLINE_CURVE_WITH_KNOTS ( 'NONE', 3,
 ( #773, #4308, #3557, #3955 ),
 .UNSPECIFIED., .F., .F.,
 ( 4, 4 ),
 ( 0.000000000000000000, 0.005816331324979282305 ),
 .UNSPECIFIED. ) ;
#394 = EDGE_CURVE ( 'NONE', #1784, #115, #265, .T. ) ;
#395 = ORIENTED_EDGE ( 'NONE', *, *, #3819, .T. ) ;
#396 = VECTOR ( 'NONE', #2685, 1000.000000000000000 ) ;
#397 = CARTESIAN_POINT ( 'NONE',  ( 0.000000000000000000, -6.950000000000011724, 0.000000000000000000 ) ) ;
#398 = DIRECTION ( 'NONE',  ( -4.599880250050122907E-16, -0.7071067811865475727, -0.7071067811865475727 ) ) ;
#399 = CARTESIAN_POINT ( 'NONE',  ( -10.68287244362100274, -7.805841636522009352, 15.71253339731172893 ) ) ;
#400 = DIRECTION ( 'NONE',  ( 3.219601692553881183E-17, 0.6546536707079814166, -0.7559289460184508425 ) ) ;
#401 = VECTOR ( 'NONE', #4211, 1000.000000000000000 ) ;
#402 = CARTESIAN_POINT ( 'NONE',  ( -13.19320230503483060, -5.200000000000010836, -22.85129670685513048 ) ) ;
#403 = CARTESIAN_POINT ( 'NONE',  ( -10.16495199884199430, -5.917022058557270370, -22.11490630738890673 ) ) ;
#404 = ORIENTED_EDGE ( 'NONE', *, *, #4450, .F. ) ;
#405 = LINE ( 'NONE', #1517, #1837 ) ;
#406 = ORIENTED_EDGE ( 'NONE', *, *, #4363, .T. ) ;
#407 = EDGE_CURVE ( 'NONE', #3154, #3685, #761, .T. ) ;
#408 = ORIENTED_EDGE ( 'NONE', *, *, #506, .T. ) ;
#409 = DIRECTION ( 'NONE',  ( 2.061858463601975203E-16, 0.000000000000000000, -1.000000000000000000 ) ) ;
#410 = CARTESIAN_POINT ( 'NONE',  ( -8.140283493505135581, -11.52734125957276134, 18.12279076461375737 ) ) ;
#411 = EDGE_CURVE ( 'NONE', #4267, #1207, #4107, .T. ) ;
#412 = ADVANCED_FACE ( 'NONE', ( #950 ), #3799, .T. ) ;
#413 = ORIENTED_EDGE ( 'NONE', *, *, #1733, .T. ) ;
#414 = DIRECTION ( 'NONE',  ( 0.8660254037844397068, 0.000000000000000000, -0.4999999999999983902 ) ) ;
#415 = CARTESIAN_POINT ( 'NONE',  ( 11.93744781284211420, -5.234615503793208724, 12.29844143596418782 ) ) ;
#416 = ORIENTED_EDGE ( 'NONE', *, *, #1602, .F. ) ;
#417 = EDGE_CURVE ( 'NONE', #668, #3909, #4472, .T. ) ;
#418 = CARTESIAN_POINT ( 'NONE',  ( 10.67396142659912250, -5.200000000000010836, -21.82403757902092778 ) ) ;
#419 = CARTESIAN_POINT ( 'NONE',  ( -13.84999999999999432, -5.200000000000010836, 2.716235922427032418E-15 ) ) ;
#420 = CARTESIAN_POINT ( 'NONE',  ( -7.799521905041642000, -12.50000000000001066, 18.46845973089857296 ) ) ;
#421 = DIRECTION ( 'NONE',  ( -0.8660254037844399289, 0.000000000000000000, -0.4999999999999979461 ) ) ;
#422 = CARTESIAN_POINT ( 'NONE',  ( -10.23452994616206624, -5.400000000000011902, -23.59999999999999787 ) ) ;
#423 = ORIENTED_EDGE ( 'NONE', *, *, #3896, .T. ) ;
#424 = CARTESIAN_POINT ( 'NONE',  ( -13.89999999999999503, -5.500000000000011546, 11.05773502691896759 ) ) ;
#425 = CARTESIAN_POINT ( 'NONE',  ( -10.63158897926710900, -7.987240441695909965, 15.92903328211073344 ) ) ;
#426 = ORIENTED_EDGE ( 'NONE', *, *, #336, .F. ) ;
#427 = CARTESIAN_POINT ( 'NONE',  ( -10.18734261304242850, -8.253445652082858075, 15.87506647899654411 ) ) ;
#428 = EDGE_CURVE ( 'NONE', #4092, #390, #2513, .T. ) ;
#429 = EDGE_LOOP ( 'NONE', ( #3000, #300, #580, #2789, #3230 ) ) ;
#430 = VERTEX_POINT ( 'NONE', #3567 ) ;
#431 = CARTESIAN_POINT ( 'NONE',  ( 12.65000000000000036, -5.500000000000011546, -12.35662432702593172 ) ) ;
#432 = EDGE_CURVE ( 'NONE', #430, #1213, #2341, .T. ) ;
#433 = DIRECTION ( 'NONE',  ( -0.01744974916068272111, -0.9996954598818874604, 0.01744974916068271764 ) ) ;
#434 = VERTEX_POINT ( 'NONE', #1820 ) ;
#435 = DIRECTION ( 'NONE',  ( 0.000000000000000000, 0.000000000000000000, -1.000000000000000000 ) ) ;
#436 = CARTESIAN_POINT ( 'NONE',  ( 7.791943336458364122, -12.62065772155058596, 18.47042662857110784 ) ) ;
#437 = ORIENTED_EDGE ( 'NONE', *, *, #2538, .F. ) ;
#438 = CARTESIAN_POINT ( 'NONE',  ( 12.65000000000000213, -5.500000000000011546, 12.35677313259562382 ) ) ;
#439 = LINE ( 'NONE', #114, #2522 ) ;
#440 = ORIENTED_EDGE ( 'NONE', *, *, #3360, .T. ) ;
#441 = PLANE ( 'NONE',  #4015 ) ;
#442 = CARTESIAN_POINT ( 'NONE',  ( -10.47742197397599107, -5.200000000000012612, 12.65068362120860712 ) ) ;
#443 = ADVANCED_FACE ( 'NONE', ( #3920 ), #762, .F. ) ;
#444 = ORIENTED_EDGE ( 'NONE', *, *, #4420, .F. ) ;
#445 = CARTESIAN_POINT ( 'NONE',  ( 7.752668494999187310, -12.49999999999999645, 16.61339394481344911 ) ) ;
#446 = CARTESIAN_POINT ( 'NONE',  ( -10.68210934962828595, -7.845099914721204826, 15.75523780227896076 ) ) ;
#447 = ORIENTED_EDGE ( 'NONE', *, *, #4316, .T. ) ;
#448 = DIRECTION ( 'NONE',  ( -1.000000000000000000, 0.000000000000000000, 0.000000000000000000 ) ) ;
#449 = ADVANCED_FACE ( 'NONE', ( #2152 ), #3327, .T. ) ;
#450 = TOROIDAL_SURFACE ( 'NONE', #2208, 0.2000000000000000389, 0.2999999999999999889 ) ;
#451 = ORIENTED_EDGE ( 'NONE', *, *, #4200, .F. ) ;
#452 = AXIS2_PLACEMENT_3D ( 'NONE', #2043, #1031, #2413 ) ;
#453 = EDGE_LOOP ( 'NONE', ( #4409, #575, #522 ) ) ;
#454 = CARTESIAN_POINT ( 'NONE',  ( 10.34892114499130678, -5.395129914552751593, -22.06778493106949313 ) ) ;
#455 = DIRECTION ( 'NONE',  ( 0.5829173883403985235, 0.000000000000000000, -0.8125314260817293466 ) ) ;
#456 = CARTESIAN_POINT ( 'NONE',  ( -13.64999999999999680, -18.33257888130140856, -14.08867513459481202 ) ) ;
#457 = AXIS2_PLACEMENT_3D ( 'NONE', #3128, #1383, #2775 ) ;
#458 = CARTESIAN_POINT ( 'NONE',  ( -12.06961524227066818, -5.200000000000010836, -23.50000000000000000 ) ) ;
#459 = CARTESIAN_POINT ( 'NONE',  ( 0.000000000000000000, -9.353553390593331684, -10.49999999999999822 ) ) ;
#460 = TOROIDAL_SURFACE ( 'NONE', #687, 28.47409342089537176, 0.2000000000000000111 ) ;
#461 = CARTESIAN_POINT ( 'NONE',  ( -10.46547005383791529, -5.400000000000011013, -22.23024303063488460 ) ) ;
#462 = CARTESIAN_POINT ( 'NONE',  ( -10.68287244362100274, -7.805841636522010241, 15.71253339731172893 ) ) ;
#463 = ORIENTED_EDGE ( 'NONE', *, *, #3198, .T. ) ;
#464 = FACE_OUTER_BOUND ( 'NONE', #1246, .T. ) ;
#465 = VERTEX_POINT ( 'NONE', #1799 ) ;
#466 = FACE_OUTER_BOUND ( 'NONE', #3216, .T. ) ;
#467 = DIRECTION ( 'NONE',  ( 0.000000000000000000, 0.000000000000000000, 1.000000000000000000 ) ) ;
#468 = CARTESIAN_POINT ( 'NONE',  ( -10.45924761853282803, -5.232332722285619298, -23.65659679099753276 ) ) ;
#469 = EDGE_LOOP ( 'NONE', ( #3963, #2110, #3438 ) ) ;
#470 = EDGE_CURVE ( 'NONE', #91, #105, #984, .T. ) ;
#471 = ADVANCED_FACE ( 'NONE', ( #368 ), #17, .T. ) ;
#472 = DIRECTION ( 'NONE',  ( 0.000000000000000000, 0.000000000000000000, 1.000000000000000000 ) ) ;
#473 = CARTESIAN_POINT ( 'NONE',  ( -10.35627968409102984, -8.115514777132741386, 16.17574098436971752 ) ) ;
#474 = VECTOR ( 'NONE', #4523, 1000.000000000000000 ) ;
#475 = PLANE ( 'NONE',  #2427 ) ;
#476 =( BOUNDED_SURFACE ( )  B_SPLINE_SURFACE ( 3, 2, ( 
 ( #2000, #4446, #3424 ),
 ( #1285, #4489, #2711 ),
 ( #4511, #4150, #991 ),
 ( #1345, #2045, #2739 ) ),
 .UNSPECIFIED., .F., .F., .F. ) 
 B_SPLINE_SURFACE_WITH_KNOTS ( ( 4, 4 ),
 ( 3, 3 ),
 ( 5.421010862427522170E-20, 0.0001728551505897468331 ),
 ( 0.000000000000000000, 1.000000000000000000 ),
 .UNSPECIFIED. ) 
 GEOMETRIC_REPRESENTATION_ITEM ( )  RATIONAL_B_SPLINE_SURFACE ( (
 ( 1.000000000000000000, 0.8443262081572281419, 1.000000000000000000),
 ( 1.000000000000000000, 0.8347166773776285575, 1.000000000000000000),
 ( 1.000000000000000000, 0.8246360015466704940, 1.000000000000000000),
 ( 1.000000000000000000, 0.8140815235037559550, 1.000000000000000000) ) ) 
 REPRESENTATION_ITEM ( '' )  SURFACE ( )  );
#477 = ORIENTED_EDGE ( 'NONE', *, *, #3554, .F. ) ;
#478 = VECTOR ( 'NONE', #409, 1000.000000000000000 ) ;
#479 = EDGE_CURVE ( 'NONE', #524, #798, #694, .T. ) ;
#480 = ORIENTED_EDGE ( 'NONE', *, *, #3446, .T. ) ;
#481 = LINE ( 'NONE', #3331, #2372 ) ;
#482 = CARTESIAN_POINT ( 'NONE',  ( -10.18734261304239652, -8.253445652082843864, 15.87506647899655476 ) ) ;
#483 = CIRCLE ( 'NONE', #3719, 0.3000000000000000444 ) ;
#484 = CARTESIAN_POINT ( 'NONE',  ( -13.84999999999999964, -5.500000000000010658, 2.855673972088735444E-15 ) ) ;
#485 = EDGE_CURVE ( 'NONE', #4024, #1947, #1423, .T. ) ;
#486 = CARTESIAN_POINT ( 'NONE',  ( 12.15000000000000036, -9.653411159167218258, 16.73357303036088339 ) ) ;
#487 = DIRECTION ( 'NONE',  ( -0.8660254037848310604, 0.4999999999993202660, 0.000000000000000000 ) ) ;
#488 = CARTESIAN_POINT ( 'NONE',  ( 10.30530978907276207, -8.238273035178510284, 15.81984062626849763 ) ) ;
#489 = ADVANCED_FACE ( 'NONE', ( #58 ), #2075, .T. ) ;
#490 = ORIENTED_EDGE ( 'NONE', *, *, #1888, .F. ) ;
#491 = LINE ( 'NONE', #1635, #4498 ) ;
#492 = VERTEX_POINT ( 'NONE', #3542 ) ;
#493 = CARTESIAN_POINT ( 'NONE',  ( 9.270701380825549620, -9.569400044949134099, 18.03253052484731356 ) ) ;
#494 = CARTESIAN_POINT ( 'NONE',  ( 10.07254057671131164, -8.524113259334487935, 16.72339875763841377 ) ) ;
#495 = B_SPLINE_CURVE_WITH_KNOTS ( 'NONE', 3,
 ( #2232, #1787, #3298, #2526, #420, #136 ),
 .UNSPECIFIED., .F., .F.,
 ( 4, 2, 4 ),
 ( 0.000000000000000000, 0.0001928748325148670994, 0.0003857496650297341989 ),
 .UNSPECIFIED. ) ;
#496 = ORIENTED_EDGE ( 'NONE', *, *, #1525, .F. ) ;
#497 = DIRECTION ( 'NONE',  ( -0.8660254037844382635, 0.000000000000000000, -0.5000000000000006661 ) ) ;
#498 = EDGE_CURVE ( 'NONE', #2404, #105, #4303, .T. ) ;
#499 = ORIENTED_EDGE ( 'NONE', *, *, #20, .F. ) ;
#500 =( BOUNDED_CURVE ( )  B_SPLINE_CURVE ( 3, ( #1354, #247, #2429, #2747 ),
 .UNSPECIFIED., .F., .T. ) 
 B_SPLINE_CURVE_WITH_KNOTS ( ( 4, 4 ),
 ( 3.141592653589793116, 4.712388980384689674 ),
 .UNSPECIFIED. ) 
 CURVE ( )  GEOMETRIC_REPRESENTATION_ITEM ( )  RATIONAL_B_SPLINE_CURVE ( ( 1.000000000000000000, 0.8047378541243649375, 0.8047378541243649375, 1.000000000000000000 ) ) 
 REPRESENTATION_ITEM ( '' )  );
#502 = EDGE_LOOP ( 'NONE', ( #916, #4075, #133, #2838, #2054, #3537, #1467, #2523, #2641, #4505, #3339, #1235, #1656, #2426, #3222 ) ) ;
#501 = VECTOR ( 'NONE', #1371, 1000.000000000000000 ) ;
#503 = CARTESIAN_POINT ( 'NONE',  ( 12.15680221654958792, -5.558578643762699834, 12.27457856830089966 ) ) ;
#504 =( NAMED_UNIT ( * ) PLANE_ANGLE_UNIT ( ) SI_UNIT ( $, .RADIAN. ) );
#505 = DIRECTION ( 'NONE',  ( 1.457954101459833063E-16, -0.7071067811865474617, 0.7071067811865474617 ) ) ;
#506 = EDGE_CURVE ( 'NONE', #38, #4317, #1913, .T. ) ;
#507 = ADVANCED_FACE ( 'NONE', ( #3495 ), #1862, .T. ) ;
#508 = DIRECTION ( 'NONE',  ( 1.462565176765435959E-18, 0.01745240643728354982, 0.9998476951563912696 ) ) ;
#509 = CARTESIAN_POINT ( 'NONE',  ( -6.135343034915755389, -12.49999999999999467, -18.80000000000000071 ) ) ;
#510 = ORIENTED_EDGE ( 'NONE', *, *, #1756, .T. ) ;
#511 = CARTESIAN_POINT ( 'NONE',  ( -9.422136467267620219, -9.707106781182881505, 17.77124589387926434 ) ) ;
#512 = ORIENTED_EDGE ( 'NONE', *, *, #3569, .F. ) ;
#513 = DIRECTION ( 'NONE',  ( -0.5000000000000006661, 0.000000000000000000, 0.8660254037844382635 ) ) ;
#514 = CARTESIAN_POINT ( 'NONE',  ( -10.07246903036495844, -8.524236189688066290, 16.72355817392624999 ) ) ;
#515 = CARTESIAN_POINT ( 'NONE',  ( 9.248931386508584040, -9.607106781186605104, 17.77124589387998554 ) ) ;
#516 = AXIS2_PLACEMENT_3D ( 'NONE', #3951, #4529, #2040 ) ;
#517 = ORIENTED_EDGE ( 'NONE', *, *, #3258, .F. ) ;
#518 = VERTEX_POINT ( 'NONE', #2844 ) ;
#519 = CARTESIAN_POINT ( 'NONE',  ( 0.000000000000000000, -9.707106781186604749, -10.49999999999999822 ) ) ;
#520 = LINE ( 'NONE', #800, #992 ) ;
#521 = ADVANCED_FACE ( 'NONE', ( #2537 ), #2920, .T. ) ;
#522 = ORIENTED_EDGE ( 'NONE', *, *, #3966, .T. ) ;
#523 = CARTESIAN_POINT ( 'NONE',  ( -12.15000000000000036, -5.632392608333169015, 12.33013802409565507 ) ) ;
#524 = VERTEX_POINT ( 'NONE', #2940 ) ;
#525 = CARTESIAN_POINT ( 'NONE',  ( 10.47245814652242046, -5.484377484356588894, 12.88477304920238531 ) ) ;
#526 = PRESENTATION_STYLE_ASSIGNMENT (( #571 ) ) ;
#527 = AXIS2_PLACEMENT_3D ( 'NONE', #1877, #4410, #4428 ) ;
#528 = ADVANCED_FACE ( 'NONE', ( #3965 ), #4382, .T. ) ;
#529 = AXIS2_PLACEMENT_3D ( 'NONE', #3500, #1674, #1332 ) ;
#530 = DIRECTION ( 'NONE',  ( 0.000000000000000000, 0.000000000000000000, 1.000000000000000000 ) ) ;
#531 = CARTESIAN_POINT ( 'NONE',  ( -10.43286121233073871, -7.752884324893907220, 15.75723860756910888 ) ) ;
#532 = CARTESIAN_POINT ( 'NONE',  ( 2.588075286112624163, -5.200000000000010836, -4.482677889360416223 ) ) ;
#533 = CIRCLE ( 'NONE', #6, 0.2999999999999994338 ) ;
#534 = VERTEX_POINT ( 'NONE', #3307 ) ;
#535 = AXIS2_PLACEMENT_3D ( 'NONE', #1016, #1714, #3031 ) ;
#536 = CARTESIAN_POINT ( 'NONE',  ( 7.553743548422897192, -12.54325824512385701, 16.66903202845713849 ) ) ;
#537 = ORIENTED_EDGE ( 'NONE', *, *, #3890, .T. ) ;
#538 = EDGE_CURVE ( 'NONE', #143, #1928, #146, .T. ) ;
#539 = CARTESIAN_POINT ( 'NONE',  ( -11.94763723614615714, -5.458094398092673494, 12.54509989680543391 ) ) ;
#540 = DIRECTION ( 'NONE',  ( 0.000000000000000000, -0.7478206139595402480, -0.6639008430008025430 ) ) ;
#541 = CARTESIAN_POINT ( 'NONE',  ( 9.611934275413862139, -8.978367334308380521, 17.11584835332373800 ) ) ;
#542 = ORIENTED_EDGE ( 'NONE', *, *, #3543, .F. ) ;
#543 = CARTESIAN_POINT ( 'NONE',  ( -14.14999999999999858, -6.950000000000011724, -21.54833395016045827 ) ) ;
#544 = LINE ( 'NONE', #627, #396 ) ;
#545 = VERTEX_POINT ( 'NONE', #903 ) ;
#546 = EDGE_LOOP ( 'NONE', ( #3739, #3355, #1878, #3381 ) ) ;
#547 = AXIS2_PLACEMENT_3D ( 'NONE', #2886, #2262, #3935 ) ;
#548 = CARTESIAN_POINT ( 'NONE',  ( -10.35627968409104049, -8.115514777132759150, 16.17574098436973529 ) ) ;
#549 = VERTEX_POINT ( 'NONE', #807 ) ;
#550 = CARTESIAN_POINT ( 'NONE',  ( -13.64999999999999680, -18.33257888130140856, 10.62472232502674885 ) ) ;
#551 = CARTESIAN_POINT ( 'NONE',  ( 10.67396142659912250, -5.400000000000011013, 40.49704415459112994 ) ) ;
#552 = CARTESIAN_POINT ( 'NONE',  ( -12.14999999999999858, -12.50000000000001066, -23.80000000000000071 ) ) ;
#553 = AXIS2_PLACEMENT_3D ( 'NONE', #4251, #1089, #2081 ) ;
#554 = CIRCLE ( 'NONE', #1582, 0.3000000000000003220 ) ;
#555 = DIRECTION ( 'NONE',  ( 0.000000000000000000, -0.000000000000000000, 1.000000000000000000 ) ) ;
#556 = DIRECTION ( 'NONE',  ( 0.000000000000000000, 1.000000000000000000, 0.000000000000000000 ) ) ;
#557 = EDGE_CURVE ( 'NONE', #2556, #1550, #1634, .T. ) ;
#558 = EDGE_CURVE ( 'NONE', #1453, #49, #2447, .T. ) ;
#559 = ORIENTED_EDGE ( 'NONE', *, *, #1236, .F. ) ;
#560 = ORIENTED_EDGE ( 'NONE', *, *, #2735, .T. ) ;
#561 = DIRECTION ( 'NONE',  ( -0.000000000000000000, 1.000000000000000000, -0.000000000000000000 ) ) ;
#562 = CARTESIAN_POINT ( 'NONE',  ( 9.832350853871734131, -8.936945963955642114, 17.24916980981191372 ) ) ;
#563 = ORIENTED_EDGE ( 'NONE', *, *, #1218, .T. ) ;
#564 = EDGE_CURVE ( 'NONE', #4133, #2556, #879, .T. ) ;
#565 = VERTEX_POINT ( 'NONE', #552 ) ;
#566 = CARTESIAN_POINT ( 'NONE',  ( -12.14083461434518441, -5.305960890468790936, 12.31868956107545543 ) ) ;
#567 = CARTESIAN_POINT ( 'NONE',  ( -7.578718707889819051, -12.50000000000001066, 18.27407996053067407 ) ) ;
#568 = ORIENTED_EDGE ( 'NONE', *, *, #3860, .T. ) ;
#569 = CARTESIAN_POINT ( 'NONE',  ( -6.229925610487508258, -12.50000000000001066, -22.00000000000000000 ) ) ;
#570 = VERTEX_POINT ( 'NONE', #2607 ) ;
#571 = SURFACE_STYLE_USAGE ( .BOTH. , #3678 ) ;
#572 = DIRECTION ( 'NONE',  ( 0.000000000000000000, 0.000000000000000000, -1.000000000000000000 ) ) ;
#573 = DIRECTION ( 'NONE',  ( 0.000000000000000000, 1.000000000000000000, 0.000000000000000000 ) ) ;
#574 = CARTESIAN_POINT ( 'NONE',  ( 8.140283493504405499, -11.52734125957403322, 18.12279076461395633 ) ) ;
#575 = ORIENTED_EDGE ( 'NONE', *, *, #2828, .F. ) ;
#576 = DIRECTION ( 'NONE',  ( 0.000000000000000000, 0.000000000000000000, 1.000000000000000000 ) ) ;
#577 = ORIENTED_EDGE ( 'NONE', *, *, #3228, .T. ) ;
#578 = CARTESIAN_POINT ( 'NONE',  ( 12.14999999999999858, 3.857596844149359328, -35.18257238306474477 ) ) ;
#579 = CARTESIAN_POINT ( 'NONE',  ( 9.569433840488363430, -9.447015779592316420, 17.87697215109544047 ) ) ;
#580 = ORIENTED_EDGE ( 'NONE', *, *, #1695, .F. ) ;
#581 = CARTESIAN_POINT ( 'NONE',  ( 12.14999999999999858, -18.33257888130140856, 2.500000000000002220 ) ) ;
#582 = DIRECTION ( 'NONE',  ( -0.000000000000000000, -1.000000000000000000, -0.000000000000000000 ) ) ;
#583 = CARTESIAN_POINT ( 'NONE',  ( -9.485372282483417905, -9.707106781186604749, 17.96098579920757032 ) ) ;
#584 = EDGE_CURVE ( 'NONE', #2212, #570, #1871, .T. ) ;
#585 = ORIENTED_EDGE ( 'NONE', *, *, #1344, .T. ) ;
#586 = CARTESIAN_POINT ( 'NONE',  ( -10.34608939193661215, -7.826563419040944325, 15.87100865254020476 ) ) ;
#587 = EDGE_LOOP ( 'NONE', ( #2080, #1745, #2834, #3297 ) ) ;
#588 = CARTESIAN_POINT ( 'NONE',  ( -11.95903609698376080, -5.346446609406741324, 12.41332053553020565 ) ) ;
#589 = ADVANCED_FACE ( 'NONE', ( #4014 ), #860, .T. ) ;
#590 = CYLINDRICAL_SURFACE ( 'NONE', #1632, 0.3000000000000016542 ) ;
#591 = CARTESIAN_POINT ( 'NONE',  ( 14.14999999999999858, -5.500000000000011546, 2.500000000000000888 ) ) ;
#592 = AXIS2_PLACEMENT_3D ( 'NONE', #2994, #889, #1533 ) ;
#593 = EDGE_LOOP ( 'NONE', ( #1264, #827, #4497, #3612 ) ) ;
#594 = CARTESIAN_POINT ( 'NONE',  ( 10.67396142659912428, -5.200000000000010836, -21.82403757902092778 ) ) ;
#595 = VERTEX_POINT ( 'NONE', #2248 ) ;
#596 = AXIS2_PLACEMENT_3D ( 'NONE', #944, #236, #1318 ) ;
#597 = DIRECTION ( 'NONE',  ( 0.5000000000000006661, -0.000000000000000000, 0.8660254037844382635 ) ) ;
#598 = CARTESIAN_POINT ( 'NONE',  ( -12.13727472846355226, -5.409794818273349293, 12.39175071858877963 ) ) ;
#599 = EDGE_CURVE ( 'NONE', #266, #2690, #3681, .T. ) ;
#600 = VECTOR ( 'NONE', #1428, 1000.000000000000000 ) ;
#601 = LINE ( 'NONE', #234, #2085 ) ;
#602 = CARTESIAN_POINT ( 'NONE',  ( 12.39999999999999858, -18.33257888130140856, -12.78963702891815402 ) ) ;
#603 = DIRECTION ( 'NONE',  ( 0.5000000000000022204, 0.000000000000000000, -0.8660254037844372643 ) ) ;
#604 = CARTESIAN_POINT ( 'NONE',  ( -14.14999999999999858, -6.950000000000011724, 3.449999999999985967 ) ) ;
#605 = ORIENTED_EDGE ( 'NONE', *, *, #815, .F. ) ;
#606 = EDGE_CURVE ( 'NONE', #465, #3909, #1608, .T. ) ;
#607 = EDGE_CURVE ( 'NONE', #2678, #3975, #4018, .T. ) ;
#608 = DIRECTION ( 'NONE',  ( 0.000000000000000000, 1.000000000000000000, 0.000000000000000000 ) ) ;
#609 = VERTEX_POINT ( 'NONE', #3052 ) ;
#610 = DIRECTION ( 'NONE',  ( 0.000000000000000000, -1.000000000000000000, 0.000000000000000000 ) ) ;
#611 = FACE_OUTER_BOUND ( 'NONE', #1385, .T. ) ;
#612 = AXIS2_PLACEMENT_3D ( 'NONE', #4139, #960, #3785 ) ;
#613 = EDGE_CURVE ( 'NONE', #570, #2347, #4105, .T. ) ;
#614 = CARTESIAN_POINT ( 'NONE',  ( 7.250000000000000888, -12.50000000000001066, 14.27693615844911257 ) ) ;
#615 = VECTOR ( 'NONE', #1776, 1000.000000000000000 ) ;
#616 = CARTESIAN_POINT ( 'NONE',  ( 11.93855155834072512, -8.044333519708610325, 15.43416092595671074 ) ) ;
#617 = AXIS2_PLACEMENT_3D ( 'NONE', #51, #2884, #4311 ) ;
#618 = ORIENTED_EDGE ( 'NONE', *, *, #3053, .T. ) ;
#619 = CARTESIAN_POINT ( 'NONE',  ( 10.47742197397598751, -5.200000000000010836, -21.82403757902092778 ) ) ;
#620 = EDGE_LOOP ( 'NONE', ( #2265, #3289, #1818, #3708 ) ) ;
#621 = DIRECTION ( 'NONE',  ( 0.000000000000000000, 1.000000000000000000, 0.000000000000000000 ) ) ;
#622 = CARTESIAN_POINT ( 'NONE',  ( 10.23132901059934774, -8.332960471891293963, 15.85654577982603008 ) ) ;
#623 = EDGE_CURVE ( 'NONE', #1905, #1606, #3028, .T. ) ;
#624 = AXIS2_PLACEMENT_3D ( 'NONE', #2928, #2477, #1120 ) ;
#625 = ORIENTED_EDGE ( 'NONE', *, *, #2705, .F. ) ;
#626 = CARTESIAN_POINT ( 'NONE',  ( 10.23452994616206624, -5.400000000000011902, -23.79999999999999716 ) ) ;
#627 = CARTESIAN_POINT ( 'NONE',  ( -12.40000000000000391, -18.33257888130140856, 11.92376043070339797 ) ) ;
#628 = FACE_OUTER_BOUND ( 'NONE', #252, .T. ) ;
#629 = CARTESIAN_POINT ( 'NONE',  ( -12.65000000000000036, -18.33257888130140856, -12.35662432702593350 ) ) ;
#630 = ORIENTED_EDGE ( 'NONE', *, *, #1237, .T. ) ;
#631 = CARTESIAN_POINT ( 'NONE',  ( -9.296117443319957374, -9.525378133380472789, 17.75551989905373063 ) ) ;
#632 = CARTESIAN_POINT ( 'NONE',  ( -10.67396142627980105, -5.200000000000010836, -21.98376016381748244 ) ) ;
#633 = CARTESIAN_POINT ( 'NONE',  ( 10.71642595709338330, -5.250981182999389318, 12.91520866489204344 ) ) ;
#634 = CARTESIAN_POINT ( 'NONE',  ( 12.15818472172125020, -5.547835504113149518, 12.26628302598465581 ) ) ;
#635 = DIRECTION ( 'NONE',  ( -0.4999428824215546019, 0.8659264732365787864, -0.01511480281340828354 ) ) ;
#636 = CARTESIAN_POINT ( 'NONE',  ( -13.84999999999999964, -5.200000000000010836, -22.35662432702594060 ) ) ;
#637 = DIRECTION ( 'NONE',  ( 1.000000000000000000, 0.000000000000000000, 0.000000000000000000 ) ) ;
#638 = ADVANCED_FACE ( 'NONE', ( #2332 ), #2691, .T. ) ;
#639 = EDGE_CURVE ( 'NONE', #3637, #2602, #3793, .T. ) ;
#640 = CARTESIAN_POINT ( 'NONE',  ( 10.46173032406429826, -6.098974021360716868, 13.95940975392558592 ) ) ;
#641 = ORIENTED_EDGE ( 'NONE', *, *, #3714, .F. ) ;
#642 = DIRECTION ( 'NONE',  ( 0.000000000000000000, 0.000000000000000000, 1.000000000000000000 ) ) ;
#643 = DIRECTION ( 'NONE',  ( 0.000000000000000000, 0.000000000000000000, 1.000000000000000000 ) ) ;
#644 = CARTESIAN_POINT ( 'NONE',  ( -11.95903609698375902, -5.346446609406744876, 12.41332053553020742 ) ) ;
#645 =( BOUNDED_SURFACE ( )  B_SPLINE_SURFACE ( 3, 2, ( 
 ( #4168, #1414, #4552 ),
 ( #1387, #2072, #3813 ),
 ( #1770, #3459, #304 ),
 ( #403, #1707, #1366 ) ),
 .UNSPECIFIED., .F., .F., .F. ) 
 B_SPLINE_SURFACE_WITH_KNOTS ( ( 4, 4 ),
 ( 3, 3 ),
 ( 4.080201066060889836, 4.702412141616474806 ),
 ( 0.000000000000000000, 1.000000000000000000 ),
 .UNSPECIFIED. ) 
 GEOMETRIC_REPRESENTATION_ITEM ( )  RATIONAL_B_SPLINE_SURFACE ( (
 ( 1.000000000000000000, 0.8708750750942273466, 1.000000000000000000),
 ( 1.000000000000000000, 0.8289055785289178857, 1.000000000000000000),
 ( 1.000000000000000000, 0.7740883081529138510, 1.000000000000000000),
 ( 1.000000000000000000, 0.7101852586539127987, 1.000000000000000000) ) ) 
 REPRESENTATION_ITEM ( '' )  SURFACE ( )  );
#646 = VECTOR ( 'NONE', #3839, 1000.000000000000000 ) ;
#647 = DIRECTION ( 'NONE',  ( 0.000000000000000000, 0.000000000000000000, 1.000000000000000000 ) ) ;
#648 = ADVANCED_FACE ( 'NONE', ( #611 ), #4269, .T. ) ;
#649 = ORIENTED_EDGE ( 'NONE', *, *, #4558, .T. ) ;
#650 = CARTESIAN_POINT ( 'NONE',  ( 9.422136467265472604, -9.707106781186604749, 17.77124589387998199 ) ) ;
#651 = CARTESIAN_POINT ( 'NONE',  ( -10.40773502691895480, -5.500000000000010658, -23.60000000000000142 ) ) ;
#652 = CARTESIAN_POINT ( 'NONE',  ( 10.23498011539187758, -7.821672074773671213, 15.90860383877282835 ) ) ;
#653 = CARTESIAN_POINT ( 'NONE',  ( 10.22576593954803492, -12.50000000000001421, -22.00000000000000355 ) ) ;
#654 = ORIENTED_EDGE ( 'NONE', *, *, #1751, .T. ) ;
#655 =( BOUNDED_SURFACE ( )  B_SPLINE_SURFACE ( 3, 2, ( 
 ( #3105, #983, #4187 ),
 ( #3416, #3761, #4501 ),
 ( #1337, #3743, #1970 ),
 ( #4483, #961, #1662 ),
 ( #2727, #3046, #4525 ),
 ( #4547, #3065, #2390 ),
 ( #3808, #652, #2344 ),
 ( #2016, #1358, #2703 ),
 ( #4140, #2753, #1025 ),
 ( #2366, #3830, #678 ) ),
 .UNSPECIFIED., .F., .F., .F. ) 
 B_SPLINE_SURFACE_WITH_KNOTS ( ( 4, 2, 2, 2, 4 ),
 ( 3, 3 ),
 ( 0.002087944751830936481, 0.002258860715905141713, 0.002429776679979346946, 0.002600692644053552178, 0.002771608608127757410 ),
 ( 0.000000000000000000, 1.000000000000000000 ),
 .UNSPECIFIED. ) 
 GEOMETRIC_REPRESENTATION_ITEM ( )  RATIONAL_B_SPLINE_SURFACE ( (
 ( 1.000000000000000000, 0.6105379064907812126, 1.000000000000000000),
 ( 1.000000000000000000, 0.5879244389228589496, 1.000000000000000000),
 ( 1.000000000000000000, 0.5650532298375255946, 1.000000000000000000),
 ( 1.000000000000000000, 0.5189647464453911452, 1.000000000000000000),
 ( 1.000000000000000000, 0.4954393220194556746, 1.000000000000000000),
 ( 1.000000000000000000, 0.4519253708309824424, 1.000000000000000000),
 ( 1.000000000000000000, 0.4313715373866162661, 1.000000000000000000),
 ( 1.000000000000000000, 0.4009941994006238630, 1.000000000000000000),
 ( 1.000000000000000000, 0.3911180873342511854, 1.000000000000000000),
 ( 1.000000000000000000, 0.3907311284892779901, 1.000000000000000000) ) ) 
 REPRESENTATION_ITEM ( '' )  SURFACE ( )  );
#656 = CARTESIAN_POINT ( 'NONE',  ( -12.06961524227066818, -5.200000000000010836, -23.50000000000000000 ) ) ;
#657 = DIRECTION ( 'NONE',  ( 1.000000000000000000, 0.000000000000000000, 0.000000000000000000 ) ) ;
#658 = CARTESIAN_POINT ( 'NONE',  ( -10.40312968328050225, -9.456202483640042900, 15.76893127426779806 ) ) ;
#659 = CARTESIAN_POINT ( 'NONE',  ( 14.14999999999999858, -6.249999999999997335, -22.35662432702594060 ) ) ;
#660 = DIRECTION ( 'NONE',  ( 0.4999999999999978351, -0.8660254037844399289, -0.000000000000000000 ) ) ;
#661 = ORIENTED_EDGE ( 'NONE', *, *, #786, .T. ) ;
#662 = CARTESIAN_POINT ( 'NONE',  ( -10.67396142659912606, -5.200000000000010836, -21.82403757902093133 ) ) ;
#663 = CARTESIAN_POINT ( 'NONE',  ( 10.34999999999999964, -5.199999999999996625, -23.60000000000000142 ) ) ;
#664 = CARTESIAN_POINT ( 'NONE',  ( 11.93480580525836565, -9.353553390593333461, 16.86411994630512368 ) ) ;
#665 = CARTESIAN_POINT ( 'NONE',  ( -13.64999999999999858, -5.200000000000010836, 2.800000000000001155 ) ) ;
#666 = EDGE_CURVE ( 'NONE', #2582, #2904, #3810, .T. ) ;
#667 = B_SPLINE_CURVE_WITH_KNOTS ( 'NONE', 3,
 ( #824, #2912, #2143, #1515 ),
 .UNSPECIFIED., .F., .F.,
 ( 4, 4 ),
 ( 0.000000000000000000, 0.0004024572877274560094 ),
 .UNSPECIFIED. ) ;
#668 = VERTEX_POINT ( 'NONE', #1958 ) ;
#669 = CARTESIAN_POINT ( 'NONE',  ( -12.15000000000000036, -9.707106781186604749, 16.73357303036088695 ) ) ;
#670 = CYLINDRICAL_SURFACE ( 'NONE', #1328, 0.5000000000000004441 ) ;
#671 = FACE_OUTER_BOUND ( 'NONE', #2146, .T. ) ;
#672 = AXIS2_PLACEMENT_3D ( 'NONE', #3520, #2824, #3200 ) ;
#673 = ADVANCED_FACE ( 'NONE', ( #3092 ), #476, .T. ) ;
#674 = COLOUR_RGB ( '',0.7921568627450980005, 0.8196078431372548767, 0.9333333333333333481 ) ;
#675 =( BOUNDED_SURFACE ( )  B_SPLINE_SURFACE ( 3, 2, ( 
 ( #594, #619, #2383 ),
 ( #1738, #1396, #1987 ),
 ( #3408, #1655, #3058 ),
 ( #4475, #1310, #973 ) ),
 .UNSPECIFIED., .F., .F., .T. ) 
 B_SPLINE_SURFACE_WITH_KNOTS ( ( 4, 4 ),
 ( 3, 3 ),
 ( 5.497939437029715215, 6.446220101773850075 ),
 ( 0.000000000000000000, 1.000000000000000000 ),
 .UNSPECIFIED. ) 
 GEOMETRIC_REPRESENTATION_ITEM ( )  RATIONAL_B_SPLINE_SURFACE ( (
 ( 1.000000000000000000, 0.7132504491541837854, 1.000000000000000000),
 ( 1.000000000000000000, 0.7152019959249021896, 1.000000000000000000),
 ( 1.000000000000000000, 0.7161257744285123295, 1.000000000000000000),
 ( 1.000000000000000000, 0.7156641765647790976, 1.000000000000000000) ) ) 
 REPRESENTATION_ITEM ( '' )  SURFACE ( )  );
#676 = CARTESIAN_POINT ( 'NONE',  ( -12.14999999999999858, -6.950000000000011724, -23.80000000000000071 ) ) ;
#677 = DIRECTION ( 'NONE',  ( 0.000000000000000000, 0.000000000000000000, 1.000000000000000000 ) ) ;
#678 = CARTESIAN_POINT ( 'NONE',  ( 10.35627968409117194, -8.115514777132755597, 16.17574098436968200 ) ) ;
#679 = DIRECTION ( 'NONE',  ( 0.8660254037844385966, 0.5000000000000001110, 0.000000000000000000 ) ) ;
#680 = AXIS2_PLACEMENT_3D ( 'NONE', #1106, #3888, #380 ) ;
#681 = AXIS2_PLACEMENT_3D ( 'NONE', #3243, #111, #1874 ) ;
#682 = CIRCLE ( 'NONE', #1986, 0.2000000000000001221 ) ;
#683 = ORIENTED_EDGE ( 'NONE', *, *, #3229, .T. ) ;
#684 = CARTESIAN_POINT ( 'NONE',  ( -12.15000000000000036, -5.324264068711941356, -23.79999999999999716 ) ) ;
#685 = CARTESIAN_POINT ( 'NONE',  ( -7.599697937129813674, -12.50000000000001066, 16.72383623508503803 ) ) ;
#686 = CARTESIAN_POINT ( 'NONE',  ( -12.15000000000000036, -9.565685424949300852, 16.66967721593323049 ) ) ;
#687 = AXIS2_PLACEMENT_3D ( 'NONE', #3227, #1860, #2910 ) ;
#688 = CARTESIAN_POINT ( 'NONE',  ( 10.42952924663998537, -7.943772511471866693, 15.58157060627144119 ) ) ;
#689 = DIRECTION ( 'NONE',  ( 0.000000000000000000, 1.000000000000000000, -0.000000000000000000 ) ) ;
#690 = AXIS2_PLACEMENT_3D ( 'NONE', #2334, #3751, #3406 ) ;
#691 = ORIENTED_EDGE ( 'NONE', *, *, #3883, .F. ) ;
#692 = CARTESIAN_POINT ( 'NONE',  ( 10.40312968328082199, -9.456202483639165379, 15.76893127424844998 ) ) ;
#693 = CARTESIAN_POINT ( 'NONE',  ( -10.29226497308102850, -5.300000000000011369, -22.07284373846077941 ) ) ;
#694 = LINE ( 'NONE', #4252, #3551 ) ;
#695 = ORIENTED_EDGE ( 'NONE', *, *, #3578, .F. ) ;
#696 = TOROIDAL_SURFACE ( 'NONE', #2663, 29.50000000000000000, 0.5000000000000000000 ) ;
#697 = CYLINDRICAL_SURFACE ( 'NONE', #221, 0.2000000000000001221 ) ;
#698 = CARTESIAN_POINT ( 'NONE',  ( 6.135343034915744731, -12.50000000000001066, -18.80000000000000071 ) ) ;
#699 = DIRECTION ( 'NONE',  ( 0.000000000000000000, 0.000000000000000000, 1.000000000000000000 ) ) ;
#700 = EDGE_CURVE ( 'NONE', #3892, #3685, #2260, .T. ) ;
#701 = ADVANCED_FACE ( 'NONE', ( #1368 ), #3796, .T. ) ;
#702 = AXIS2_PLACEMENT_3D ( 'NONE', #925, #1243, #3004 ) ;
#703 = AXIS2_PLACEMENT_3D ( 'NONE', #484, #4039, #128 ) ;
#704 = ORIENTED_EDGE ( 'NONE', *, *, #3214, .F. ) ;
#705 = DIRECTION ( 'NONE',  ( 0.000000000000000000, -0.000000000000000000, 1.000000000000000000 ) ) ;
#706 = CARTESIAN_POINT ( 'NONE',  ( 14.14999999999999858, -6.500000000000024869, 2.999999999999999112 ) ) ;
#707 = CIRCLE ( 'NONE', #3647, 0.2000000000000001221 ) ;
#708 = CARTESIAN_POINT ( 'NONE',  ( -10.67396142659912428, -5.200000000000010836, 12.65068362120860712 ) ) ;
#709 = DIRECTION ( 'NONE',  ( 0.000000000000000000, 1.000000000000000000, 0.000000000000000000 ) ) ;
#710 = EDGE_CURVE ( 'NONE', #3279, #165, #2619, .T. ) ;
#711 = EDGE_CURVE ( 'NONE', #3489, #4317, #362, .T. ) ;
#712 = ORIENTED_EDGE ( 'NONE', *, *, #4315, .F. ) ;
#713 = CARTESIAN_POINT ( 'NONE',  ( 10.42952924663998537, -7.943772511471866693, 15.58157060627144119 ) ) ;
#714 = DIRECTION ( 'NONE',  ( -1.000000000000000000, 0.000000000000000000, 0.000000000000000000 ) ) ;
#715 = DIRECTION ( 'NONE',  ( -0.000000000000000000, -1.000000000000000000, -0.000000000000000000 ) ) ;
#716 = ORIENTED_EDGE ( 'NONE', *, *, #4450, .T. ) ;
#717 = CARTESIAN_POINT ( 'NONE',  ( -10.67396142659912783, -5.200000000000010836, -21.98833493005070849 ) ) ;
#718 = ORIENTED_EDGE ( 'NONE', *, *, #4473, .F. ) ;
#719 = DIRECTION ( 'NONE',  ( -0.4999428824215579326, 0.8659264732365767880, -0.01511480281340694606 ) ) ;
#720 = CARTESIAN_POINT ( 'NONE',  ( -10.25939288115325354, -8.256936133370048836, 16.06160488095587624 ) ) ;
#721 = ORIENTED_EDGE ( 'NONE', *, *, #2245, .F. ) ;
#722 = CARTESIAN_POINT ( 'NONE',  ( 11.85000000000000142, -5.200000000000010836, -12.35662432702593172 ) ) ;
#723 = CARTESIAN_POINT ( 'NONE',  ( -10.46547005383791529, -5.200000000000010836, -23.50000000000000000 ) ) ;
#724 = EDGE_LOOP ( 'NONE', ( #3972, #5, #1689, #1375 ) ) ;
#725 = FACE_OUTER_BOUND ( 'NONE', #2651, .T. ) ;
#726 = CARTESIAN_POINT ( 'NONE',  ( -10.68813668883423418, -7.535283965485064961, 15.41796444835467206 ) ) ;
#727 = CARTESIAN_POINT ( 'NONE',  ( -12.65000000000000213, -6.950000000000011724, 12.35677313259561849 ) ) ;
#728 = ORIENTED_EDGE ( 'NONE', *, *, #2151, .F. ) ;
#729 = EDGE_CURVE ( 'NONE', #192, #4485, #1245, .T. ) ;
#730 = CARTESIAN_POINT ( 'NONE',  ( -11.91714574554362471, -5.500000000000010658, 12.03595442721018394 ) ) ;
#731 = ORIENTED_EDGE ( 'NONE', *, *, #606, .F. ) ;
#732 = DIRECTION ( 'NONE',  ( 0.000000000000000000, 0.000000000000000000, 1.000000000000000000 ) ) ;
#733 = CARTESIAN_POINT ( 'NONE',  ( 10.55208791265484436, -8.074533021344386441, 16.05492127541514691 ) ) ;
#734 = ORIENTED_EDGE ( 'NONE', *, *, #3536, .T. ) ;
#735 = DIRECTION ( 'NONE',  ( 0.8660254037844374864, -0.000000000000000000, 0.5000000000000023315 ) ) ;
#736 = EDGE_CURVE ( 'NONE', #3249, #1947, #7, .T. ) ;
#737 = ORIENTED_EDGE ( 'NONE', *, *, #3372, .T. ) ;
#738 = DIRECTION ( 'NONE',  ( 0.000000000000000000, 0.000000000000000000, 1.000000000000000000 ) ) ;
#739 = CARTESIAN_POINT ( 'NONE',  ( 12.15000000000000036, -9.707106781186602973, 16.73357303036088339 ) ) ;
#740 = DIRECTION ( 'NONE',  ( 1.000000000000000000, -0.000000000000000000, 6.505213034913027590E-16 ) ) ;
#741 = DIRECTION ( 'NONE',  ( 1.363447906558135361E-16, -0.000000000000000000, 1.000000000000000000 ) ) ;
#742 = LINE ( 'NONE', #2870, #1491 ) ;
#743 = VERTEX_POINT ( 'NONE', #2417 ) ;
#744 = DIRECTION ( 'NONE',  ( 0.4999999999999977796, -0.8660254037844399289, 0.000000000000000000 ) ) ;
#745 = FACE_OUTER_BOUND ( 'NONE', #3859, .T. ) ;
#746 = CARTESIAN_POINT ( 'NONE',  ( -10.47591618945278036, -5.286266337559125006, 13.06375955672771738 ) ) ;
#747 = FACE_OUTER_BOUND ( 'NONE', #3506, .T. ) ;
#748 = ORIENTED_EDGE ( 'NONE', *, *, #4256, .T. ) ;
#749 = DIRECTION ( 'NONE',  ( -1.000000000000000000, 8.380306647230952385E-17, 0.000000000000000000 ) ) ;
#750 = CIRCLE ( 'NONE', #3170, 29.85355339059326596 ) ;
#751 = CARTESIAN_POINT ( 'NONE',  ( 10.46547005383791706, -5.200000000000010836, -23.50000000000000000 ) ) ;
#752 = EDGE_LOOP ( 'NONE', ( #4061, #202, #1477, #3447, #1988 ) ) ;
#753 = CARTESIAN_POINT ( 'NONE',  ( 9.485372282482018136, -9.707106781186604749, 17.96098579920803573 ) ) ;
#754 = CIRCLE ( 'NONE', #1835, 0.2000000000000011768 ) ;
#755 = EDGE_CURVE ( 'NONE', #2678, #1150, #951, .T. ) ;
#756 = EDGE_CURVE ( 'NONE', #2228, #3301, #2398, .T. ) ;
#757 = VERTEX_POINT ( 'NONE', #365 ) ;
#758 = AXIS2_PLACEMENT_3D ( 'NONE', #3309, #1890, #487 ) ;
#759 = EDGE_LOOP ( 'NONE', ( #3169, #1535, #163, #3941, #1779 ) ) ;
#760 = CARTESIAN_POINT ( 'NONE',  ( 10.34952282459235917, -12.52733736079479421, 15.52675730902376650 ) ) ;
#761 = CIRCLE ( 'NONE', #2800, 0.2999999999999999334 ) ;
#762 = PLANE ( 'NONE',  #2581 ) ;
#763 = EDGE_CURVE ( 'NONE', #3375, #3279, #37, .T. ) ;
#764 = VERTEX_POINT ( 'NONE', #2764 ) ;
#765 = LINE ( 'NONE', #1160, #1766 ) ;
#766 = CARTESIAN_POINT ( 'NONE',  ( 12.19196609096476891, -5.199999999999905143, 12.15626144172972189 ) ) ;
#767 = ORIENTED_EDGE ( 'NONE', *, *, #2574, .T. ) ;
#768 = DIRECTION ( 'NONE',  ( 0.000000000000000000, 0.000000000000000000, 1.000000000000000000 ) ) ;
#769 = DIRECTION ( 'NONE',  ( -0.3603062169355878974, 0.000000000000000000, -0.9328340849462808393 ) ) ;
#770 = ORIENTED_EDGE ( 'NONE', *, *, #852, .F. ) ;
#771 = PLANE ( 'NONE',  #1927 ) ;
#772 = CARTESIAN_POINT ( 'NONE',  ( -10.69515927784788012, -7.174715463275129324, 15.02504397961782701 ) ) ;
#773 = CARTESIAN_POINT ( 'NONE',  ( -11.94763723614615714, -5.458094398092673494, 12.54509989680543391 ) ) ;
#774 = CIRCLE ( 'NONE', #3340, 0.3000000000000002665 ) ;
#775 = ORIENTED_EDGE ( 'NONE', *, *, #1780, .F. ) ;
#776 = VECTOR ( 'NONE', #608, 1000.000000000000000 ) ;
#777 = CARTESIAN_POINT ( 'NONE',  ( 7.706068865436530579, -12.50000000000001066, 16.62671841023169605 ) ) ;
#778 = PLANE ( 'NONE',  #547 ) ;
#779 = LINE ( 'NONE', #3910, #4073 ) ;
#780 = ORIENTED_EDGE ( 'NONE', *, *, #1621, .T. ) ;
#781 = VERTEX_POINT ( 'NONE', #4197 ) ;
#782 =( BOUNDED_CURVE ( )  B_SPLINE_CURVE ( 3, ( #2204, #2901, #3615, #2203 ),
 .UNSPECIFIED., .F., .F. ) 
 B_SPLINE_CURVE_WITH_KNOTS ( ( 4, 4 ),
 ( 1.580773165563112093, 2.202984241118697728 ),
 .UNSPECIFIED. ) 
 CURVE ( )  GEOMETRIC_REPRESENTATION_ITEM ( )  RATIONAL_B_SPLINE_CURVE ( ( 1.000000000000000000, 0.9679971560865576752, 0.9679971560865576752, 1.000000000000000000 ) ) 
 REPRESENTATION_ITEM ( '' )  );
#783 = DIRECTION ( 'NONE',  ( 1.000000000000000000, 0.000000000000000000, -6.505213034913026604E-16 ) ) ;
#784 = DIRECTION ( 'NONE',  ( -2.061858463601975203E-16, 0.000000000000000000, -1.000000000000000000 ) ) ;
#785 = ORIENTED_EDGE ( 'NONE', *, *, #1868, .F. ) ;
#786 = EDGE_CURVE ( 'NONE', #1442, #1737, #385, .T. ) ;
#787 =( NAMED_UNIT ( * ) SI_UNIT ( $, .STERADIAN. ) SOLID_ANGLE_UNIT ( ) );
#788 = EDGE_CURVE ( 'NONE', #1797, #54, #3824, .T. ) ;
#789 = CARTESIAN_POINT ( 'NONE',  ( 14.14999999999999680, -5.500000000000011546, -13.79999999999999893 ) ) ;
#790 = CARTESIAN_POINT ( 'NONE',  ( 10.17755899964003952, -5.194767466557993707, -22.12751330818695905 ) ) ;
#791 = VERTEX_POINT ( 'NONE', #3160 ) ;
#792 = DIRECTION ( 'NONE',  ( 0.000000000000000000, -0.000000000000000000, 1.000000000000000000 ) ) ;
#793 = CARTESIAN_POINT ( 'NONE',  ( 13.64999999999999858, -5.500000000000011546, 3.000000000000001332 ) ) ;
#794 = EDGE_CURVE ( 'NONE', #1163, #1446, #2079, .T. ) ;
#795 = FACE_OUTER_BOUND ( 'NONE', #3606, .T. ) ;
#796 = LINE ( 'NONE', #4569, #3988 ) ;
#797 = DIRECTION ( 'NONE',  ( -0.000000000000000000, -1.000000000000000000, -0.000000000000000000 ) ) ;
#798 = VERTEX_POINT ( 'NONE', #1060 ) ;
#799 = FACE_OUTER_BOUND ( 'NONE', #3650, .T. ) ;
#800 = CARTESIAN_POINT ( 'NONE',  ( 12.86820230503482598, -6.950000000000011724, -22.28838019439523777 ) ) ;
#801 = PLANE ( 'NONE',  #3692 ) ;
#802 =( BOUNDED_CURVE ( )  B_SPLINE_CURVE ( 3, ( #1954, #212, #3328, #2981 ),
 .UNSPECIFIED., .F., .T. ) 
 B_SPLINE_CURVE_WITH_KNOTS ( ( 4, 4 ),
 ( 4.712388980384689674, 6.283185307179586232 ),
 .UNSPECIFIED. ) 
 CURVE ( )  GEOMETRIC_REPRESENTATION_ITEM ( )  RATIONAL_B_SPLINE_CURVE ( ( 1.000000000000000000, 0.8047378541243649375, 0.8047378541243649375, 1.000000000000000000 ) ) 
 REPRESENTATION_ITEM ( '' )  );
#803 = ORIENTED_EDGE ( 'NONE', *, *, #1967, .F. ) ;
#804 = ORIENTED_EDGE ( 'NONE', *, *, #2508, .F. ) ;
#805 = ORIENTED_EDGE ( 'NONE', *, *, #3033, .F. ) ;
#806 = CARTESIAN_POINT ( 'NONE',  ( -7.563472112180261497, -12.52640787841142789, 16.82362044815840108 ) ) ;
#807 = CARTESIAN_POINT ( 'NONE',  ( 13.89999999999999680, -5.500000000000011546, -22.78963702891815757 ) ) ;
#808 = PRODUCT_RELATED_PRODUCT_CATEGORY ( 'part', '', ( #1361 ) ) ;
#809 = ORIENTED_EDGE ( 'NONE', *, *, #1185, .F. ) ;
#810 =( BOUNDED_SURFACE ( )  B_SPLINE_SURFACE ( 3, 2, ( 
 ( #1541, #3639, #2223 ),
 ( #4013, #106, #858 ),
 ( #21, #2247, #2430 ),
 ( #3521, #2770, #3850 ) ),
 .UNSPECIFIED., .F., .F., .F. ) 
 B_SPLINE_SURFACE_WITH_KNOTS ( ( 4, 4 ),
 ( 3, 3 ),
 ( 4.390689749245945350, 4.449639960933767568 ),
 ( 0.000000000000000000, 1.000000000000000000 ),
 .UNSPECIFIED. ) 
 GEOMETRIC_REPRESENTATION_ITEM ( )  RATIONAL_B_SPLINE_SURFACE ( (
 ( 1.000000000000000000, 0.6025698664749170597, 1.000000000000000000),
 ( 1.000000000000000000, 0.6092680452393838264, 1.000000000000000000),
 ( 1.000000000000000000, 0.6159202752020187521, 1.000000000000000000),
 ( 1.000000000000000000, 0.6225198192767120720, 1.000000000000000000) ) ) 
 REPRESENTATION_ITEM ( '' )  SURFACE ( )  );
#811 = DIRECTION ( 'NONE',  ( 0.000000000000000000, -0.000000000000000000, -1.000000000000000000 ) ) ;
#812 = LINE ( 'NONE', #2224, #4365 ) ;
#813 = FACE_OUTER_BOUND ( 'NONE', #1499, .T. ) ;
#814 = EDGE_CURVE ( 'NONE', #2455, #2639, #2177, .T. ) ;
#815 = EDGE_CURVE ( 'NONE', #3502, #2690, #3171, .T. ) ;
#816 = ORIENTED_EDGE ( 'NONE', *, *, #4349, .T. ) ;
#817 = CARTESIAN_POINT ( 'NONE',  ( 12.39999999999999858, -5.500000000000011546, -12.78963702891815402 ) ) ;
#818 = ORIENTED_EDGE ( 'NONE', *, *, #154, .T. ) ;
#819 = DIRECTION ( 'NONE',  ( 0.000000000000000000, 1.000000000000000000, 0.000000000000000000 ) ) ;
#820 = FACE_OUTER_BOUND ( 'NONE', #842, .T. ) ;
#821 = CARTESIAN_POINT ( 'NONE',  ( -10.43787209339785171, -5.343403209002469900, -23.76766727771438426 ) ) ;
#822 = VERTEX_POINT ( 'NONE', #3915 ) ;
#823 = EDGE_CURVE ( 'NONE', #1784, #1086, #802, .T. ) ;
#824 = CARTESIAN_POINT ( 'NONE',  ( 10.67396142659912250, -5.200000000000010836, 12.65068362120861600 ) ) ;
#825 = CARTESIAN_POINT ( 'NONE',  ( -10.55208791265468804, -8.074533021344505457, 16.05492127541534231 ) ) ;
#826 = CIRCLE ( 'NONE', #2570, 0.1999999999999999556 ) ;
#827 = ORIENTED_EDGE ( 'NONE', *, *, #1308, .T. ) ;
#828 = AXIS2_PLACEMENT_3D ( 'NONE', #2109, #4565, #3875 ) ;
#829 =( BOUNDED_CURVE ( )  B_SPLINE_CURVE ( 3, ( #2589, #4389, #1611, #134 ),
 .UNSPECIFIED., .F., .F. ) 
 B_SPLINE_CURVE_WITH_KNOTS ( ( 4, 4 ),
 ( 4.712388980384693227, 6.283185307179585344 ),
 .UNSPECIFIED. ) 
 CURVE ( )  GEOMETRIC_REPRESENTATION_ITEM ( )  RATIONAL_B_SPLINE_CURVE ( ( 1.000000000000000000, 0.8047378541243658256, 0.8047378541243658256, 1.000000000000000000 ) ) 
 REPRESENTATION_ITEM ( '' )  );
#830 = ORIENTED_EDGE ( 'NONE', *, *, #2835, .F. ) ;
#831 = EDGE_CURVE ( 'NONE', #1928, #791, #1004, .T. ) ;
#832 = CARTESIAN_POINT ( 'NONE',  ( 10.46547005383791706, -5.400000000000011013, -22.23024303063488816 ) ) ;
#833 = CIRCLE ( 'NONE', #80, 0.2999999999999999334 ) ;
#834 = AXIS2_PLACEMENT_3D ( 'NONE', #4087, #1226, #218 ) ;
#835 = CARTESIAN_POINT ( 'NONE',  ( 13.64999999999999680, -5.500000000000011546, 10.62472232502674885 ) ) ;
#836 = CIRCLE ( 'NONE', #3400, 0.2000000000000005107 ) ;
#837 = CARTESIAN_POINT ( 'NONE',  ( 11.84999999999999964, -5.500000000000011546, -12.35662432702593172 ) ) ;
#838 = PLANE ( 'NONE',  #1912 ) ;
#839 = CARTESIAN_POINT ( 'NONE',  ( -12.15000000000000036, -9.652919319987473656, 16.73357291985660922 ) ) ;
#840 = ORIENTED_EDGE ( 'NONE', *, *, #4166, .F. ) ;
#841 = CARTESIAN_POINT ( 'NONE',  ( 7.682197674665714793, -12.62291739712403782, 16.63121515033816422 ) ) ;
#842 = EDGE_LOOP ( 'NONE', ( #3732, #1401, #339, #33 ) ) ;
#843 = CARTESIAN_POINT ( 'NONE',  ( -12.15000000000000036, 17.00105930301486623, 12.35677313259561672 ) ) ;
#844 = CARTESIAN_POINT ( 'NONE',  ( -10.26366900276476279, -12.50000000000001066, 15.74604112382824894 ) ) ;
#845 = EDGE_CURVE ( 'NONE', #2850, #2028, #1410, .T. ) ;
#846 = CARTESIAN_POINT ( 'NONE',  ( 13.84999999999999964, -5.500000000000011546, 3.000000000000001332 ) ) ;
#847 = CIRCLE ( 'NONE', #1145, 0.3000000000000016542 ) ;
#848 = ORIENTED_EDGE ( 'NONE', *, *, #4035, .F. ) ;
#849 = DIRECTION ( 'NONE',  ( -0.000000000000000000, -1.000000000000000000, -0.000000000000000000 ) ) ;
#850 = DIRECTION ( 'NONE',  ( -0.000000000000000000, 1.000000000000000000, -0.000000000000000000 ) ) ;
#851 = VECTOR ( 'NONE', #2970, 1000.000000000000114 ) ;
#852 = EDGE_CURVE ( 'NONE', #2317, #2560, #3575, .T. ) ;
#853 = ADVANCED_FACE ( 'NONE', ( #63 ), #2524, .T. ) ;
#854 = ORIENTED_EDGE ( 'NONE', *, *, #2919, .F. ) ;
#855 = AXIS2_PLACEMENT_3D ( 'NONE', #3452, #2802, #4235 ) ;
#856 = ORIENTED_EDGE ( 'NONE', *, *, #2699, .T. ) ;
#857 = DIRECTION ( 'NONE',  ( 0.000000000000000000, -0.000000000000000000, 1.000000000000000000 ) ) ;
#858 = CARTESIAN_POINT ( 'NONE',  ( -8.693399580121379699, -10.56931609506976244, 17.95639148353870951 ) ) ;
#859 = AXIS2_PLACEMENT_3D ( 'NONE', #793, #3974, #3621 ) ;
#860 = CYLINDRICAL_SURFACE ( 'NONE', #3644, 0.5000000000000004441 ) ;
#861 = CARTESIAN_POINT ( 'NONE',  ( -12.18507458479210115, -5.500732957676382817, 12.17271276071005737 ) ) ;
#862 = CARTESIAN_POINT ( 'NONE',  ( -10.05004569145308224, -12.49999999999999467, -22.00000000000000355 ) ) ;
#863 = ORIENTED_EDGE ( 'NONE', *, *, #261, .T. ) ;
#864 = CARTESIAN_POINT ( 'NONE',  ( -12.15000000000000036, -9.707106781186604749, 16.73357303036088695 ) ) ;
#865 = ORIENTED_EDGE ( 'NONE', *, *, #407, .T. ) ;
#866 = CARTESIAN_POINT ( 'NONE',  ( 10.16495199884198897, -5.917022058557282804, -22.11490630738891028 ) ) ;
#867 = CARTESIAN_POINT ( 'NONE',  ( 9.915543775013468064, -8.452500255337991319, 16.70507210567406986 ) ) ;
#868 = ORIENTED_EDGE ( 'NONE', *, *, #2895, .T. ) ;
#869 = CYLINDRICAL_SURFACE ( 'NONE', #3272, 0.3000000000000013767 ) ;
#870 = CARTESIAN_POINT ( 'NONE',  ( 7.634831460674160297, -14.50000000000001066, 25.89805684925223161 ) ) ;
#871 = ORIENTED_EDGE ( 'NONE', *, *, #2211, .F. ) ;
#872 = EDGE_CURVE ( 'NONE', #1968, #3144, #2905, .T. ) ;
#873 = CARTESIAN_POINT ( 'NONE',  ( 13.84999999999999964, -5.500000000000011546, -22.35662432702594060 ) ) ;
#875 = ORIENTED_EDGE ( 'NONE', *, *, #1289, .F. ) ;
#874 = AXIS2_PLACEMENT_3D ( 'NONE', #1033, #2415, #3867 ) ;
#876 = CARTESIAN_POINT ( 'NONE',  ( 12.15211370563714688, -5.595012017404465077, 12.30271136770850937 ) ) ;
#877 = CARTESIAN_POINT ( 'NONE',  ( 12.15000000000000036, -9.565685424949295523, 16.66967721593321983 ) ) ;
#878 = CARTESIAN_POINT ( 'NONE',  ( 9.371405873647741913, -9.394974746830643042, 17.63736291403408529 ) ) ;
#879 = B_SPLINE_CURVE_WITH_KNOTS ( 'NONE', 3,
 ( #4058, #2962, #1560, #878 ),
 .UNSPECIFIED., .F., .F.,
 ( 4, 4 ),
 ( 0.000000000000000000, 0.0002822332103018428953 ),
 .UNSPECIFIED. ) ;
#880 = EDGE_CURVE ( 'NONE', #3849, #1198, #3767, .T. ) ;
#881 = FACE_OUTER_BOUND ( 'NONE', #3568, .T. ) ;
#882 = B_SPLINE_CURVE_WITH_KNOTS ( 'NONE', 3,
 ( #26, #1434, #1405, #3855 ),
 .UNSPECIFIED., .F., .F.,
 ( 4, 4 ),
 ( 0.000000000000000000, 0.005811690149545521364 ),
 .UNSPECIFIED. ) ;
#883 = LINE ( 'NONE', #1544, #1407 ) ;
#884 = EDGE_LOOP ( 'NONE', ( #4419, #1720, #1065, #4348, #3588, #4442 ) ) ;
#885 = EDGE_LOOP ( 'NONE', ( #1496, #2118, #2620, #1956 ) ) ;
#886 = DIRECTION ( 'NONE',  ( 0.8660254037844374864, -0.000000000000000000, 0.5000000000000023315 ) ) ;
#887 = ORIENTED_EDGE ( 'NONE', *, *, #3337, .T. ) ;
#888 = CARTESIAN_POINT ( 'NONE',  ( -10.05004569145308224, -12.49999999999999467, -22.00000000000000355 ) ) ;
#889 = DIRECTION ( 'NONE',  ( 0.000000000000000000, 1.000000000000000000, 0.000000000000000000 ) ) ;
#890 = DIRECTION ( 'NONE',  ( -1.000000000000000000, 0.000000000000000000, -1.961181171427463072E-16 ) ) ;
#891 = VERTEX_POINT ( 'NONE', #4550 ) ;
#892 = ORIENTED_EDGE ( 'NONE', *, *, #3176, .F. ) ;
#893 = FACE_OUTER_BOUND ( 'NONE', #3877, .T. ) ;
#894 = CARTESIAN_POINT ( 'NONE',  ( -10.42952924663998893, -7.943772511471870246, 15.58157060627143586 ) ) ;
#895 = ORIENTED_EDGE ( 'NONE', *, *, #4085, .F. ) ;
#896 = CARTESIAN_POINT ( 'NONE',  ( -10.41694386149066887, -7.778272411134916631, 15.79097635534872168 ) ) ;
#897 = B_SPLINE_CURVE_WITH_KNOTS ( 'NONE', 3,
 ( #1881, #1210, #3671, #4432, #227, #1573, #1234, #1638 ),
 .UNSPECIFIED., .F., .F.,
 ( 4, 2, 2, 4 ),
 ( 2.453269466693398698E-18, 0.0002444665286885986917, 0.0003666997930328990134, 0.0004889330573771994435 ),
 .UNSPECIFIED. ) ;
#898 = ORIENTED_EDGE ( 'NONE', *, *, #584, .F. ) ;
#899 = DIRECTION ( 'NONE',  ( 0.000000000000000000, 0.000000000000000000, -1.000000000000000000 ) ) ;
#900 = DIRECTION ( 'NONE',  ( 2.061858463601975203E-16, -0.000000000000000000, 1.000000000000000000 ) ) ;
#901 = CIRCLE ( 'NONE', #378, 0.5000000000000004441 ) ;
#902 = EDGE_CURVE ( 'NONE', #372, #2566, #2186, .T. ) ;
#903 = CARTESIAN_POINT ( 'NONE',  ( 13.84999999999999787, -5.200000000000010836, 10.62472232502674885 ) ) ;
#904 = VECTOR ( 'NONE', #3441, 1000.000000000000114 ) ;
#905 = AXIS2_PLACEMENT_3D ( 'NONE', #3968, #811, #2451 ) ;
#906 = ORIENTED_EDGE ( 'NONE', *, *, #1781, .T. ) ;
#907 = CIRCLE ( 'NONE', #3840, 0.2000000000000005107 ) ;
#908 = VECTOR ( 'NONE', #1378, 1000.000000000000000 ) ;
#909 = CARTESIAN_POINT ( 'NONE',  ( 7.634831460674158521, -12.50000000000001066, 25.89805684925222451 ) ) ;
#910 = EDGE_CURVE ( 'NONE', #920, #192, #1010, .T. ) ;
#911 = CARTESIAN_POINT ( 'NONE',  ( -11.95638534771071981, -9.443949195209084380, 16.95332757789120137 ) ) ;
#912 = CIRCLE ( 'NONE', #3466, 0.3000000000000003220 ) ;
#913 = ORIENTED_EDGE ( 'NONE', *, *, #3944, .T. ) ;
#914 = AXIS2_PLACEMENT_3D ( 'NONE', #2632, #931, #2987 ) ;
#915 = CARTESIAN_POINT ( 'NONE',  ( -10.47399188756785016, -5.396509518712553799, -21.82403757902093133 ) ) ;
#916 = ORIENTED_EDGE ( 'NONE', *, *, #2700, .T. ) ;
#917 = CARTESIAN_POINT ( 'NONE',  ( -9.832275587743209755, -8.937075370031761778, 17.24933198976987825 ) ) ;
#918 = CARTESIAN_POINT ( 'NONE',  ( 9.850283347242484666, -8.565534631964325740, 16.59074114161170499 ) ) ;
#919 = ORIENTED_EDGE ( 'NONE', *, *, #1519, .T. ) ;
#920 = VERTEX_POINT ( 'NONE', #4191 ) ;
#921 = CARTESIAN_POINT ( 'NONE',  ( -12.13727472846355582, -5.409794818273353734, 12.39175071858877963 ) ) ;
#922 = DIRECTION ( 'NONE',  ( 0.000000000000000000, 0.000000000000000000, 1.000000000000000000 ) ) ;
#923 = ORIENTED_EDGE ( 'NONE', *, *, #2294, .F. ) ;
#924 = VECTOR ( 'NONE', #1661, 1000.000000000000000 ) ;
#925 = CARTESIAN_POINT ( 'NONE',  ( 10.40773502691895480, -5.500000000000010658, -23.60000000000000142 ) ) ;
#926 = ORIENTED_EDGE ( 'NONE', *, *, #140, .T. ) ;
#927 = DIRECTION ( 'NONE',  ( 0.000000000000000000, 1.000000000000000000, 0.000000000000000000 ) ) ;
#928 = CARTESIAN_POINT ( 'NONE',  ( -12.14999999999999858, -5.500000000000010658, -12.35662432702593350 ) ) ;
#929 = AXIS2_PLACEMENT_3D ( 'NONE', #431, #3516, #2126 ) ;
#930 = AXIS2_PLACEMENT_3D ( 'NONE', #1600, #1991, #2261 ) ;
#931 = DIRECTION ( 'NONE',  ( 1.000000000000000000, 0.000000000000000000, 0.000000000000000000 ) ) ;
#932 = CARTESIAN_POINT ( 'NONE',  ( 12.65000000000000213, -5.500000000000011546, 12.35677313259562382 ) ) ;
#933 = ORIENTED_EDGE ( 'NONE', *, *, #2178, .T. ) ;
#934 = EDGE_CURVE ( 'NONE', #2404, #609, #2777, .T. ) ;
#935 = ORIENTED_EDGE ( 'NONE', *, *, #2941, .F. ) ;
#936 = CARTESIAN_POINT ( 'NONE',  ( 14.14999999999999858, -5.500000000000011546, 3.000000000000001332 ) ) ;
#937 = ORIENTED_EDGE ( 'NONE', *, *, #599, .T. ) ;
#938 = CARTESIAN_POINT ( 'NONE',  ( 0.000000000000000000, -12.50000000000001066, 0.000000000000000000 ) ) ;
#939 = CARTESIAN_POINT ( 'NONE',  ( 10.23272644311155055, -8.253445652082588069, 15.85749211946089687 ) ) ;
#940 = ADVANCED_FACE ( 'NONE', ( #1164 ), #4171, .T. ) ;
#941 = ORIENTED_EDGE ( 'NONE', *, *, #363, .T. ) ;
#942 = CARTESIAN_POINT ( 'NONE',  ( -10.73114418875766418, -5.346446609406741324, 13.01342907219199141 ) ) ;
#943 = DIRECTION ( 'NONE',  ( -3.469446951953611033E-15, 0.000000000000000000, 1.000000000000000000 ) ) ;
#944 = CARTESIAN_POINT ( 'NONE',  ( -13.64999999999999858, -5.500000000000011546, 2.800000000000001155 ) ) ;
#945 = EDGE_LOOP ( 'NONE', ( #1205, #3401, #2665, #974 ) ) ;
#946 = CARTESIAN_POINT ( 'NONE',  ( 10.34999999999999787, -12.49999999999999645, -21.70004569145308437 ) ) ;
#947 = EDGE_LOOP ( 'NONE', ( #52, #952, #875, #1594 ) ) ;
#948 = CARTESIAN_POINT ( 'NONE',  ( -12.15000000000000036, -6.950000000000011724, 3.449999999999991296 ) ) ;
#949 = DIRECTION ( 'NONE',  ( 0.5000000000000022204, 0.000000000000000000, 0.8660254037844372643 ) ) ;
#950 = FACE_OUTER_BOUND ( 'NONE', #2462, .T. ) ;
#951 =( BOUNDED_CURVE ( )  B_SPLINE_CURVE ( 3, ( #662, #717, #1796, #1087 ),
 .UNSPECIFIED., .F., .F. ) 
 B_SPLINE_CURVE_WITH_KNOTS ( ( 4, 4 ),
 ( 2.356346783439929204, 3.304627448184076055 ),
 .UNSPECIFIED. ) 
 CURVE ( )  GEOMETRIC_REPRESENTATION_ITEM ( )  RATIONAL_B_SPLINE_CURVE ( ( 1.000000000000000000, 0.9264570346843374882, 0.9264570346843374882, 1.000000000000000000 ) ) 
 REPRESENTATION_ITEM ( '' )  );
#952 = ORIENTED_EDGE ( 'NONE', *, *, #4234, .F. ) ;
#953 = DIRECTION ( 'NONE',  ( -0.000000000000000000, -1.000000000000000000, -0.000000000000000000 ) ) ;
#954 = EDGE_LOOP ( 'NONE', ( #14, #1072, #4543, #3853 ) ) ;
#955 = DIRECTION ( 'NONE',  ( 0.000000000000000000, 1.000000000000000000, 0.000000000000000000 ) ) ;
#956 = DIRECTION ( 'NONE',  ( -0.8125314260817289025, 0.000000000000000000, 0.5829173883403994116 ) ) ;
#957 = EDGE_CURVE ( 'NONE', #372, #3562, #4217, .T. ) ;
#958 = EDGE_CURVE ( 'NONE', #2859, #2128, #3672, .T. ) ;
#959 = CARTESIAN_POINT ( 'NONE',  ( -11.85000000000000142, -5.670226432448637333, 12.35677313259561672 ) ) ;
#960 = DIRECTION ( 'NONE',  ( 0.000000000000000000, -1.000000000000000000, 0.000000000000000000 ) ) ;
#961 = CARTESIAN_POINT ( 'NONE',  ( 10.34608939193673471, -7.826563419041073111, 15.87100865254039483 ) ) ;
#962 = EDGE_CURVE ( 'NONE', #1834, #781, #172, .T. ) ;
#963 = ORIENTED_EDGE ( 'NONE', *, *, #2251, .F. ) ;
#964 = CARTESIAN_POINT ( 'NONE',  ( -10.39587489562517497, -7.798201529269676691, 15.82083129149552114 ) ) ;
#965 = CARTESIAN_POINT ( 'NONE',  ( 10.67396142659912250, -5.200000000000010836, 12.65068362120861600 ) ) ;
#966 = DIRECTION ( 'NONE',  ( 0.8660254037844383745, -0.000000000000000000, -0.5000000000000003331 ) ) ;
#967 = CARTESIAN_POINT ( 'NONE',  ( -13.74999999999999645, -5.500000000000010658, -22.52982940778282739 ) ) ;
#968 = CARTESIAN_POINT ( 'NONE',  ( 11.94275964880891117, -6.744265400050323933, 13.99637691772367987 ) ) ;
#969 = CARTESIAN_POINT ( 'NONE',  ( 10.52320508075688821, -5.299999999999995381, -23.60000000000000142 ) ) ;
#970 = VECTOR ( 'NONE', #3527, 1000.000000000000114 ) ;
#971 = CLOSED_SHELL ( 'NONE', ( #1524, #412, #74, #1842, #648, #301, #4141, #2797, #2268, #4228, #1542, #185, #4029, #3148, #1576, #1315, #4227, #2564, #3131, #1498, #3514, #156, #4398, #206, #4445, #3702, #2487, #2330, #1975, #2401, #471, #1466, #1101, #190, #2371, #2762, #3680, #2547, #443, #4008, #2304, #1158, #364, #1676, #3507, #528, #1900, #2069, #638, #4263, #3987, #589, #1627, #1132, #3114, #3949, #2220, #3881, #2601, #3164, #4189, #2122, #2299, #2979, #1180, #4364, #2599, #853, #507, #4466, #940, #4444, #673, #3738, #489, #3642, #3483, #207, #3715, #993, #3683, #4285, #3029, #2345, #3060, #1266, #449, #1565, #4563, #3663, #1426, #521, #3283, #3287, #2999, #1702, #44, #2321, #4290, #291, #2407, #1726, #2795, #4399, #3314, #1518, #69, #4165, #329, #3139, #3625, #3263, #2240, #701, #4086, #1929, #268, #2974, #13, #2721, #2096, #4042, #2677, #2657, #1399, #3257, #2989, #1786, #1295, #3766, #1752, #1014, #3659, #2515, #1547, #3634, #356, #4496, #2630, #4438, #2402, #3082 ) ) ;
#972 = ORIENTED_EDGE ( 'NONE', *, *, #127, .F. ) ;
#973 = CARTESIAN_POINT ( 'NONE',  ( 10.34892114499130855, -5.395129914552751593, -22.06778493106948957 ) ) ;
#974 = ORIENTED_EDGE ( 'NONE', *, *, #2323, .F. ) ;
#975 = CIRCLE ( 'NONE', #225, 0.2000000000000005107 ) ;
#976 = CARTESIAN_POINT ( 'NONE',  ( 11.93480580525836565, -9.353553390593331684, 16.86411994630512368 ) ) ;
#977 = LINE ( 'NONE', #3756, #2493 ) ;
#978 = VECTOR ( 'NONE', #3367, 1000.000000000000000 ) ;
#979 = VERTEX_POINT ( 'NONE', #3439 ) ;
#980 = AXIS2_PLACEMENT_3D ( 'NONE', #130, #3991, #530 ) ;
#981 = FACE_OUTER_BOUND ( 'NONE', #3582, .T. ) ;
#982 = DIRECTION ( 'NONE',  ( 0.3390101823093022437, 0.5871828600429045419, -0.7350431178933983789 ) ) ;
#983 = CARTESIAN_POINT ( 'NONE',  ( 10.43286121233073338, -7.752884324893910772, 15.75723860756911954 ) ) ;
#984 = CIRCLE ( 'NONE', #1202, 0.2000000000000001221 ) ;
#985 = VERTEX_POINT ( 'NONE', #302 ) ;
#986 = EDGE_CURVE ( 'NONE', #3805, #430, #4493, .T. ) ;
#987 = DIRECTION ( 'NONE',  ( 0.000000000000000000, 0.000000000000000000, 1.000000000000000000 ) ) ;
#988 = EDGE_CURVE ( 'NONE', #1968, #2476, #1855, .T. ) ;
#989 = FACE_OUTER_BOUND ( 'NONE', #885, .T. ) ;
#990 = CARTESIAN_POINT ( 'NONE',  ( -9.590040606654714139, -9.353553390593331684, 17.77128881405509020 ) ) ;
#991 = CARTESIAN_POINT ( 'NONE',  ( 12.14999999999912461, -5.631890666363271514, 12.32978465821416414 ) ) ;
#992 = VECTOR ( 'NONE', #2957, 1000.000000000000114 ) ;
#993 = ADVANCED_FACE ( 'NONE', ( #331 ), #349, .T. ) ;
#994 = DIRECTION ( 'NONE',  ( 0.8660254037844397068, -0.000000000000000000, 0.4999999999999983902 ) ) ;
#995 = AXIS2_PLACEMENT_3D ( 'NONE', #3095, #3345, #3468 ) ;
#996 = CARTESIAN_POINT ( 'NONE',  ( 12.15000000000000036, -8.099222980933708627, 15.39733804943360695 ) ) ;
#997 = DIRECTION ( 'NONE',  ( -0.4999999999999981126, -0.8660254037844397068, 0.000000000000000000 ) ) ;
#998 = CIRCLE ( 'NONE', #2449, 0.2999999999999999334 ) ;
#999 = EDGE_LOOP ( 'NONE', ( #314, #2463, #1937, #2853, #3932, #510 ) ) ;
#1000 = CARTESIAN_POINT ( 'NONE',  ( -10.35000000000000142, -12.49999999999999467, 40.49704415459112994 ) ) ;
#1001 = CARTESIAN_POINT ( 'NONE',  ( 14.14999999999999680, -18.33257888130140856, -13.79999999999999893 ) ) ;
#1002 = CARTESIAN_POINT ( 'NONE',  ( 13.64999999999999680, -18.33257888130140856, -14.08867513459481202 ) ) ;
#1003 = ORIENTED_EDGE ( 'NONE', *, *, #3679, .F. ) ;
#1004 =( BOUNDED_CURVE ( )  B_SPLINE_CURVE ( 3, ( #1242, #3133, #89, #278 ),
 .UNSPECIFIED., .F., .F. ) 
 B_SPLINE_CURVE_WITH_KNOTS ( ( 4, 4 ),
 ( 4.722365819152900990, 5.344576894708502834 ),
 .UNSPECIFIED. ) 
 CURVE ( )  GEOMETRIC_REPRESENTATION_ITEM ( )  RATIONAL_B_SPLINE_CURVE ( ( 1.000000000000000000, 0.9679971560865561209, 0.9679971560865561209, 1.000000000000000000 ) ) 
 REPRESENTATION_ITEM ( '' )  );
#1005 = CARTESIAN_POINT ( 'NONE',  ( 10.34999999999999787, -12.49999999999999645, 40.49704415459112994 ) ) ;
#1006 = CARTESIAN_POINT ( 'NONE',  ( 10.31034787501309680, -8.115514777132609936, 16.19352754239320191 ) ) ;
#1007 = DIRECTION ( 'NONE',  ( 0.8660254037844374864, -0.000000000000000000, 0.5000000000000023315 ) ) ;
#1008 = DIRECTION ( 'NONE',  ( 0.000000000000000000, 0.7359360763194418009, 0.6770510258256349223 ) ) ;
#1009 = ORIENTED_EDGE ( 'NONE', *, *, #2565, .T. ) ;
#1010 = LINE ( 'NONE', #2851, #213 ) ;
#1011 = CARTESIAN_POINT ( 'NONE',  ( 10.23272644311155055, -8.253445652082588069, 15.85749211946089687 ) ) ;
#1012 = CARTESIAN_POINT ( 'NONE',  ( 12.16394755894221014, -5.524651349226381569, 12.23929855267384958 ) ) ;
#1013 = CARTESIAN_POINT ( 'NONE',  ( -10.16495199884198897, -5.920512539844730249, -22.31487584642018973 ) ) ;
#1014 = ADVANCED_FACE ( 'NONE', ( #2736 ), #645, .T. ) ;
#1015 = LINE ( 'NONE', #1232, #2518 ) ;
#1016 = CARTESIAN_POINT ( 'NONE',  ( 7.550000000000000711, -14.50000000000001066, 25.61030066203830913 ) ) ;
#1017 = CARTESIAN_POINT ( 'NONE',  ( 0.000000000000000000, -5.700000000000010836, -10.49999999999999822 ) ) ;
#1018 = EDGE_CURVE ( 'NONE', #237, #2678, #2099, .T. ) ;
#1019 = ORIENTED_EDGE ( 'NONE', *, *, #2316, .F. ) ;
#1020 = CARTESIAN_POINT ( 'NONE',  ( 10.07246919012276543, -8.524235915193560942, 16.72355781796130714 ) ) ;
#1021 = CYLINDRICAL_SURFACE ( 'NONE', #2577, 0.5000000000000004441 ) ;
#1022 = ORIENTED_EDGE ( 'NONE', *, *, #3744, .T. ) ;
#1023 = CARTESIAN_POINT ( 'NONE',  ( 10.25939288115325354, -8.256936133370050612, 16.06160488095588335 ) ) ;
#1024 = CARTESIAN_POINT ( 'NONE',  ( -11.96969696969696706, -9.707106781186604749, 17.00865962662715347 ) ) ;
#1025 = CARTESIAN_POINT ( 'NONE',  ( 10.40970647179274700, -8.115514736582960964, 16.15499914568045625 ) ) ;
#1026 = CARTESIAN_POINT ( 'NONE',  ( 10.34999999999999787, -12.50000000000001421, -21.87576593954803172 ) ) ;
#1027 = ORIENTED_EDGE ( 'NONE', *, *, #1370, .F. ) ;
#1028 = CARTESIAN_POINT ( 'NONE',  ( 11.95903609698376435, -5.346446609406734218, 12.41332053553019854 ) ) ;
#1029 = DIRECTION ( 'NONE',  ( 0.000000000000000000, 0.000000000000000000, 1.000000000000000000 ) ) ;
#1030 = CARTESIAN_POINT ( 'NONE',  ( 12.15000000000000036, -5.324264068711941356, 2.500000000000001776 ) ) ;
#1031 = DIRECTION ( 'NONE',  ( 0.000000000000000000, 1.000000000000000000, 0.000000000000000000 ) ) ;
#1032 = CARTESIAN_POINT ( 'NONE',  ( 10.47245814652242046, -5.484377484356588894, 12.88477304920238531 ) ) ;
#1033 = CARTESIAN_POINT ( 'NONE',  ( 13.64999999999999680, -5.500000000000011546, -14.08867513459481202 ) ) ;
#1034 = ORIENTED_EDGE ( 'NONE', *, *, #1849, .F. ) ;
#1035 = CARTESIAN_POINT ( 'NONE',  ( -14.05849364905389010, -5.999999999999992006, -22.69813067797205264 ) ) ;
#1036 = EDGE_CURVE ( 'NONE', #791, #1857, #1729, .T. ) ;
#1037 = EDGE_CURVE ( 'NONE', #4403, #2812, #1872, .T. ) ;
#1038 = CARTESIAN_POINT ( 'NONE',  ( 10.18462600466241774, -10.99037018900227736, 15.82490478752657204 ) ) ;
#1039 = CARTESIAN_POINT ( 'NONE',  ( 11.94276068353775067, -6.743992533644366461, 13.99606902344156190 ) ) ;
#1040 = CARTESIAN_POINT ( 'NONE',  ( 12.14999999999999858, -5.500000000000011546, 2.500000000000002220 ) ) ;
#1041 = B_SPLINE_CURVE_WITH_KNOTS ( 'NONE', 3,
 ( #4180, #1020, #2681, #4431 ),
 .UNSPECIFIED., .F., .F.,
 ( 4, 4 ),
 ( 3.698741377015320190E-06, 0.002134691413250894201 ),
 .UNSPECIFIED. ) ;
#1042 = EDGE_CURVE ( 'NONE', #1311, #465, #3135, .T. ) ;
#1043 = CARTESIAN_POINT ( 'NONE',  ( -7.553743548422932719, -12.54325824512379128, 16.66903202845712784 ) ) ;
#1044 = CARTESIAN_POINT ( 'NONE',  ( 1.821459649775654154E-15, -5.500000000000010658, 2.800000000000010036 ) ) ;
#1045 = CIRCLE ( 'NONE', #2710, 0.3000000000000002665 ) ;
#1046 = ORIENTED_EDGE ( 'NONE', *, *, #1211, .T. ) ;
#1047 = AXIS2_PLACEMENT_3D ( 'NONE', #1523, #3146, #1094 ) ;
#1048 = CARTESIAN_POINT ( 'NONE',  ( -10.47399188756785016, -5.396509518712553799, 12.65068362120860890 ) ) ;
#1049 = LINE ( 'NONE', #4370, #2368 ) ;
#1050 = CARTESIAN_POINT ( 'NONE',  ( -10.71640813282269278, -5.250865615410615028, 12.91508976531829589 ) ) ;
#1051 = FACE_OUTER_BOUND ( 'NONE', #3203, .T. ) ;
#1052 = AXIS2_PLACEMENT_3D ( 'NONE', #4027, #3300, #2995 ) ;
#1053 = VERTEX_POINT ( 'NONE', #713 ) ;
#1054 = FACE_OUTER_BOUND ( 'NONE', #4126, .T. ) ;
#1055 = VECTOR ( 'NONE', #3208, 1000.000000000000114 ) ;
#1056 = CARTESIAN_POINT ( 'NONE',  ( -13.89999999999999680, -5.999999999999996447, -22.78963702891815757 ) ) ;
#1057 = CARTESIAN_POINT ( 'NONE',  ( -12.14999999999999858, -6.950000000000011724, -12.35662432702593350 ) ) ;
#1058 = CARTESIAN_POINT ( 'NONE',  ( -9.915543775015407846, -8.452500255336913071, 16.70507210566252709 ) ) ;
#1059 = B_SPLINE_CURVE_WITH_KNOTS ( 'NONE', 3,
 ( #214, #523, #2348, #3746 ),
 .UNSPECIFIED., .F., .F.,
 ( 4, 4 ),
 ( 8.673617379884035472E-19, 0.0001388072234000939300 ),
 .UNSPECIFIED. ) ;
#1060 = CARTESIAN_POINT ( 'NONE',  ( 12.15000000000000036, -6.950000000000011724, 3.449999999999991296 ) ) ;
#1061 = ORIENTED_EDGE ( 'NONE', *, *, #3403, .F. ) ;
#1062 = CARTESIAN_POINT ( 'NONE',  ( -12.65000000000000213, -5.500000000000011546, 12.35677313259561849 ) ) ;
#1063 = CARTESIAN_POINT ( 'NONE',  ( 12.15000000000000213, -9.596326919830310942, 16.93020488443557880 ) ) ;
#1064 = VECTOR ( 'NONE', #4532, 1000.000000000000000 ) ;
#1065 = ORIENTED_EDGE ( 'NONE', *, *, #1036, .T. ) ;
#1066 = TOROIDAL_SURFACE ( 'NONE', #1642, 0.7999999999999999334, 0.2999999999999999889 ) ;
#1067 = CARTESIAN_POINT ( 'NONE',  ( -13.84999999999999787, -5.200000000000010836, -14.08867513459481202 ) ) ;
#1068 = CARTESIAN_POINT ( 'NONE',  ( -9.611841582910354731, -8.978527882433933627, 17.11604932933456169 ) ) ;
#1069 = AXIS2_PLACEMENT_3D ( 'NONE', #1062, #1735, #4272 ) ;
#1070 = EDGE_CURVE ( 'NONE', #4092, #570, #2815, .T. ) ;
#1071 = AXIS2_PLACEMENT_3D ( 'NONE', #3609, #1249, #1201 ) ;
#1072 = ORIENTED_EDGE ( 'NONE', *, *, #2038, .F. ) ;
#1073 = CARTESIAN_POINT ( 'NONE',  ( 10.28604253777594835, -5.310777574095221887, -23.55219893033251921 ) ) ;
#1074 = ORIENTED_EDGE ( 'NONE', *, *, #1888, .T. ) ;
#1075 = CARTESIAN_POINT ( 'NONE',  ( 7.250000000000000888, -14.50000000000001066, 25.61030066203830913 ) ) ;
#1076 = DIRECTION ( 'NONE',  ( 0.000000000000000000, -0.000000000000000000, 1.000000000000000000 ) ) ;
#1077 = LINE ( 'NONE', #2459, #11 ) ;
#1078 = VERTEX_POINT ( 'NONE', #3908 ) ;
#1079 = EDGE_CURVE ( 'NONE', #105, #3668, #3956, .T. ) ;
#1080 = DIRECTION ( 'NONE',  ( 0.000000000000000000, 0.000000000000000000, 1.000000000000000000 ) ) ;
#1081 = EDGE_LOOP ( 'NONE', ( #3884, #1753, #3057, #2018, #1464 ) ) ;
#1082 = DIRECTION ( 'NONE',  ( 1.000000000000000000, 0.000000000000000000, 0.000000000000000000 ) ) ;
#1083 = CARTESIAN_POINT ( 'NONE',  ( 10.68210934962828063, -7.845099914721179957, 15.75523780227892878 ) ) ;
#1084 = CARTESIAN_POINT ( 'NONE',  ( -9.590040606654714139, -9.353553390593331684, 17.77128881405509020 ) ) ;
#1085 = ORIENTED_EDGE ( 'NONE', *, *, #327, .T. ) ;
#1086 = VERTEX_POINT ( 'NONE', #751 ) ;
#1087 = CARTESIAN_POINT ( 'NONE',  ( -10.46547005383791529, -5.200000000000010836, -22.23024303063489526 ) ) ;
#1088 = VERTEX_POINT ( 'NONE', #1463 ) ;
#1089 = DIRECTION ( 'NONE',  ( 0.4999428824215580436, -0.8659264732365768991, 0.01511480281340694953 ) ) ;
#1090 = CARTESIAN_POINT ( 'NONE',  ( 12.15000000000000036, -9.602094232647456096, 16.70939831090865724 ) ) ;
#1091 = ORIENTED_EDGE ( 'NONE', *, *, #154, .F. ) ;
#1092 = CARTESIAN_POINT ( 'NONE',  ( 10.37747726250792724, -10.92582868520240247, 15.54592401976617921 ) ) ;
#1093 = DIRECTION ( 'NONE',  ( 0.000000000000000000, 1.000000000000000000, 0.000000000000000000 ) ) ;
#1094 = DIRECTION ( 'NONE',  ( -1.000000000000000000, 0.000000000000000000, -4.259132699590106941E-17 ) ) ;
#1095 = CARTESIAN_POINT ( 'NONE',  ( 8.693353153793919930, -10.56939650782773121, 17.95640695634264716 ) ) ;
#1096 = DIRECTION ( 'NONE',  ( 0.000000000000000000, 1.000000000000000000, 0.000000000000000000 ) ) ;
#1097 = ORIENTED_EDGE ( 'NONE', *, *, #164, .F. ) ;
#1098 = CARTESIAN_POINT ( 'NONE',  ( 12.15000000000000036, -6.956402247817166540, 13.80552681027040762 ) ) ;
#1099 = DIRECTION ( 'NONE',  ( -0.8660254037844405950, -0.4999999999999966693, 0.000000000000000000 ) ) ;
#1100 = FACE_OUTER_BOUND ( 'NONE', #945, .T. ) ;
#1101 = ADVANCED_FACE ( 'NONE', ( #4287 ), #778, .T. ) ;
#1102 = CARTESIAN_POINT ( 'NONE',  ( -10.26466701264095072, -5.347801069667499796, -23.58922242590479001 ) ) ;
#1103 = EDGE_CURVE ( 'NONE', #1241, #105, #2302, .T. ) ;
#1104 = VERTEX_POINT ( 'NONE', #3674 ) ;
#1105 = DIRECTION ( 'NONE',  ( 1.000000000000000000, 0.000000000000000000, 0.000000000000000000 ) ) ;
#1106 = CARTESIAN_POINT ( 'NONE',  ( -7.549999999999998046, -12.50000000000001066, 25.61030066203830913 ) ) ;
#1107 = EDGE_CURVE ( 'NONE', #3264, #4337, #241, .T. ) ;
#1108 = ORIENTED_EDGE ( 'NONE', *, *, #3535, .F. ) ;
#1109 = VERTEX_POINT ( 'NONE', #1537 ) ;
#1110 = EDGE_CURVE ( 'NONE', #49, #4213, #2077, .T. ) ;
#1111 =( BOUNDED_CURVE ( )  B_SPLINE_CURVE ( 3, ( #2102, #3461, #2350, #659 ),
 .UNSPECIFIED., .F., .F. ) 
 B_SPLINE_CURVE_WITH_KNOTS ( ( 4, 4 ),
 ( -1.776356839400250465E-15, 1.047197551196600740 ),
 .UNSPECIFIED. ) 
 CURVE ( )  GEOMETRIC_REPRESENTATION_ITEM ( )  RATIONAL_B_SPLINE_CURVE ( ( 1.000000000000000000, 0.9106836025229583242, 0.9106836025229583242, 1.000000000000000000 ) ) 
 REPRESENTATION_ITEM ( '' )  );
#1112 = CARTESIAN_POINT ( 'NONE',  ( 13.84999999999999964, -5.200000000000010836, 2.855673972088735444E-15 ) ) ;
#1113 = CARTESIAN_POINT ( 'NONE',  ( -1.821459649775654154E-15, -5.200000000000010836, 2.800000000000010036 ) ) ;
#1114 = EDGE_CURVE ( 'NONE', #1797, #2317, #2217, .T. ) ;
#1115 = EDGE_LOOP ( 'NONE', ( #926, #4440, #477, #2467 ) ) ;
#1116 = DIRECTION ( 'NONE',  ( -0.000000000000000000, -1.000000000000000000, -0.000000000000000000 ) ) ;
#1117 = CARTESIAN_POINT ( 'NONE',  ( 8.361262123005181124, -11.64114258464610963, 18.31730151992050892 ) ) ;
#1118 = ORIENTED_EDGE ( 'NONE', *, *, #2094, .T. ) ;
#1119 = CARTESIAN_POINT ( 'NONE',  ( -9.338992401014291289, -9.451116528281518825, 17.70764192401529158 ) ) ;
#1120 = DIRECTION ( 'NONE',  ( 0.000000000000000000, 0.000000000000000000, 1.000000000000000000 ) ) ;
#1121 = CARTESIAN_POINT ( 'NONE',  ( 9.590040606654717692, -9.353553390593329908, 17.77128881405509375 ) ) ;
#1122 = CARTESIAN_POINT ( 'NONE',  ( 10.72760212305353456, -5.525131803253295892, 13.21134372118913625 ) ) ;
#1123 = CARTESIAN_POINT ( 'NONE',  ( -10.33939236057803335, -5.218372970427289204, -23.62393518391778002 ) ) ;
#1124 = ORIENTED_EDGE ( 'NONE', *, *, #1114, .T. ) ;
#1125 = VECTOR ( 'NONE', #1330, 1000.000000000000000 ) ;
#1126 = CARTESIAN_POINT ( 'NONE',  ( 7.663193361865675790, -12.50000000000001066, 16.65253005116991503 ) ) ;
#1127 = FACE_OUTER_BOUND ( 'NONE', #2369, .T. ) ;
#1128 = CARTESIAN_POINT ( 'NONE',  ( 7.250000000000000888, -12.50000000000001066, 14.27693615844911257 ) ) ;
#1129 = VECTOR ( 'NONE', #3306, 1000.000000000000000 ) ;
#1130 =( BOUNDED_SURFACE ( )  B_SPLINE_SURFACE ( 3, 2, ( 
 ( #760, #3193, #3590 ),
 ( #2790, #3163, #1038 ),
 ( #1422, #692, #342 ),
 ( #79, #3845, #1798 ) ),
 .UNSPECIFIED., .F., .F., .T. ) 
 B_SPLINE_SURFACE_WITH_KNOTS ( ( 4, 4 ),
 ( 3, 3 ),
 ( 0.03869913713489601947, 0.04331107133126429337 ),
 ( 0.000000000000000000, 1.000000000000000000 ),
 .UNSPECIFIED. ) 
 GEOMETRIC_REPRESENTATION_ITEM ( )  RATIONAL_B_SPLINE_SURFACE ( (
 ( 1.000000000000000000, 0.8247423937089948254, 1.000000000000000000),
 ( 1.000000000000000000, 0.8249288249512044535, 1.000000000000000000),
 ( 1.000000000000000000, 0.8251146552068941986, 1.000000000000000000),
 ( 1.000000000000000000, 0.8252998903128201391, 1.000000000000000000) ) ) 
 REPRESENTATION_ITEM ( '' )  SURFACE ( )  );
#1131 = ORIENTED_EDGE ( 'NONE', *, *, #1622, .F. ) ;
#1132 = ADVANCED_FACE ( 'NONE', ( #1127 ), #4032, .F. ) ;
#1133 = EDGE_CURVE ( 'NONE', #1155, #3199, #98, .T. ) ;
#1134 = CIRCLE ( 'NONE', #3700, 0.2000000000000005107 ) ;
#1135 = ORIENTED_EDGE ( 'NONE', *, *, #3794, .T. ) ;
#1136 = CYLINDRICAL_SURFACE ( 'NONE', #3861, 0.2000000000000001221 ) ;
#1137 = CARTESIAN_POINT ( 'NONE',  ( 12.15000000000000036, -9.653340064336644488, 16.73357275919919473 ) ) ;
#1138 = EDGE_CURVE ( 'NONE', #609, #3922, #3610, .T. ) ;
#1139 = VERTEX_POINT ( 'NONE', #4007 ) ;
#1140 =( BOUNDED_SURFACE ( )  B_SPLINE_SURFACE ( 3, 2, ( 
 ( #4339, #2825, #482 ),
 ( #3499, #1758, #370 ),
 ( #2939, #346, #3286 ),
 ( #806, #1043, #1870 ) ),
 .UNSPECIFIED., .F., .F., .F. ) 
 B_SPLINE_SURFACE_WITH_KNOTS ( ( 4, 4 ),
 ( 3, 3 ),
 ( 1.230561682221039232, 1.324083583296534750 ),
 ( 0.000000000000000000, 1.000000000000000000 ),
 .UNSPECIFIED. ) 
 GEOMETRIC_REPRESENTATION_ITEM ( )  RATIONAL_B_SPLINE_SURFACE ( (
 ( 1.000000000000000000, 0.8126232263126070832, 1.000000000000000000),
 ( 1.000000000000000000, 0.8049575221825119309, 1.000000000000000000),
 ( 1.000000000000000000, 0.7970360810349685909, 1.000000000000000000),
 ( 1.000000000000000000, 0.7888692658683976733, 1.000000000000000000) ) ) 
 REPRESENTATION_ITEM ( '' )  SURFACE ( )  );
#1141 = LINE ( 'NONE', #2181, #292 ) ;
#1142 = PLANE ( 'NONE',  #1200 ) ;
#1143 = PLANE ( 'NONE',  #81 ) ;
#1144 = ORIENTED_EDGE ( 'NONE', *, *, #4242, .F. ) ;
#1145 = AXIS2_PLACEMENT_3D ( 'NONE', #1903, #3324, #3281 ) ;
#1146 = CARTESIAN_POINT ( 'NONE',  ( 2.276824562219557734E-15, -7.000000000000011546, 3.499999999999996891 ) ) ;
#1147 = CARTESIAN_POINT ( 'NONE',  ( -10.69568355267824700, -5.200000000000009059, 12.78348901639127888 ) ) ;
#1148 = CARTESIAN_POINT ( 'NONE',  ( 12.40000000000000213, -18.33257888130140856, 11.92376043070339975 ) ) ;
#1149 = VECTOR ( 'NONE', #783, 1000.000000000000000 ) ;
#1150 = VERTEX_POINT ( 'NONE', #3959 ) ;
#1151 = CARTESIAN_POINT ( 'NONE',  ( -9.569671419901837339, -9.445938108776855913, 17.87575357561146916 ) ) ;
#1152 = CARTESIAN_POINT ( 'NONE',  ( -10.68287244362100274, -7.805841636522009352, 15.71253339731172893 ) ) ;
#1153 = PLANE ( 'NONE',  #3397 ) ;
#1154 = ORIENTED_EDGE ( 'NONE', *, *, #2947, .F. ) ;
#1155 = VERTEX_POINT ( 'NONE', #870 ) ;
#1156 = ORIENTED_EDGE ( 'NONE', *, *, #1940, .F. ) ;
#1157 = EDGE_CURVE ( 'NONE', #3162, #1411, #520, .T. ) ;
#1158 = ADVANCED_FACE ( 'NONE', ( #2553 ), #696, .T. ) ;
#1159 = CARTESIAN_POINT ( 'NONE',  ( -7.578718707889819051, -12.50000000000001066, 18.27407996053067407 ) ) ;
#1160 = CARTESIAN_POINT ( 'NONE',  ( -7.250000000000000888, -14.50000000000001066, 9.884997322546483216E-16 ) ) ;
#1161 = CARTESIAN_POINT ( 'NONE',  ( 12.16084873337009675, -5.247014576660165019, 12.22734358222757045 ) ) ;
#1162 = EDGE_CURVE ( 'NONE', #2634, #1088, #847, .T. ) ;
#1163 = VERTEX_POINT ( 'NONE', #3260 ) ;
#1164 = FACE_OUTER_BOUND ( 'NONE', #4332, .T. ) ;
#1165 = DIRECTION ( 'NONE',  ( -4.259132699590121732E-17, 0.000000000000000000, 1.000000000000000000 ) ) ;
#1166 = EDGE_LOOP ( 'NONE', ( #1395, #2231, #585, #3262, #3293 ) ) ;
#1167 = CARTESIAN_POINT ( 'NONE',  ( 9.338744067007963778, -9.451546655397770280, 17.97468609582464083 ) ) ;
#1168 = CARTESIAN_POINT ( 'NONE',  ( -10.31034787501301686, -8.115514777132741386, 16.19352754239337244 ) ) ;
#1169 = CARTESIAN_POINT ( 'NONE',  ( -10.34999999874070475, -5.200000002180864556, -23.56106876610948220 ) ) ;
#1170 = EDGE_LOOP ( 'NONE', ( #1740, #3688, #804, #3705 ) ) ;
#1171 = CARTESIAN_POINT ( 'NONE',  ( 10.34999999999999609, -12.50000000000001066, 15.58770463477483936 ) ) ;
#1172 = DIRECTION ( 'NONE',  ( 0.000000000000000000, 0.000000000000000000, 1.000000000000000000 ) ) ;
#1173 = VERTEX_POINT ( 'NONE', #1215 ) ;
#1174 = DIRECTION ( 'NONE',  ( 0.4999999999999981126, 0.8660254037844397068, -0.000000000000000000 ) ) ;
#1175 = ORIENTED_EDGE ( 'NONE', *, *, #2008, .F. ) ;
#1176 = ORIENTED_EDGE ( 'NONE', *, *, #109, .F. ) ;
#1177 = DIRECTION ( 'NONE',  ( 1.000000000000000000, 0.000000000000000000, 0.000000000000000000 ) ) ;
#1178 = CARTESIAN_POINT ( 'NONE',  ( 10.34999999999999787, -12.49999999999999645, 15.52708456944178472 ) ) ;
#1179 = CARTESIAN_POINT ( 'NONE',  ( -10.67396142659912606, -5.400000000000011013, -21.82403757902093133 ) ) ;
#1180 = ADVANCED_FACE ( 'NONE', ( #120 ), #3981, .T. ) ;
#1181 = DIRECTION ( 'NONE',  ( -2.061858463601975203E-16, -0.000000000000000000, -1.000000000000000000 ) ) ;
#1182 = DIRECTION ( 'NONE',  ( 0.5000000000000022204, 0.000000000000000000, 0.8660254037844372643 ) ) ;
#1183 = CARTESIAN_POINT ( 'NONE',  ( -10.43286121233073693, -7.752884324893910772, 15.75723860756911598 ) ) ;
#1184 = ORIENTED_EDGE ( 'NONE', *, *, #2269, .F. ) ;
#1185 = EDGE_CURVE ( 'NONE', #266, #3144, #2243, .T. ) ;
#1186 = EDGE_CURVE ( 'NONE', #3780, #1173, #2442, .T. ) ;
#1187 = CARTESIAN_POINT ( 'NONE',  ( -10.29226497308102850, -5.300000000000011369, -23.50000000000000000 ) ) ;
#1188 = ORIENTED_EDGE ( 'NONE', *, *, #195, .F. ) ;
#1189 = CARTESIAN_POINT ( 'NONE',  ( 11.85000000000000142, -9.565685424949295523, 16.66967721593321983 ) ) ;
#1190 = CARTESIAN_POINT ( 'NONE',  ( 10.29485797038549144, -5.548273964701649241, -22.10197946746987796 ) ) ;
#1191 = LINE ( 'NONE', #4393, #4295 ) ;
#1192 = ORIENTED_EDGE ( 'NONE', *, *, #1670, .F. ) ;
#1193 = CARTESIAN_POINT ( 'NONE',  ( -9.434158571266079818, -9.286283886243674957, 17.75313192372680859 ) ) ;
#1194 = CARTESIAN_POINT ( 'NONE',  ( -13.64999999999999680, -5.200000000000010836, 10.62472232502674885 ) ) ;
#1195 = VECTOR ( 'NONE', #180, 1000.000000000000000 ) ;
#1196 = ORIENTED_EDGE ( 'NONE', *, *, #1079, .F. ) ;
#1197 = AXIS2_PLACEMENT_3D ( 'NONE', #1296, #955, #3078 ) ;
#1198 = VERTEX_POINT ( 'NONE', #4120 ) ;
#1199 = FACE_OUTER_BOUND ( 'NONE', #3558, .T. ) ;
#1200 = AXIS2_PLACEMENT_3D ( 'NONE', #4299, #2847, #2540 ) ;
#1201 = DIRECTION ( 'NONE',  ( 0.000000000000000000, 0.000000000000000000, -1.000000000000000000 ) ) ;
#1202 = AXIS2_PLACEMENT_3D ( 'NONE', #720, #3517, #3591 ) ;
#1203 = CARTESIAN_POINT ( 'NONE',  ( -12.18296747218840714, -5.501373773741433659, 12.17812901948572168 ) ) ;
#1204 = CYLINDRICAL_SURFACE ( 'NONE', #3024, 0.2000000000000001221 ) ;
#1205 = ORIENTED_EDGE ( 'NONE', *, *, #3973, .T. ) ;
#1206 = CARTESIAN_POINT ( 'NONE',  ( -10.35000000000000142, -12.49999999999999467, -21.70004569145308437 ) ) ;
#1207 = VERTEX_POINT ( 'NONE', #1301 ) ;
#1208 = CARTESIAN_POINT ( 'NONE',  ( -13.89999999999999503, -18.33257888130140856, 11.05773502691896759 ) ) ;
#1209 = FACE_OUTER_BOUND ( 'NONE', #3545, .T. ) ;
#1210 = CARTESIAN_POINT ( 'NONE',  ( -10.42832819085595375, -8.012580951255731776, 15.62635694004355358 ) ) ;
#1211 = EDGE_CURVE ( 'NONE', #822, #3351, #544, .T. ) ;
#1212 = CIRCLE ( 'NONE', #2153, 0.2999999999999999334 ) ;
#1213 = VERTEX_POINT ( 'NONE', #567 ) ;
#1214 = CARTESIAN_POINT ( 'NONE',  ( 11.96969696969697594, 17.00105930301486623, 17.00865962662715702 ) ) ;
#1215 = CARTESIAN_POINT ( 'NONE',  ( 12.15000000000000036, -6.950000000000011724, 12.35677313259562382 ) ) ;
#1216 = AXIS2_PLACEMENT_3D ( 'NONE', #967, #1348, #2993 ) ;
#1217 = ORIENTED_EDGE ( 'NONE', *, *, #195, .T. ) ;
#1218 = EDGE_CURVE ( 'NONE', #1442, #2949, #3709, .T. ) ;
#1219 = ORIENTED_EDGE ( 'NONE', *, *, #3338, .T. ) ;
#1220 = VECTOR ( 'NONE', #2576, 1000.000000000000114 ) ;
#1221 = EDGE_LOOP ( 'NONE', ( #654, #1108, #153, #3117 ) ) ;
#1222 = CARTESIAN_POINT ( 'NONE',  ( -11.84999999999999964, -5.500000000000010658, -12.35662432702593350 ) ) ;
#1223 = CARTESIAN_POINT ( 'NONE',  ( -13.64999999999999680, -5.200000000000010836, -14.08867513459481202 ) ) ;
#1224 = VECTOR ( 'NONE', #1165, 1000.000000000000000 ) ;
#1225 = CARTESIAN_POINT ( 'NONE',  ( 10.32335786128083299, -5.246145537883889709, -22.32490145973204321 ) ) ;
#1226 = DIRECTION ( 'NONE',  ( 0.000000000000000000, 0.000000000000000000, 1.000000000000000000 ) ) ;
#1227 = DIRECTION ( 'NONE',  ( -0.000000000000000000, -1.000000000000000000, -0.000000000000000000 ) ) ;
#1228 = FACE_OUTER_BOUND ( 'NONE', #2580, .T. ) ;
#1229 = ORIENTED_EDGE ( 'NONE', *, *, #2768, .F. ) ;
#1230 = CARTESIAN_POINT ( 'NONE',  ( 9.238257925362532319, -9.625593758194906258, 16.21188987408106641 ) ) ;
#1231 = EDGE_LOOP ( 'NONE', ( #277, #3018, #2807, #1930 ) ) ;
#1232 = CARTESIAN_POINT ( 'NONE',  ( -14.14999999999999858, -5.500000000000011546, -22.64529946162074836 ) ) ;
#1233 = SPHERICAL_SURFACE ( 'NONE', #1688, 0.2000000000000000111 ) ;
#1234 = CARTESIAN_POINT ( 'NONE',  ( -10.27156944826087681, -8.253113960787809233, 15.84241837323266822 ) ) ;
#1235 = ORIENTED_EDGE ( 'NONE', *, *, #1363, .F. ) ;
#1236 = EDGE_CURVE ( 'NONE', #88, #3489, #4156, .T. ) ;
#1237 = EDGE_CURVE ( 'NONE', #2639, #979, #322, .T. ) ;
#1238 = ORIENTED_EDGE ( 'NONE', *, *, #910, .F. ) ;
#1239 = CARTESIAN_POINT ( 'NONE',  ( -12.16250895063805970, -5.514233680564680107, 12.24033605327176488 ) ) ;
#1240 = CARTESIAN_POINT ( 'NONE',  ( 10.20532488158302264, -5.450584655689246105, -22.28810048850464653 ) ) ;
#1241 = VERTEX_POINT ( 'NONE', #2306 ) ;
#1242 = CARTESIAN_POINT ( 'NONE',  ( 9.991746918085100404, -5.820512539844740374, -22.31487584642018973 ) ) ;
#1243 = DIRECTION ( 'NONE',  ( 0.4999999999999967804, 0.8660254037844405950, 0.000000000000000000 ) ) ;
#1244 = EDGE_CURVE ( 'NONE', #2485, #1207, #4482, .T. ) ;
#1246 = EDGE_LOOP ( 'NONE', ( #4328, #2814, #695, #451 ) ) ;
#1245 = CIRCLE ( 'NONE', #4408, 3.750000000000000000 ) ;
#1247 = CARTESIAN_POINT ( 'NONE',  ( 10.29226497308102850, -5.300000000000011369, -23.50000000000000000 ) ) ;
#1248 = CARTESIAN_POINT ( 'NONE',  ( -10.42952924663998893, -7.943772511471870246, 15.58157060627143586 ) ) ;
#1249 = DIRECTION ( 'NONE',  ( -0.000000000000000000, 1.000000000000000000, -0.000000000000000000 ) ) ;
#1250 = CYLINDRICAL_SURFACE ( 'NONE', #4367, 0.3000000000000003220 ) ;
#1251 = CARTESIAN_POINT ( 'NONE',  ( -10.47245814652242402, -5.484377484356596888, 12.88477304920240130 ) ) ;
#1252 = EDGE_CURVE ( 'NONE', #3373, #4403, #3044, .T. ) ;
#1253 = ORIENTED_EDGE ( 'NONE', *, *, #3967, .T. ) ;
#1254 = CYLINDRICAL_SURFACE ( 'NONE', #3611, 3.750000000000000000 ) ;
#1255 = ORIENTED_EDGE ( 'NONE', *, *, #126, .T. ) ;
#1256 = DIRECTION ( 'NONE',  ( -1.961181171427461100E-16, -0.000000000000000000, -1.000000000000000000 ) ) ;
#1257 = FACE_OUTER_BOUND ( 'NONE', #173, .T. ) ;
#1258 = DIRECTION ( 'NONE',  ( -0.8660254037844383745, 0.000000000000000000, 0.5000000000000003331 ) ) ;
#1259 = VERTEX_POINT ( 'NONE', #3064 ) ;
#1260 = DIRECTION ( 'NONE',  ( 0.01744974916068272111, 0.9996954598818874604, -0.01744974916068272111 ) ) ;
#1261 = DIRECTION ( 'NONE',  ( -1.000000000000000000, 0.000000000000000000, 0.000000000000000000 ) ) ;
#1262 = VERTEX_POINT ( 'NONE', #4463 ) ;
#1263 = DIRECTION ( 'NONE',  ( 1.000000000000000000, -6.151501687861019394E-17, 2.485206681895852032E-14 ) ) ;
#1264 = ORIENTED_EDGE ( 'NONE', *, *, #2425, .F. ) ;
#1265 = CIRCLE ( 'NONE', #3757, 0.1999999999999996780 ) ;
#1266 = ADVANCED_FACE ( 'NONE', ( #2283 ), #3334, .T. ) ;
#1267 = VECTOR ( 'NONE', #2722, 1000.000000000000000 ) ;
#1268 = VECTOR ( 'NONE', #2923, 1000.000000000000114 ) ;
#1269 = CARTESIAN_POINT ( 'NONE',  ( 10.05004569145308047, -12.49999999999999645, -22.00000000000000355 ) ) ;
#1270 = CARTESIAN_POINT ( 'NONE',  ( -12.15000000000000036, -9.400304317291466205, 16.82126749423582623 ) ) ;
#1271 = AXIS2_PLACEMENT_3D ( 'NONE', #2766, #2744, #3075 ) ;
#1272 = EDGE_CURVE ( 'NONE', #3301, #3264, #1212, .T. ) ;
#1273 = ORIENTED_EDGE ( 'NONE', *, *, #2683, .T. ) ;
#1274 = DIRECTION ( 'NONE',  ( 0.000000000000000000, -0.7914872521527156479, -0.6111856752900410861 ) ) ;
#1275 = DIRECTION ( 'NONE',  ( 0.000000000000000000, 0.000000000000000000, 1.000000000000000000 ) ) ;
#1276 = ORIENTED_EDGE ( 'NONE', *, *, #666, .F. ) ;
#1277 = CARTESIAN_POINT ( 'NONE',  ( 6.229925610487512699, -12.50000000000001066, -22.00000000000000000 ) ) ;
#1278 =( BOUNDED_SURFACE ( )  B_SPLINE_SURFACE ( 3, 2, ( 
 ( #3522, #766, #2183 ),
 ( #1759, #1161, #3970 ),
 ( #415, #1803, #2848 ),
 ( #3221, #4277, #2799 ) ),
 .UNSPECIFIED., .F., .F., .F. ) 
 B_SPLINE_SURFACE_WITH_KNOTS ( ( 4, 4 ),
 ( 3, 3 ),
 ( 0.0005162198504143742815, 0.0007245047606654390036 ),
 ( 0.000000000000000000, 1.000000000000000000 ),
 .UNSPECIFIED. ) 
 GEOMETRIC_REPRESENTATION_ITEM ( )  RATIONAL_B_SPLINE_SURFACE ( (
 ( 1.000000000000000000, 0.7071067811865504593, 1.000000000000000000),
 ( 1.000000000000000000, 0.7678351733117613209, 1.000000000000000000),
 ( 1.000000000000000000, 0.8166950149469460740, 1.000000000000000000),
 ( 1.000000000000000000, 0.8443262081572306954, 1.000000000000000000) ) ) 
 REPRESENTATION_ITEM ( '' )  SURFACE ( )  );
#1279 = CARTESIAN_POINT ( 'NONE',  ( -10.21080688654564561, -9.500676091388177369, 15.84264403966671075 ) ) ;
#1280 = ORIENTED_EDGE ( 'NONE', *, *, #4173, .T. ) ;
#1281 = CIRCLE ( 'NONE', #4088, 0.2999999999999999334 ) ;
#1282 = CARTESIAN_POINT ( 'NONE',  ( -10.54429934835283156, -8.070422153118354203, 16.05352114542938580 ) ) ;
#1283 = ORIENTED_EDGE ( 'NONE', *, *, #1425, .F. ) ;
#1284 = CARTESIAN_POINT ( 'NONE',  ( -11.85000000000000142, -12.50000000000001066, 16.73357303036087984 ) ) ;
#1285 = CARTESIAN_POINT ( 'NONE',  ( 11.95141709518821749, -5.382481851306657461, 12.45794518396270334 ) ) ;
#1286 = AXIS2_PLACEMENT_3D ( 'NONE', #1623, #3399, #238 ) ;
#1287 = AXIS2_PLACEMENT_3D ( 'NONE', #1660, #2091, #3501 ) ;
#1288 = EDGE_CURVE ( 'NONE', #2028, #3637, #4418, .T. ) ;
#1289 = EDGE_CURVE ( 'NONE', #2556, #1817, #1710, .T. ) ;
#1290 = CARTESIAN_POINT ( 'NONE',  ( 11.94763723614615714, -5.458094398092683264, 12.54509989680543924 ) ) ;
#1291 = DIRECTION ( 'NONE',  ( 1.000000000000000000, -0.000000000000000000, -0.000000000000000000 ) ) ;
#1292 = VERTEX_POINT ( 'NONE', #168 ) ;
#1293 = CARTESIAN_POINT ( 'NONE',  ( -10.34892114499130855, -5.395129914552751593, -22.06778493106949313 ) ) ;
#1294 = ORIENTED_EDGE ( 'NONE', *, *, #4531, .F. ) ;
#1295 = ADVANCED_FACE ( 'NONE', ( #210 ), #2871, .T. ) ;
#1296 = CARTESIAN_POINT ( 'NONE',  ( 0.000000000000000000, -5.200000000000010836, 0.000000000000000000 ) ) ;
#1297 = CARTESIAN_POINT ( 'NONE',  ( 10.22853414136782213, -8.491990109580928703, 15.85465294479416976 ) ) ;
#1298 =( BOUNDED_CURVE ( )  B_SPLINE_CURVE ( 3, ( #2860, #1277, #3323, #4051 ),
 .UNSPECIFIED., .F., .T. ) 
 B_SPLINE_CURVE_WITH_KNOTS ( ( 4, 4 ),
 ( 1.605696268718684872, 3.167766281546035678 ),
 .UNSPECIFIED. ) 
 CURVE ( )  GEOMETRIC_REPRESENTATION_ITEM ( )  RATIONAL_B_SPLINE_CURVE ( ( 1.000000000000000000, 0.8067901724359300974, 0.8067901724359300974, 1.000000000000000000 ) ) 
 REPRESENTATION_ITEM ( '' )  );
#1299 = EDGE_LOOP ( 'NONE', ( #3887, #2929, #4049, #3874 ) ) ;
#1300 = CARTESIAN_POINT ( 'NONE',  ( -12.19196609096476358, -5.500000000000010658, 12.15626144172972189 ) ) ;
#1301 = CARTESIAN_POINT ( 'NONE',  ( 12.39999999999999858, -6.950000000000011724, -12.78963702891815402 ) ) ;
#1302 = CARTESIAN_POINT ( 'NONE',  ( -8.407722567266919356, -11.56120721363785719, 18.30329653832121295 ) ) ;
#1303 = EDGE_CURVE ( 'NONE', #2755, #1241, #3628, .T. ) ;
#1304 = ORIENTED_EDGE ( 'NONE', *, *, #3451, .T. ) ;
#1305 = ORIENTED_EDGE ( 'NONE', *, *, #3476, .F. ) ;
#1306 = DIRECTION ( 'NONE',  ( 0.000000000000000000, 1.000000000000000000, 0.000000000000000000 ) ) ;
#1307 = CARTESIAN_POINT ( 'NONE',  ( 14.14999999999999680, -6.950000000000011724, -13.79999999999999893 ) ) ;
#1308 = EDGE_CURVE ( 'NONE', #3154, #2611, #4313, .T. ) ;
#1309 = VERTEX_POINT ( 'NONE', #706 ) ;
#1310 = CARTESIAN_POINT ( 'NONE',  ( 10.35169169660028743, -5.200000000000008171, -22.07164681663836703 ) ) ;
#1311 = VERTEX_POINT ( 'NONE', #1699 ) ;
#1312 = CARTESIAN_POINT ( 'NONE',  ( -14.14999999999999680, -6.950000000000011724, 10.91339745962156194 ) ) ;
#1313 = CARTESIAN_POINT ( 'NONE',  ( -10.47751330818695870, -5.194767466557991931, -21.82755899964003987 ) ) ;
#1314 = EDGE_CURVE ( 'NONE', #1617, #3726, #1281, .T. ) ;
#1315 = ADVANCED_FACE ( 'NONE', ( #1382 ), #3084, .T. ) ;
#1316 = DIRECTION ( 'NONE',  ( -4.259132699590121732E-17, 0.000000000000000000, 1.000000000000000000 ) ) ;
#1317 = CARTESIAN_POINT ( 'NONE',  ( 10.08221126397144118, -5.663823696497122029, -22.15241571883702321 ) ) ;
#1318 = DIRECTION ( 'NONE',  ( 0.000000000000000000, 0.000000000000000000, -1.000000000000000000 ) ) ;
#1319 = CARTESIAN_POINT ( 'NONE',  ( -12.14999999999999858, -5.999999999999994671, -23.80000000000000071 ) ) ;
#1320 = ORIENTED_EDGE ( 'NONE', *, *, #4262, .T. ) ;
#1321 = CARTESIAN_POINT ( 'NONE',  ( -10.40959524394317448, -8.090568190901359813, 15.68400788049757821 ) ) ;
#1322 = CARTESIAN_POINT ( 'NONE',  ( -10.37630171661163203, -10.99317566450705641, 15.75069622916607948 ) ) ;
#1323 = CARTESIAN_POINT ( 'NONE',  ( 10.45822403555044744, -6.299849155788859179, 13.78765255900149889 ) ) ;
#1324 = B_SPLINE_CURVE_WITH_KNOTS ( 'NONE', 3,
 ( #4258, #1098, #2567, #1762 ),
 .UNSPECIFIED., .F., .F.,
 ( 4, 4 ),
 ( 8.673617379884035472E-19, 0.005811690149545508353 ),
 .UNSPECIFIED. ) ;
#1325 = DIRECTION ( 'NONE',  ( -4.259132699590121732E-17, 0.000000000000000000, -1.000000000000000000 ) ) ;
#1326 = DIRECTION ( 'NONE',  ( -0.000000000000000000, -1.000000000000000000, 0.000000000000000000 ) ) ;
#1327 = DIRECTION ( 'NONE',  ( 1.000000000000000000, -0.000000000000000000, 0.000000000000000000 ) ) ;
#1328 = AXIS2_PLACEMENT_3D ( 'NONE', #3755, #621, #2011 ) ;
#1329 = ORIENTED_EDGE ( 'NONE', *, *, #4262, .F. ) ;
#1330 = DIRECTION ( 'NONE',  ( -0.000000000000000000, 1.000000000000000000, -0.000000000000000000 ) ) ;
#1331 = DIRECTION ( 'NONE',  ( 0.000000000000000000, 0.000000000000000000, 1.000000000000000000 ) ) ;
#1332 = DIRECTION ( 'NONE',  ( 0.000000000000000000, 0.7371742788777054800, 0.6757026583943078757 ) ) ;
#1333 = VERTEX_POINT ( 'NONE', #1075 ) ;
#1334 = CIRCLE ( 'NONE', #3843, 0.8000000000000003775 ) ;
#1335 = CARTESIAN_POINT ( 'NONE',  ( 10.27003603885586713, -5.338501643475661140, -23.77539919496517484 ) ) ;
#1336 = LINE ( 'NONE', #2478, #3858 ) ;
#1337 = CARTESIAN_POINT ( 'NONE',  ( 10.42493003486046987, -8.019990333099181967, 15.63248532922900935 ) ) ;
#1338 = EDGE_CURVE ( 'NONE', #2494, #1088, #2191, .T. ) ;
#1339 = ORIENTED_EDGE ( 'NONE', *, *, #1781, .F. ) ;
#1340 = DIRECTION ( 'NONE',  ( -0.000000000000000000, -1.000000000000000000, -0.000000000000000000 ) ) ;
#1341 = DIRECTION ( 'NONE',  ( -0.8660254037844374864, 2.116509535829166014E-15, 0.5000000000000023315 ) ) ;
#1342 = CARTESIAN_POINT ( 'NONE',  ( -10.18462600466030032, -10.99037018900343732, 15.82490478752736429 ) ) ;
#1343 = CARTESIAN_POINT ( 'NONE',  ( 12.16774878912677593, -5.516212698234071787, 12.22473613167805162 ) ) ;
#1344 = EDGE_CURVE ( 'NONE', #3279, #3496, #3879, .T. ) ;
#1345 = CARTESIAN_POINT ( 'NONE',  ( 11.94763723614527784, -5.458094398092343980, 12.54509989680557069 ) ) ;
#1346 = CIRCLE ( 'NONE', #1994, 29.99999999999999289 ) ;
#1347 = EDGE_CURVE ( 'NONE', #3811, #1104, #882, .T. ) ;
#1348 = DIRECTION ( 'NONE',  ( -0.8660254037844374864, 0.000000000000000000, 0.5000000000000023315 ) ) ;
#1349 = CIRCLE ( 'NONE', #702, 0.2000000000000001221 ) ;
#1350 = SPHERICAL_SURFACE ( 'NONE', #1271, 0.2000000000000000111 ) ;
#1351 = DIRECTION ( 'NONE',  ( -0.000000000000000000, -1.000000000000000000, -0.000000000000000000 ) ) ;
#1352 = CIRCLE ( 'NONE', #855, 0.3000000000000016542 ) ;
#1353 = ORIENTED_EDGE ( 'NONE', *, *, #126, .F. ) ;
#1354 = CARTESIAN_POINT ( 'NONE',  ( -10.46547005383791529, -5.200000000000010836, -23.50000000000000000 ) ) ;
#1355 = CARTESIAN_POINT ( 'NONE',  ( -7.634831460674155856, -12.50000000000001066, 25.89805684925222806 ) ) ;
#1356 = CARTESIAN_POINT ( 'NONE',  ( -12.14242894432223885, -5.476434061327188019, 12.46459632213637470 ) ) ;
#1357 = DIRECTION ( 'NONE',  ( 0.4931992421009601113, 0.8542461455733338926, -0.1643716227459622314 ) ) ;
#1358 = CARTESIAN_POINT ( 'NONE',  ( 10.21275570921533138, -7.796141501438654586, 15.88919128187355057 ) ) ;
#1359 = CYLINDRICAL_SURFACE ( 'NONE', #1767, 0.5000000000000004441 ) ;
#1360 = B_SPLINE_CURVE_WITH_KNOTS ( 'NONE', 3,
 ( #2527, #3856, #2165, #1436 ),
 .UNSPECIFIED., .F., .F.,
 ( 4, 4 ),
 ( 1.939479807224432123E-18, 0.0004172784311679918656 ),
 .UNSPECIFIED. ) ;
#1361 = PRODUCT ( '260810_1958_21-001_C_DIY_Wallmount', '260810_1958_21-001_C_DIY_Wallmount', '', ( #3404 ) ) ;
#1362 = EDGE_LOOP ( 'NONE', ( #2980, #4357, #1577, #2892 ) ) ;
#1363 = EDGE_CURVE ( 'NONE', #1737, #3587, #1678, .T. ) ;
#1364 = EDGE_CURVE ( 'NONE', #2949, #3752, #1346, .T. ) ;
#1365 = CARTESIAN_POINT ( 'NONE',  ( -10.30509768964138217, -8.256936133370050612, 16.04390622626641516 ) ) ;
#1366 = CARTESIAN_POINT ( 'NONE',  ( -9.991746918085107509, -5.820512539844727939, -22.31487584642018618 ) ) ;
#1367 = CARTESIAN_POINT ( 'NONE',  ( 10.44390727800191421, -7.120055646421225681, 14.68621274616882033 ) ) ;
#1368 = FACE_OUTER_BOUND ( 'NONE', #169, .T. ) ;
#1369 = VERTEX_POINT ( 'NONE', #4161 ) ;
#1370 = EDGE_CURVE ( 'NONE', #2382, #3637, #3778, .T. ) ;
#1371 = DIRECTION ( 'NONE',  ( -1.961181171427461100E-16, -0.000000000000000000, 1.000000000000000000 ) ) ;
#1372 = FACE_OUTER_BOUND ( 'NONE', #724, .T. ) ;
#1373 = CARTESIAN_POINT ( 'NONE',  ( 13.74999999999999645, -5.500000000000011546, -13.91547005383792524 ) ) ;
#1374 = DIRECTION ( 'NONE',  ( -0.000000000000000000, 1.000000000000000000, -0.000000000000000000 ) ) ;
#1375 = ORIENTED_EDGE ( 'NONE', *, *, #3132, .T. ) ;
#1376 = DIRECTION ( 'NONE',  ( -0.8660254037844399289, 0.000000000000000000, 0.4999999999999979461 ) ) ;
#1377 = DIRECTION ( 'NONE',  ( -0.000000000000000000, -0.000000000000000000, -1.000000000000000000 ) ) ;
#1378 = DIRECTION ( 'NONE',  ( -0.000000000000000000, -1.000000000000000000, -0.000000000000000000 ) ) ;
#1379 = EDGE_CURVE ( 'NONE', #4485, #2566, #1336, .T. ) ;
#1380 = VERTEX_POINT ( 'NONE', #1006 ) ;
#1381 = CARTESIAN_POINT ( 'NONE',  ( 10.33939236057803157, -5.218372970427312296, -23.62393518391778358 ) ) ;
#1382 = FACE_OUTER_BOUND ( 'NONE', #4164, .T. ) ;
#1383 = DIRECTION ( 'NONE',  ( -1.000000000000000000, 0.000000000000000000, 1.363447906558135361E-16 ) ) ;
#1384 = DIRECTION ( 'NONE',  ( -8.674938615053076890E-15, 0.000000000000000000, -1.000000000000000000 ) ) ;
#1385 = EDGE_LOOP ( 'NONE', ( #2336, #868, #1704, #683, #382, #3842, #2911, #72 ) ) ;
#1386 = DIRECTION ( 'NONE',  ( -0.9160678180704719953, 0.000000000000000000, 0.4010233817317946370 ) ) ;
#1387 = CARTESIAN_POINT ( 'NONE',  ( -10.29574524884118780, -5.545760582621279688, -22.10141827076374454 ) ) ;
#1388 = ORIENTED_EDGE ( 'NONE', *, *, #756, .T. ) ;
#1389 = CARTESIAN_POINT ( 'NONE',  ( 12.16242466609271666, -5.529820402315136718, 12.24600177454129835 ) ) ;
#1390 = CARTESIAN_POINT ( 'NONE',  ( -10.07254057671482173, -8.524113259328835568, 16.72339875763113781 ) ) ;
#1391 = VERTEX_POINT ( 'NONE', #4237 ) ;
#1392 = ORIENTED_EDGE ( 'NONE', *, *, #2925, .T. ) ;
#1393 = CYLINDRICAL_SURFACE ( 'NONE', #29, 0.2000000000000005107 ) ;
#1394 = EDGE_CURVE ( 'NONE', #4411, #2850, #295, .T. ) ;
#1395 = ORIENTED_EDGE ( 'NONE', *, *, #2002, .T. ) ;
#1396 = CARTESIAN_POINT ( 'NONE',  ( 10.47851538718935061, -5.200000000000010836, -21.92079602225466317 ) ) ;
#1397 = DIRECTION ( 'NONE',  ( -1.000000000000000000, 0.000000000000000000, 6.505213034913027590E-16 ) ) ;
#1398 = CARTESIAN_POINT ( 'NONE',  ( 9.270701380825562055, -9.569400044949112782, 18.03253052484731001 ) ) ;
#1399 = ADVANCED_FACE ( 'NONE', ( #725 ), #3526, .T. ) ;
#1400 = CIRCLE ( 'NONE', #147, 0.3000000000000003220 ) ;
#1401 = ORIENTED_EDGE ( 'NONE', *, *, #2115, .F. ) ;
#1402 = AXIS2_PLACEMENT_3D ( 'NONE', #551, #3707, #3051 ) ;
#1403 = DIRECTION ( 'NONE',  ( 0.000000000000000000, 1.000000000000000000, 0.000000000000000000 ) ) ;
#1404 = ORIENTED_EDGE ( 'NONE', *, *, #261, .F. ) ;
#1405 = CARTESIAN_POINT ( 'NONE',  ( -12.15000000000000036, -6.956402247817154105, 13.80552681027040762 ) ) ;
#1406 = CARTESIAN_POINT ( 'NONE',  ( -10.25939288115739423, -8.256936133362875907, 16.06160488094658945 ) ) ;
#1407 = VECTOR ( 'NONE', #2965, 1000.000000000000000 ) ;
#1408 = VECTOR ( 'NONE', #1705, 1000.000000000000114 ) ;
#1409 = CIRCLE ( 'NONE', #384, 0.1999999999999999556 ) ;
#1410 =( BOUNDED_CURVE ( )  B_SPLINE_CURVE ( 3, ( #656, #2070, #684, #1506 ),
 .UNSPECIFIED., .F., .F. ) 
 B_SPLINE_CURVE_WITH_KNOTS ( ( 4, 4 ),
 ( 1.570796326794896558, 3.141592653589795781 ),
 .UNSPECIFIED. ) 
 CURVE ( )  GEOMETRIC_REPRESENTATION_ITEM ( )  RATIONAL_B_SPLINE_CURVE ( ( 1.000000000000000000, 0.8047378541243643824, 0.8047378541243643824, 1.000000000000000000 ) ) 
 REPRESENTATION_ITEM ( '' )  );
#1411 = VERTEX_POINT ( 'NONE', #1763 ) ;
#1412 = DIRECTION ( 'NONE',  ( 0.000000000000000000, -0.000000000000000000, 1.000000000000000000 ) ) ;
#1413 = VECTOR ( 'NONE', #4130, 1000.000000000000000 ) ;
#1414 = CARTESIAN_POINT ( 'NONE',  ( -10.27444615414607831, -5.330863099726214749, -22.12314052012943577 ) ) ;
#1415 = ORIENTED_EDGE ( 'NONE', *, *, #2030, .F. ) ;
#1416 = CARTESIAN_POINT ( 'NONE',  ( 6.135343034915744731, -12.50000000000001421, -23.71715728752538510 ) ) ;
#1417 = DIRECTION ( 'NONE',  ( 0.000000000000000000, 0.000000000000000000, 1.000000000000000000 ) ) ;
#1418 = ORIENTED_EDGE ( 'NONE', *, *, #1157, .T. ) ;
#1419 = ORIENTED_EDGE ( 'NONE', *, *, #1889, .F. ) ;
#1420 = CARTESIAN_POINT ( 'NONE',  ( -10.47346437500267946, -5.426730693330874544, 12.82094728033003861 ) ) ;
#1421 = ORIENTED_EDGE ( 'NONE', *, *, #711, .T. ) ;
#1422 = CARTESIAN_POINT ( 'NONE',  ( 10.40317855229353938, -9.453402779523692345, 15.56353664816458782 ) ) ;
#1423 = LINE ( 'NONE', #2893, #4151 ) ;
#1424 = VECTOR ( 'NONE', #2506, 1000.000000000000114 ) ;
#1425 = EDGE_CURVE ( 'NONE', #764, #1617, #3040, .T. ) ;
#1426 = ADVANCED_FACE ( 'NONE', ( #745 ), #1066, .T. ) ;
#1427 = CARTESIAN_POINT ( 'NONE',  ( -10.08618780039204843, -8.156936133377525877, 16.06160488096556094 ) ) ;
#1428 = DIRECTION ( 'NONE',  ( -0.8660254037844382635, -0.000000000000000000, 0.5000000000000006661 ) ) ;
#1429 = AXIS2_PLACEMENT_3D ( 'NONE', #96, #849, #472 ) ;
#1430 = AXIS2_PLACEMENT_3D ( 'NONE', #2201, #3333, #1848 ) ;
#1431 = ORIENTED_EDGE ( 'NONE', *, *, #958, .F. ) ;
#1432 = EDGE_CURVE ( 'NONE', #781, #3849, #3435, .T. ) ;
#1433 = CARTESIAN_POINT ( 'NONE',  ( -10.29226497308102850, -5.300000000000011369, -23.55857864376269362 ) ) ;
#1434 = CARTESIAN_POINT ( 'NONE',  ( -12.15000000000000036, -8.256658748908497714, 15.24156266887024280 ) ) ;
#1435 = AXIS2_PLACEMENT_3D ( 'NONE', #4347, #2187, #744 ) ;
#1436 = CARTESIAN_POINT ( 'NONE',  ( 11.91714574554354655, -5.200000000000010836, 12.03595442721022657 ) ) ;
#1437 = FACE_OUTER_BOUND ( 'NONE', #386, .T. ) ;
#1438 = B_SPLINE_CURVE_WITH_KNOTS ( 'NONE', 3,
 ( #4265, #2214, #3907, #1126, #777, #445 ),
 .UNSPECIFIED., .F., .F.,
 ( 4, 2, 4 ),
 ( 0.000000000000000000, 0.0001444065047946467290, 0.0002888130095892934581 ),
 .UNSPECIFIED. ) ;
#1439 = ORIENTED_EDGE ( 'NONE', *, *, #1652, .F. ) ;
#1440 = CARTESIAN_POINT ( 'NONE',  ( 10.34999999999999787, -12.49999999999999645, 15.52708456944178472 ) ) ;
#1441 = CARTESIAN_POINT ( 'NONE',  ( 10.29226497308103028, -5.300000000000010481, -23.50000000000000000 ) ) ;
#1442 = VERTEX_POINT ( 'NONE', #4207 ) ;
#1443 = CARTESIAN_POINT ( 'NONE',  ( 13.89999999999999680, -5.500000000000011546, -13.65566243270259328 ) ) ;
#1444 =( BOUNDED_CURVE ( )  B_SPLINE_CURVE ( 3, ( #862, #150, #178, #4063 ),
 .UNSPECIFIED., .F., .F. ) 
 B_SPLINE_CURVE_WITH_KNOTS ( ( 4, 4 ),
 ( 2.356346783439918546, 3.926838523739661913 ),
 .UNSPECIFIED. ) 
 CURVE ( )  GEOMETRIC_REPRESENTATION_ITEM ( )  RATIONAL_B_SPLINE_CURVE ( ( 1.000000000000000000, 0.8048096403827834644, 0.8048096403827834644, 1.000000000000000000 ) ) 
 REPRESENTATION_ITEM ( '' )  );
#1445 = EDGE_CURVE ( 'NONE', #549, #1882, #1049, .T. ) ;
#1446 = VERTEX_POINT ( 'NONE', #3598 ) ;
#1447 = CARTESIAN_POINT ( 'NONE',  ( -14.14999999999999858, -6.091506350946103154, -22.53963702891815757 ) ) ;
#1448 = ORIENTED_EDGE ( 'NONE', *, *, #1338, .F. ) ;
#1449 = DIRECTION ( 'NONE',  ( 0.4999428824215583766, 0.8659264732365766770, -0.01511480281340694606 ) ) ;
#1450 = ORIENTED_EDGE ( 'NONE', *, *, #3377, .F. ) ;
#1451 = DIRECTION ( 'NONE',  ( -0.4999999999999978906, 0.000000000000000000, -0.8660254037844398178 ) ) ;
#1452 = FACE_OUTER_BOUND ( 'NONE', #1299, .T. ) ;
#1453 = VERTEX_POINT ( 'NONE', #2879 ) ;
#1454 = DIRECTION ( 'NONE',  ( 1.000000000000000000, 0.000000000000000000, 0.000000000000000000 ) ) ;
#1455 = CARTESIAN_POINT ( 'NONE',  ( 14.14999999999999680, -18.33257888130140856, 10.91339745962156194 ) ) ;
#1456 = CARTESIAN_POINT ( 'NONE',  ( 9.485372282482019912, -9.707106781186606526, 17.96098579920803928 ) ) ;
#1457 = CARTESIAN_POINT ( 'NONE',  ( 10.73114418875765708, -5.346446609406734218, 13.01342907219198430 ) ) ;
#1458 = DIRECTION ( 'NONE',  ( -0.4999999999999978351, 0.8660254037844399289, 0.000000000000000000 ) ) ;
#1459 = EDGE_CURVE ( 'NONE', #1213, #3369, #495, .T. ) ;
#1460 = EDGE_CURVE ( 'NONE', #3365, #3238, #1574, .T. ) ;
#1461 = ORIENTED_EDGE ( 'NONE', *, *, #1394, .T. ) ;
#1462 = DIRECTION ( 'NONE',  ( 0.000000000000000000, 0.000000000000000000, 1.000000000000000000 ) ) ;
#1463 = CARTESIAN_POINT ( 'NONE',  ( -11.96969696969696706, -9.707106781186604749, 17.00865962662715347 ) ) ;
#1464 = ORIENTED_EDGE ( 'NONE', *, *, #564, .T. ) ;
#1465 = CARTESIAN_POINT ( 'NONE',  ( -10.10046024019477784, -5.632215542491175952, -22.31816258273478581 ) ) ;
#1466 = ADVANCED_FACE ( 'NONE', ( #3555 ), #771, .T. ) ;
#1467 = ORIENTED_EDGE ( 'NONE', *, *, #2179, .T. ) ;
#1468 =( BOUNDED_CURVE ( )  B_SPLINE_CURVE ( 3, ( #3942, #2175, #3239, #454 ),
 .UNSPECIFIED., .F., .F. ) 
 B_SPLINE_CURVE_WITH_KNOTS ( ( 4, 4 ),
 ( 5.497939437029713439, 6.446220101773860733 ),
 .UNSPECIFIED. ) 
 CURVE ( )  GEOMETRIC_REPRESENTATION_ITEM ( )  RATIONAL_B_SPLINE_CURVE ( ( 1.000000000000000000, 0.9264570346843374882, 0.9264570346843374882, 1.000000000000000000 ) ) 
 REPRESENTATION_ITEM ( '' )  );
#1469 = ORIENTED_EDGE ( 'NONE', *, *, #262, .T. ) ;
#1470 = CARTESIAN_POINT ( 'NONE',  ( 10.40773502691895480, -5.500000000000010658, -23.80000000000000071 ) ) ;
#1471 = CARTESIAN_POINT ( 'NONE',  ( 12.15000000000000213, -9.707106781186602973, 16.93020532660897359 ) ) ;
#1472 = ORIENTED_EDGE ( 'NONE', *, *, #2460, .F. ) ;
#1473 = CARTESIAN_POINT ( 'NONE',  ( -11.94763723614615714, -5.458094398092674382, 12.54509989680543214 ) ) ;
#1474 = CARTESIAN_POINT ( 'NONE',  ( 11.94763723614615714, -5.458094398092683264, 12.54509989680543924 ) ) ;
#1475 =( LENGTH_UNIT ( ) NAMED_UNIT ( * ) SI_UNIT ( .MILLI., .METRE. ) );
#1476 = DIRECTION ( 'NONE',  ( -1.000000000000000000, 0.000000000000000000, -6.505213034913027590E-16 ) ) ;
#1477 = ORIENTED_EDGE ( 'NONE', *, *, #1918, .F. ) ;
#1478 = CARTESIAN_POINT ( 'NONE',  ( 11.94778268881455041, -5.419739984612832906, 12.50182191988728775 ) ) ;
#1479 = FACE_OUTER_BOUND ( 'NONE', #3509, .T. ) ;
#1480 = ORIENTED_EDGE ( 'NONE', *, *, #1459, .T. ) ;
#1481 = CARTESIAN_POINT ( 'NONE',  ( 8.567027285944384118, -11.07957081732540594, 16.40632758212107589 ) ) ;
#1482 = CIRCLE ( 'NONE', #672, 0.2000000000000005107 ) ;
#1483 = DIRECTION ( 'NONE',  ( -0.000000000000000000, 1.000000000000000000, -0.000000000000000000 ) ) ;
#1484 = CARTESIAN_POINT ( 'NONE',  ( -11.85000000000000142, -5.200000000000010836, 2.800000000000002487 ) ) ;
#1485 = CIRCLE ( 'NONE', #452, 0.5000000000000004441 ) ;
#1486 = ORIENTED_EDGE ( 'NONE', *, *, #2857, .T. ) ;
#1487 = VECTOR ( 'NONE', #2536, 1000.000000000000000 ) ;
#1488 = EDGE_CURVE ( 'NONE', #1104, #757, #2569, .T. ) ;
#1489 = CARTESIAN_POINT ( 'NONE',  ( 11.95903609698376435, -5.346446609406734218, 12.41332053553019854 ) ) ;
#1490 = AXIS2_PLACEMENT_3D ( 'NONE', #4246, #3213, #53 ) ;
#1491 = VECTOR ( 'NONE', #2475, 1000.000000000000000 ) ;
#1492 = CARTESIAN_POINT ( 'NONE',  ( -10.67588132324112493, -7.882584065457467482, 15.79823974235714701 ) ) ;
#1493 = ORIENTED_EDGE ( 'NONE', *, *, #4166, .T. ) ;
#1494 = FACE_OUTER_BOUND ( 'NONE', #3109, .T. ) ;
#1495 = CIRCLE ( 'NONE', #77, 0.5000000000000000000 ) ;
#1496 = ORIENTED_EDGE ( 'NONE', *, *, #1364, .T. ) ;
#1497 = AXIS2_PLACEMENT_3D ( 'NONE', #297, #3437, #1663 ) ;
#1498 = ADVANCED_FACE ( 'NONE', ( #466 ), #2950, .T. ) ;
#1499 = EDGE_LOOP ( 'NONE', ( #2105, #2192, #1531, #3363 ) ) ;
#1500 = CYLINDRICAL_SURFACE ( 'NONE', #553, 0.2000000000000001221 ) ;
#1501 = CARTESIAN_POINT ( 'NONE',  ( -14.14999999999999858, -6.950000000000011724, 2.500000000000000888 ) ) ;
#1502 = LINE ( 'NONE', #4343, #4074 ) ;
#1503 = CARTESIAN_POINT ( 'NONE',  ( 9.248931386508596475, -9.607106781186585565, 17.77124589387997844 ) ) ;
#1504 = ORIENTED_EDGE ( 'NONE', *, *, #2424, .F. ) ;
#1505 = VECTOR ( 'NONE', #1950, 1000.000000000000000 ) ;
#1506 = CARTESIAN_POINT ( 'NONE',  ( -12.14999999999999858, -5.500000000000011546, -23.80000000000000071 ) ) ;
#1507 = CARTESIAN_POINT ( 'NONE',  ( -12.65000000000000213, -5.200000000000010836, 12.35677313259561849 ) ) ;
#1508 = ORIENTED_EDGE ( 'NONE', *, *, #103, .F. ) ;
#1509 = FACE_OUTER_BOUND ( 'NONE', #2846, .T. ) ;
#1510 = CARTESIAN_POINT ( 'NONE',  ( 14.14999999999999680, -12.16628944065071671, 8.666289440650691844 ) ) ;
#1511 = CARTESIAN_POINT ( 'NONE',  ( 12.14999999999999858, -5.999999999999996447, -23.80000000000000071 ) ) ;
#1512 = CIRCLE ( 'NONE', #2668, 0.1999999999999995115 ) ;
#1513 = EDGE_LOOP ( 'NONE', ( #3016, #935, #1154, #3430 ) ) ;
#1514 = AXIS2_PLACEMENT_3D ( 'NONE', #959, #4396, #1969 ) ;
#1515 = CARTESIAN_POINT ( 'NONE',  ( 10.73114418875765708, -5.346446609406734218, 13.01342907219198430 ) ) ;
#1516 = DIRECTION ( 'NONE',  ( -7.149836278586008120E-13, 0.000000000000000000, -1.000000000000000000 ) ) ;
#1517 = CARTESIAN_POINT ( 'NONE',  ( -14.14999999999999858, -6.000000000000023981, 2.500000000000000888 ) ) ;
#1518 = ADVANCED_FACE ( 'NONE', ( #4307 ), #3295, .T. ) ;
#1519 = EDGE_CURVE ( 'NONE', #2228, #191, #1548, .T. ) ;
#1520 = ORIENTED_EDGE ( 'NONE', *, *, #3138, .F. ) ;
#1521 = ORIENTED_EDGE ( 'NONE', *, *, #2046, .T. ) ;
#1522 = AXIS2_PLACEMENT_3D ( 'NONE', #438, #3088, #3223 ) ;
#1523 = CARTESIAN_POINT ( 'NONE',  ( -11.85000000000000142, -5.500000000000010658, -5.047072249014294413E-16 ) ) ;
#1524 = ADVANCED_FACE ( 'NONE', ( #795, #2591, #1808 ), #4025, .T. ) ;
#1525 = EDGE_CURVE ( 'NONE', #113, #1453, #104, .T. ) ;
#1526 = LINE ( 'NONE', #4276, #2648 ) ;
#1527 = CARTESIAN_POINT ( 'NONE',  ( -12.19035888532372880, -5.500000000000010658, 12.15993282208269655 ) ) ;
#1528 = CARTESIAN_POINT ( 'NONE',  ( -11.96969701056712054, -9.571663601528774379, 17.00865960884355133 ) ) ;
#1529 = ORIENTED_EDGE ( 'NONE', *, *, #1849, .T. ) ;
#1530 = DIRECTION ( 'NONE',  ( 0.8660254037844395958, 0.000000000000000000, -0.4999999999999983347 ) ) ;
#1531 = ORIENTED_EDGE ( 'NONE', *, *, #3890, .F. ) ;
#1532 = DIRECTION ( 'NONE',  ( -0.000000000000000000, -1.000000000000000000, -0.000000000000000000 ) ) ;
#1533 = DIRECTION ( 'NONE',  ( 0.000000000000000000, 0.000000000000000000, 1.000000000000000000 ) ) ;
#1534 = CARTESIAN_POINT ( 'NONE',  ( -10.46547005383791529, -5.200000000000010836, -23.50000000000000000 ) ) ;
#1535 = ORIENTED_EDGE ( 'NONE', *, *, #3246, .T. ) ;
#1536 = CARTESIAN_POINT ( 'NONE',  ( 10.15809406311464436, -12.49999999999999645, 15.80690261138537345 ) ) ;
#1537 = CARTESIAN_POINT ( 'NONE',  ( 3.500000000000000000, -14.50000000000001066, 10.52693615844911257 ) ) ;
#1538 = DIRECTION ( 'NONE',  ( 0.000000000000000000, 1.000000000000000000, 0.000000000000000000 ) ) ;
#1539 = ORIENTED_EDGE ( 'NONE', *, *, #538, .F. ) ;
#1540 = ORIENTED_EDGE ( 'NONE', *, *, #3800, .F. ) ;
#1541 = CARTESIAN_POINT ( 'NONE',  ( -9.485372282484179962, -9.707106781182885058, 17.96098579920731808 ) ) ;
#1542 = ADVANCED_FACE ( 'NONE', ( #2854 ), #441, .F. ) ;
#1543 = DIRECTION ( 'NONE',  ( 0.000000000000000000, 1.000000000000000000, 0.000000000000000000 ) ) ;
#1544 = CARTESIAN_POINT ( 'NONE',  ( 12.14999999999999858, 17.00105930301486623, -23.80000000000000071 ) ) ;
#1545 = EDGE_LOOP ( 'NONE', ( #1575, #906, #2273 ) ) ;
#1546 = CARTESIAN_POINT ( 'NONE',  ( 9.257779350891055969, -9.591781657332600020, 16.35472816746121794 ) ) ;
#1547 = ADVANCED_FACE ( 'NONE', ( #1509 ), #4329, .F. ) ;
#1548 = LINE ( 'NONE', #1208, #4159 ) ;
#1549 = LINE ( 'NONE', #117, #3017 ) ;
#1550 = VERTEX_POINT ( 'NONE', #2277 ) ;
#1551 = FACE_OUTER_BOUND ( 'NONE', #3041, .T. ) ;
#1552 = DIRECTION ( 'NONE',  ( -0.3619113535000230697, 0.000000000000000000, -0.9322125145093157483 ) ) ;
#1553 = FACE_OUTER_BOUND ( 'NONE', #3595, .T. ) ;
#1554 = AXIS2_PLACEMENT_3D ( 'NONE', #3366, #561, #1897 ) ;
#1555 = ORIENTED_EDGE ( 'NONE', *, *, #4503, .F. ) ;
#1556 = STYLED_ITEM ( 'NONE', ( #526 ), #3387 ) ;
#1557 = ORIENTED_EDGE ( 'NONE', *, *, #2742, .T. ) ;
#1558 = CARTESIAN_POINT ( 'NONE',  ( -11.94026096232922463, -5.249188471955770652, 12.31341163143454409 ) ) ;
#1559 = AXIS2_PLACEMENT_3D ( 'NONE', #270, #4495, #3433 ) ;
#1560 = CARTESIAN_POINT ( 'NONE',  ( 9.338992730515116136, -9.451115957569353299, 17.70764120959039545 ) ) ;
#1561 = VECTOR ( 'NONE', #3600, 1000.000000000000000 ) ;
#1562 = TOROIDAL_SURFACE ( 'NONE', #3703, 25.49289321881341053, 0.5000000000000000000 ) ;
#1563 = CARTESIAN_POINT ( 'NONE',  ( -12.18727940003023136, -5.500369454790284607, 12.16732750355230408 ) ) ;
#1564 = CARTESIAN_POINT ( 'NONE',  ( -10.44735578996595393, -6.922490528358863138, 14.85798655721961481 ) ) ;
#1565 = ADVANCED_FACE ( 'NONE', ( #2615 ), #2715, .T. ) ;
#1566 = EDGE_CURVE ( 'NONE', #3975, #2455, #3689, .T. ) ;
#1567 = VERTEX_POINT ( 'NONE', #539 ) ;
#1568 = ORIENTED_EDGE ( 'NONE', *, *, #710, .F. ) ;
#1569 = CARTESIAN_POINT ( 'NONE',  ( -10.46547005383791529, -5.400000000000011013, 0.000000000000000000 ) ) ;
#1570 = ORIENTED_EDGE ( 'NONE', *, *, #4183, .F. ) ;
#1571 = LINE ( 'NONE', #2050, #102 ) ;
#1572 = CARTESIAN_POINT ( 'NONE',  ( 11.85000000000000142, -5.670226432448645326, 12.35677313259562382 ) ) ;
#1573 = CARTESIAN_POINT ( 'NONE',  ( -10.30535206690469963, -8.238248448752017339, 15.81980844254305829 ) ) ;
#1574 = CIRCLE ( 'NONE', #3936, 0.2999999999999990452 ) ;
#1575 = ORIENTED_EDGE ( 'NONE', *, *, #623, .F. ) ;
#1576 = ADVANCED_FACE ( 'NONE', ( #4174 ), #3118, .T. ) ;
#1577 = ORIENTED_EDGE ( 'NONE', *, *, #1833, .F. ) ;
#1578 = DIRECTION ( 'NONE',  ( -6.505213034913027590E-16, 0.000000000000000000, -1.000000000000000000 ) ) ;
#1579 = CARTESIAN_POINT ( 'NONE',  ( 10.16495199884198897, -5.917022058557282804, -22.11490630738890673 ) ) ;
#1580 = VECTOR ( 'NONE', #1824, 1000.000000000000114 ) ;
#1581 = ORIENTED_EDGE ( 'NONE', *, *, #1445, .F. ) ;
#1582 = AXIS2_PLACEMENT_3D ( 'NONE', #3863, #1341, #2041 ) ;
#1583 = DIRECTION ( 'NONE',  ( 8.380306647230952385E-17, 1.000000000000000000, -0.000000000000000000 ) ) ;
#1584 = ORIENTED_EDGE ( 'NONE', *, *, #2386, .F. ) ;
#1585 = CARTESIAN_POINT ( 'NONE',  ( 10.47399188756784660, -5.396509518712553799, 12.73685975772414913 ) ) ;
#1586 =( NAMED_UNIT ( * ) SI_UNIT ( $, .STERADIAN. ) SOLID_ANGLE_UNIT ( ) );
#1587 = DIRECTION ( 'NONE',  ( 0.4999428824215582656, 0.8659264732365766770, -0.01511480281340694606 ) ) ;
#1588 = EDGE_LOOP ( 'NONE', ( #3601, #2205, #2198, #3635 ) ) ;
#1589 = CYLINDRICAL_SURFACE ( 'NONE', #914, 0.3000000000000016542 ) ;
#1590 = CARTESIAN_POINT ( 'NONE',  ( 10.35648094547442000, -8.195849394719930459, 15.77266125759740589 ) ) ;
#1591 =( BOUNDED_CURVE ( )  B_SPLINE_CURVE ( 3, ( #2808, #2734, #4167, #2393 ),
 .UNSPECIFIED., .F., .T. ) 
 B_SPLINE_CURVE_WITH_KNOTS ( ( 4, 4 ),
 ( -2.664535259100375697E-15, 1.570796326794896558 ),
 .UNSPECIFIED. ) 
 CURVE ( )  GEOMETRIC_REPRESENTATION_ITEM ( )  RATIONAL_B_SPLINE_CURVE ( ( 1.000000000000000000, 0.8047378541243643824, 0.8047378541243643824, 1.000000000000000000 ) ) 
 REPRESENTATION_ITEM ( '' )  );
#1592 = EDGE_LOOP ( 'NONE', ( #767, #3617, #309, #4388, #2097, #2285 ) ) ;
#1593 = CARTESIAN_POINT ( 'NONE',  ( 3.500000000000000000, -15.00000000000001421, 14.27693615844911257 ) ) ;
#1594 = ORIENTED_EDGE ( 'NONE', *, *, #564, .F. ) ;
#1595 = DIRECTION ( 'NONE',  ( 0.4999999999999978906, 0.000000000000000000, -0.8660254037844398178 ) ) ;
#1596 = CARTESIAN_POINT ( 'NONE',  ( 10.16495199884198897, -5.917022058557282804, -22.11490630738891028 ) ) ;
#1597 = DIRECTION ( 'NONE',  ( -0.5000000000000004441, 0.000000000000000000, -0.8660254037844384856 ) ) ;
#1598 = ORIENTED_EDGE ( 'NONE', *, *, #3800, .T. ) ;
#1599 = B_SPLINE_CURVE_WITH_KNOTS ( 'NONE', 3,
 ( #1801, #2796, #1092, #2129, #4275, #4230, #3570 ),
 .UNSPECIFIED., .F., .F.,
 ( 4, 3, 4 ),
 ( 0.000000000000000000, 0.002361785726832121325, 0.004557247256553684928 ),
 .UNSPECIFIED. ) ;
#1600 = CARTESIAN_POINT ( 'NONE',  ( 0.000000000000000000, -5.200000000000010836, 0.000000000000000000 ) ) ;
#1601 = CARTESIAN_POINT ( 'NONE',  ( -13.84999999999999787, -5.500000000000011546, 10.62472232502674885 ) ) ;
#1602 = EDGE_CURVE ( 'NONE', #2476, #3726, #1015, .T. ) ;
#1603 = EDGE_CURVE ( 'NONE', #2412, #1309, #2542, .T. ) ;
#1604 = ORIENTED_EDGE ( 'NONE', *, *, #3337, .F. ) ;
#1605 = CARTESIAN_POINT ( 'NONE',  ( -10.21275570921556941, -7.796141501438791366, 15.88919128187353813 ) ) ;
#1606 = VERTEX_POINT ( 'NONE', #888 ) ;
#1607 = EDGE_CURVE ( 'NONE', #4011, #1636, #3821, .T. ) ;
#1608 = LINE ( 'NONE', #4340, #4244 ) ;
#1609 = CARTESIAN_POINT ( 'NONE',  ( -12.16082367638088613, -5.533841161130999886, 12.25238187645889276 ) ) ;
#1610 = LINE ( 'NONE', #532, #3994 ) ;
#1611 = CARTESIAN_POINT ( 'NONE',  ( -13.94289321881345067, -6.000000000000025757, 2.500000000000000888 ) ) ;
#1612 = ORIENTED_EDGE ( 'NONE', *, *, #1070, .F. ) ;
#1613 = DIRECTION ( 'NONE',  ( -0.000000000000000000, 0.000000000000000000, -1.000000000000000000 ) ) ;
#1614 = FACE_OUTER_BOUND ( 'NONE', #4429, .T. ) ;
#1615 =( BOUNDED_SURFACE ( )  B_SPLINE_SURFACE ( 3, 2, ( 
 ( #2610, #1183, #3310 ),
 ( #4386, #1564, #2271 ),
 ( #2988, #4362, #2926 ),
 ( #1251, #2563, #2633 ) ),
 .UNSPECIFIED., .F., .F., .T. ) 
 B_SPLINE_SURFACE_WITH_KNOTS ( ( 4, 4 ),
 ( 3, 3 ),
 ( 8.673617379884035472E-18, 0.003650093677381166437 ),
 ( 0.000000000000000000, 1.000000000000000000 ),
 .UNSPECIFIED. ) 
 GEOMETRIC_REPRESENTATION_ITEM ( )  RATIONAL_B_SPLINE_SURFACE ( (
 ( 1.000000000000000000, 0.6105379064907812126, 1.000000000000000000),
 ( 1.000000000000000000, 0.6071940758484386524, 1.000000000000000000),
 ( 1.000000000000000000, 0.6035470007586539731, 1.000000000000000000),
 ( 1.000000000000000000, 0.5995010062373580251, 1.000000000000000000) ) ) 
 REPRESENTATION_ITEM ( '' )  SURFACE ( )  );
#1616 = ORIENTED_EDGE ( 'NONE', *, *, #902, .T. ) ;
#1617 = VERTEX_POINT ( 'NONE', #636 ) ;
#1618 = CARTESIAN_POINT ( 'NONE',  ( -12.17448810770887135, -5.499999788715350668, 12.19618683938697323 ) ) ;
#1619 = CARTESIAN_POINT ( 'NONE',  ( -10.16863673481147146, -11.90013526732246341, 15.81405485328465943 ) ) ;
#1620 = ORIENTED_EDGE ( 'NONE', *, *, #2269, .T. ) ;
#1621 = EDGE_CURVE ( 'NONE', #1391, #2221, #1571, .T. ) ;
#1622 = EDGE_CURVE ( 'NONE', #3783, #4092, #4536, .T. ) ;
#1623 = CARTESIAN_POINT ( 'NONE',  ( 14.14999999999999858, -18.33257888130140856, 2.500000000000000888 ) ) ;
#1624 = ORIENTED_EDGE ( 'NONE', *, *, #2370, .T. ) ;
#1625 = DIRECTION ( 'NONE',  ( 5.782411586589324901E-15, 0.000000000000000000, 1.000000000000000000 ) ) ;
#1626 = AXIS2_PLACEMENT_3D ( 'NONE', #4455, #2679, #1718 ) ;
#1627 = ADVANCED_FACE ( 'NONE', ( #2005 ), #2765, .T. ) ;
#1628 = AXIS2_PLACEMENT_3D ( 'NONE', #2339, #1657, #4114 ) ;
#1629 = AXIS2_PLACEMENT_3D ( 'NONE', #3736, #1597, #1258 ) ;
#1630 = DIRECTION ( 'NONE',  ( 0.000000000000000000, 0.000000000000000000, 1.000000000000000000 ) ) ;
#1631 = DIRECTION ( 'NONE',  ( 0.000000000000000000, 0.000000000000000000, 1.000000000000000000 ) ) ;
#1632 = AXIS2_PLACEMENT_3D ( 'NONE', #3055, #637, #2420 ) ;
#1633 = ORIENTED_EDGE ( 'NONE', *, *, #1314, .F. ) ;
#1634 = B_SPLINE_CURVE_WITH_KNOTS ( 'NONE', 3,
 ( #2584, #2986, #3008, #4359 ),
 .UNSPECIFIED., .F., .F.,
 ( 4, 4 ),
 ( 0.000000000000000000, 0.002127595400980405484 ),
 .UNSPECIFIED. ) ;
#1635 = CARTESIAN_POINT ( 'NONE',  ( 7.578718707889822603, -12.50000000000000888, 36.89604415459112374 ) ) ;
#1636 = VERTEX_POINT ( 'NONE', #4391 ) ;
#1637 = DIRECTION ( 'NONE',  ( -0.000000000000000000, 1.000000000000000000, -0.000000000000000000 ) ) ;
#1638 = CARTESIAN_POINT ( 'NONE',  ( -10.23272644311155233, -8.253445652082598727, 15.85749211946089332 ) ) ;
#1639 = CARTESIAN_POINT ( 'NONE',  ( -10.69595283679038467, -5.200000000000009059, 12.78513536995865252 ) ) ;
#1640 = CARTESIAN_POINT ( 'NONE',  ( 10.27444615414607831, -5.330863099726215637, -22.12314052012943222 ) ) ;
#1641 = CARTESIAN_POINT ( 'NONE',  ( -13.64999999999999858, -5.500000000000011546, 3.000000000000001332 ) ) ;
#1642 = AXIS2_PLACEMENT_3D ( 'NONE', #274, #1722, #3127 ) ;
#1643 = ORIENTED_EDGE ( 'NONE', *, *, #4095, .F. ) ;
#1644 = AXIS2_PLACEMENT_3D ( 'NONE', #3976, #819, #3623 ) ;
#1645 = CARTESIAN_POINT ( 'NONE',  ( -6.364267912280684669, -12.49999999999999467, -22.00000000000000355 ) ) ;
#1646 = ORIENTED_EDGE ( 'NONE', *, *, #3632, .T. ) ;
#1647 = EDGE_CURVE ( 'NONE', #764, #4549, #2588, .T. ) ;
#1648 = DIRECTION ( 'NONE',  ( -1.000000000000000000, 0.000000000000000000, 0.000000000000000000 ) ) ;
#1649 = AXIS2_PLACEMENT_3D ( 'NONE', #2818, #4225, #367 ) ;
#1650 = CIRCLE ( 'NONE', #2239, 28.19999999999999218 ) ;
#1651 = LINE ( 'NONE', #4471, #3770 ) ;
#1652 = EDGE_CURVE ( 'NONE', #3344, #2212, #182, .T. ) ;
#1653 = EDGE_CURVE ( 'NONE', #2602, #565, #1712, .T. ) ;
#1654 = CARTESIAN_POINT ( 'NONE',  ( 9.248931386508584040, -9.607106781186605104, 17.77124589387998554 ) ) ;
#1655 = CARTESIAN_POINT ( 'NONE',  ( 10.43097222022595716, -5.200000000000077449, -22.01507793272939750 ) ) ;
#1656 = ORIENTED_EDGE ( 'NONE', *, *, #2732, .T. ) ;
#1657 = DIRECTION ( 'NONE',  ( 0.000000000000000000, 1.000000000000000000, 0.000000000000000000 ) ) ;
#1658 = CARTESIAN_POINT ( 'NONE',  ( -12.15216470827784434, -5.594615697376454477, 12.30240533300221983 ) ) ;
#1659 = ORIENTED_EDGE ( 'NONE', *, *, #289, .T. ) ;
#1660 = CARTESIAN_POINT ( 'NONE',  ( 7.550000000000000711, -16.69999999999999929, 25.61030066203830913 ) ) ;
#1661 = DIRECTION ( 'NONE',  ( 4.259132699590121732E-17, -0.000000000000000000, 1.000000000000000000 ) ) ;
#1662 = CARTESIAN_POINT ( 'NONE',  ( 10.65091079533474172, -7.953264720943377775, 15.88460055627421319 ) ) ;
#1663 = DIRECTION ( 'NONE',  ( -1.387778780781444413E-14, 0.000000000000000000, 1.000000000000000000 ) ) ;
#1664 = EDGE_LOOP ( 'NONE', ( #1003, #496, #728, #4236 ) ) ;
#1665 = DIRECTION ( 'NONE',  ( 0.000000000000000000, -0.7359360763194502386, -0.6770510258256259295 ) ) ;
#1666 = PRODUCT_DEFINITION ( 'UNKNOWN', '', #230, #4222 ) ;
#1667 = DIRECTION ( 'NONE',  ( 1.482513615868391144E-16, 0.6546536707079813056, -0.7559289460184508425 ) ) ;
#1668 = CARTESIAN_POINT ( 'NONE',  ( 12.15000000000000036, -5.670226432448640885, 12.35677313259563093 ) ) ;
#1669 = CARTESIAN_POINT ( 'NONE',  ( -12.15000000000000036, -12.50000000000001066, 16.73357303036088339 ) ) ;
#1670 = EDGE_CURVE ( 'NONE', #3450, #192, #2637, .T. ) ;
#1671 = EDGE_LOOP ( 'NONE', ( #937, #480, #3745, #809 ) ) ;
#1672 = DIRECTION ( 'NONE',  ( -0.4999999999999978351, 0.8660254037844399289, 0.000000000000000000 ) ) ;
#1673 = CARTESIAN_POINT ( 'NONE',  ( -13.89999999999999680, -6.950000000000011724, -13.65566243270259328 ) ) ;
#1674 = DIRECTION ( 'NONE',  ( 0.000000000000000000, 0.6757026583943096520, -0.7371742788777041477 ) ) ;
#1675 = VERTEX_POINT ( 'NONE', #2743 ) ;
#1676 = ADVANCED_FACE ( 'NONE', ( #1372 ), #2307, .T. ) ;
#1677 = CARTESIAN_POINT ( 'NONE',  ( 10.46547005004877562, -5.200000000000010836, -23.57875981847503866 ) ) ;
#1678 = LINE ( 'NONE', #4500, #3636 ) ;
#1679 = DIRECTION ( 'NONE',  ( -0.000000000000000000, -1.000000000000000000, -0.000000000000000000 ) ) ;
#1680 = DIRECTION ( 'NONE',  ( 0.000000000000000000, 0.000000000000000000, 1.000000000000000000 ) ) ;
#1681 = ORIENTED_EDGE ( 'NONE', *, *, #2159, .T. ) ;
#1682 = CARTESIAN_POINT ( 'NONE',  ( 10.67396142659912250, -5.400000000000011013, 12.65068362120861600 ) ) ;
#1683 = CARTESIAN_POINT ( 'NONE',  ( -10.21163787567835968, -9.453402779524520128, 15.84321344444219370 ) ) ;
#1684 = FACE_OUTER_BOUND ( 'NONE', #2554, .T. ) ;
#1685 = CARTESIAN_POINT ( 'NONE',  ( -20.58654575442471568, 12.13021734066719048, -23.80000000000000071 ) ) ;
#1686 = DIRECTION ( 'NONE',  ( 0.000000000000000000, 1.000000000000000000, 0.000000000000000000 ) ) ;
#1687 = LINE ( 'NONE', #591, #3093 ) ;
#1688 = AXIS2_PLACEMENT_3D ( 'NONE', #1859, #4001, #3277 ) ;
#1689 = ORIENTED_EDGE ( 'NONE', *, *, #1364, .F. ) ;
#1690 = CONICAL_SURFACE ( 'NONE', #4294, 28.19999999999999218, 0.01745329251994333364 ) ;
#1691 = AXIS2_PLACEMENT_3D ( 'NONE', #371, #3202, #1782 ) ;
#1692 = AXIS2_PLACEMENT_3D ( 'NONE', #3837, #4170, #1417 ) ;
#1693 = CARTESIAN_POINT ( 'NONE',  ( -7.634831460674155856, -14.50000000000001066, 25.89805684925222806 ) ) ;
#1694 = DIRECTION ( 'NONE',  ( 0.000000000000000000, -0.01745240643728071875, -0.9998476951563911586 ) ) ;
#1695 = EDGE_CURVE ( 'NONE', #1411, #4054, #3774, .T. ) ;
#1696 = EDGE_CURVE ( 'NONE', #1173, #798, #3074, .T. ) ;
#1697 = AXIS2_PLACEMENT_3D ( 'NONE', #3379, #1686, #1630 ) ;
#1698 = CARTESIAN_POINT ( 'NONE',  ( 13.64999999999999858, -18.33257888130140856, 2.500000000000001332 ) ) ;
#1699 = CARTESIAN_POINT ( 'NONE',  ( -14.14999999999999858, -5.500000000000011546, 3.000000000000001332 ) ) ;
#1700 = LINE ( 'NONE', #3436, #2352 ) ;
#1701 = DIRECTION ( 'NONE',  ( -0.000000000000000000, -1.000000000000000000, -0.000000000000000000 ) ) ;
#1702 = ADVANCED_FACE ( 'NONE', ( #3493 ), #1130, .F. ) ;
#1703 = B_SPLINE_CURVE_WITH_KNOTS ( 'NONE', 3,
 ( #939, #622, #2385, #1297, #4115, #250, #2012, #3062, #3781, #4542 ),
 .UNSPECIFIED., .F., .F.,
 ( 4, 3, 3, 4 ),
 ( 0.0003614018136920666520, 0.0006000000000008093044, 0.003000000000101428477, 0.004608913217024664805 ),
 .UNSPECIFIED. ) ;
#1704 = ORIENTED_EDGE ( 'NONE', *, *, #3543, .T. ) ;
#1705 = DIRECTION ( 'NONE',  ( 0.8660254037844383745, 0.000000000000000000, -0.5000000000000003331 ) ) ;
#1706 = CARTESIAN_POINT ( 'NONE',  ( -10.34892114499130855, -5.395129914552751593, -22.06778493106949313 ) ) ;
#1707 = CARTESIAN_POINT ( 'NONE',  ( -9.993245265930500665, -5.817917325249093885, -22.11663618694349509 ) ) ;
#1708 = CARTESIAN_POINT ( 'NONE',  ( 10.47742197397598751, -5.200000000000009059, 12.65068362120861600 ) ) ;
#1709 = CARTESIAN_POINT ( 'NONE',  ( 12.17165476376742284, -5.508782931216186007, 12.21046997153353075 ) ) ;
#1710 = CIRCLE ( 'NONE', #2809, 0.1999999999999995115 ) ;
#1711 = EDGE_LOOP ( 'NONE', ( #4394, #4155, #2600, #2167 ) ) ;
#1712 = LINE ( 'NONE', #263, #321 ) ;
#1713 = AXIS2_PLACEMENT_3D ( 'NONE', #2106, #3893, #738 ) ;
#1714 = DIRECTION ( 'NONE',  ( -0.000000000000000000, -1.000000000000000000, -0.000000000000000000 ) ) ;
#1715 = CARTESIAN_POINT ( 'NONE',  ( -3.500000000000000000, -14.50000000000001066, 10.52693615844911257 ) ) ;
#1716 = AXIS2_PLACEMENT_3D ( 'NONE', #2342, #1403, #3434 ) ;
#1717 = ORIENTED_EDGE ( 'NONE', *, *, #3197, .T. ) ;
#1718 = DIRECTION ( 'NONE',  ( -6.505213034913023449E-15, 0.000000000000000000, 1.000000000000000000 ) ) ;
#1719 = FACE_OUTER_BOUND ( 'NONE', #3777, .T. ) ;
#1720 = ORIENTED_EDGE ( 'NONE', *, *, #831, .T. ) ;
#1721 = CARTESIAN_POINT ( 'NONE',  ( 0.000000000000000000, -6.950000000000011724, 0.000000000000000000 ) ) ;
#1722 = DIRECTION ( 'NONE',  ( 0.000000000000000000, 1.000000000000000000, 0.000000000000000000 ) ) ;
#1723 = PLANE ( 'NONE',  #457 ) ;
#1724 = CARTESIAN_POINT ( 'NONE',  ( -10.47399188756785016, -5.396509518712553799, -21.82403757902093133 ) ) ;
#1725 = VERTEX_POINT ( 'NONE', #2867 ) ;
#1726 = ADVANCED_FACE ( 'NONE', ( #4198 ), #1393, .T. ) ;
#1727 = CARTESIAN_POINT ( 'NONE',  ( -9.371405873647740137, -9.394974746830641266, 17.63736291403408174 ) ) ;
#1728 = LINE ( 'NONE', #1746, #2377 ) ;
#1729 = LINE ( 'NONE', #1441, #2225 ) ;
#1730 = CARTESIAN_POINT ( 'NONE',  ( 6.135343034915744731, -12.50000000000001066, -23.60000000000000142 ) ) ;
#1731 = LINE ( 'NONE', #2709, #1761 ) ;
#1732 = CARTESIAN_POINT ( 'NONE',  ( -9.434158571266074489, -9.286283886243680286, 17.75313192372680504 ) ) ;
#1733 = EDGE_CURVE ( 'NONE', #54, #4549, #15, .T. ) ;
#1734 = ORIENTED_EDGE ( 'NONE', *, *, #1868, .T. ) ;
#1735 = DIRECTION ( 'NONE',  ( 0.000000000000000000, 1.000000000000000000, 0.000000000000000000 ) ) ;
#1736 = CARTESIAN_POINT ( 'NONE',  ( -9.248931386510712116, -9.607106781182915611, 17.77124589387928211 ) ) ;
#1737 = VERTEX_POINT ( 'NONE', #2419 ) ;
#1738 = CARTESIAN_POINT ( 'NONE',  ( 10.67396142627979749, -5.200000000000010836, -21.98376016381764941 ) ) ;
#1739 = FACE_OUTER_BOUND ( 'NONE', #3686, .T. ) ;
#1740 = ORIENTED_EDGE ( 'NONE', *, *, #1379, .T. ) ;
#1741 = CARTESIAN_POINT ( 'NONE',  ( 10.30047006499013840, -5.285788363932547362, -23.73007844137090672 ) ) ;
#1742 = DIRECTION ( 'NONE',  ( -0.000000000000000000, -1.000000000000000000, -0.000000000000000000 ) ) ;
#1743 = CARTESIAN_POINT ( 'NONE',  ( -10.68638104453162718, -7.625425939531150554, 15.51619440043859299 ) ) ;
#1744 = DIRECTION ( 'NONE',  ( 0.000000000000000000, 1.000000000000000000, 0.000000000000000000 ) ) ;
#1745 = ORIENTED_EDGE ( 'NONE', *, *, #1621, .F. ) ;
#1746 = CARTESIAN_POINT ( 'NONE',  ( 10.47399188756784660, -5.396509518712553799, -21.82746766542906869 ) ) ;
#1747 = CARTESIAN_POINT ( 'NONE',  ( 10.47245814652242046, -5.484377484356589783, 12.88477304920238709 ) ) ;
#1748 = CARTESIAN_POINT ( 'NONE',  ( 12.18859123774931241, -5.500000000000010658, 12.16397070398779867 ) ) ;
#1749 =( BOUNDED_CURVE ( )  B_SPLINE_CURVE ( 3, ( #1942, #4023, #158, #915 ),
 .UNSPECIFIED., .F., .F. ) 
 B_SPLINE_CURVE_WITH_KNOTS ( ( 4, 4 ),
 ( 2.978557858995514618, 3.926838523739654363 ),
 .UNSPECIFIED. ) 
 CURVE ( )  GEOMETRIC_REPRESENTATION_ITEM ( )  RATIONAL_B_SPLINE_CURVE ( ( 1.000000000000000000, 0.9264570346843385984, 0.9264570346843385984, 1.000000000000000000 ) ) 
 REPRESENTATION_ITEM ( '' )  );
#1750 = CARTESIAN_POINT ( 'NONE',  ( 3.500000000000000000, -12.50000000000001066, 14.27693615844911257 ) ) ;
#1751 = EDGE_CURVE ( 'NONE', #534, #344, #3782, .T. ) ;
#1752 = ADVANCED_FACE ( 'NONE', ( #3217 ), #1500, .T. ) ;
#1753 = ORIENTED_EDGE ( 'NONE', *, *, #2806, .T. ) ;
#1754 = DIRECTION ( 'NONE',  ( 1.000000000000000000, 0.000000000000000000, 0.000000000000000000 ) ) ;
#1755 = DIRECTION ( 'NONE',  ( -1.000000000000000000, 0.000000000000000000, -6.505213034913027590E-16 ) ) ;
#1756 = EDGE_CURVE ( 'NONE', #798, #1, #3918, .T. ) ;
#1757 = ORIENTED_EDGE ( 'NONE', *, *, #2890, .T. ) ;
#1758 = CARTESIAN_POINT ( 'NONE',  ( -9.238257925351421207, -9.625593758206607120, 16.21188987406661397 ) ) ;
#1759 = CARTESIAN_POINT ( 'NONE',  ( 11.91959270340541543, -5.199999999999902478, 12.15642708454184273 ) ) ;
#1760 = EDGE_LOOP ( 'NONE', ( #2142, #3047, #2254, #222 ) ) ;
#1761 = VECTOR ( 'NONE', #2440, 1000.000000000000000 ) ;
#1762 = CARTESIAN_POINT ( 'NONE',  ( 12.15000000000000036, -9.565685424949295523, 16.66967721593321983 ) ) ;
#1763 = CARTESIAN_POINT ( 'NONE',  ( 14.14999999999999858, -6.950000000000011724, -21.54833395016045827 ) ) ;
#1764 = CARTESIAN_POINT ( 'NONE',  ( -10.71653023833285978, -6.085112933267624591, 13.83007547753070199 ) ) ;
#1765 = CARTESIAN_POINT ( 'NONE',  ( -10.24968728028285980, -5.373746727195500839, -23.59999999573719975 ) ) ;
#1766 = VECTOR ( 'NONE', #741, 1000.000000000000000 ) ;
#1767 = AXIS2_PLACEMENT_3D ( 'NONE', #328, #2754, #4209 ) ;
#1768 = ORIENTED_EDGE ( 'NONE', *, *, #1891, .F. ) ;
#1769 = DIRECTION ( 'NONE',  ( 1.000000000000000000, 0.000000000000000000, 0.000000000000000000 ) ) ;
#1770 = CARTESIAN_POINT ( 'NONE',  ( -10.23049603023488530, -5.730862297103455738, -22.11815573811210456 ) ) ;
#1771 = ORIENTED_EDGE ( 'NONE', *, *, #1445, .T. ) ;
#1772 = CARTESIAN_POINT ( 'NONE',  ( 7.862072633119802312, -12.50000000000001066, 18.45147343247918670 ) ) ;
#1773 = ORIENTED_EDGE ( 'NONE', *, *, #786, .F. ) ;
#1774 = CARTESIAN_POINT ( 'NONE',  ( -7.249999999999997335, -15.00000000000001421, 25.61030066203830913 ) ) ;
#1775 = ORIENTED_EDGE ( 'NONE', *, *, #2241, .F. ) ;
#1776 = DIRECTION ( 'NONE',  ( 0.000000000000000000, 1.000000000000000000, 0.000000000000000000 ) ) ;
#1777 = DIRECTION ( 'NONE',  ( 0.3603062169355878974, 0.000000000000000000, -0.9328340849462808393 ) ) ;
#1778 = AXIS2_PLACEMENT_3D ( 'NONE', #2389, #3104, #677 ) ;
#1779 = ORIENTED_EDGE ( 'NONE', *, *, #432, .T. ) ;
#1780 = EDGE_CURVE ( 'NONE', #4190, #3351, #4453, .T. ) ;
#1781 = EDGE_CURVE ( 'NONE', #1905, #2582, #2150, .T. ) ;
#1782 = DIRECTION ( 'NONE',  ( -0.000000000000000000, 0.000000000000000000, -1.000000000000000000 ) ) ;
#1783 = CIRCLE ( 'NONE', #4524, 0.2000000000000004829 ) ;
#1784 = VERTEX_POINT ( 'NONE', #1470 ) ;
#1785 = PLANE ( 'NONE',  #1435 ) ;
#1786 = ADVANCED_FACE ( 'NONE', ( #4562 ), #1136, .T. ) ;
#1787 = CARTESIAN_POINT ( 'NONE',  ( -7.578718707889820827, -12.50000000000000888, 18.33911471590985798 ) ) ;
#1788 = CARTESIAN_POINT ( 'NONE',  ( -10.47736025888788980, -5.203535655011138239, 12.93863505528360136 ) ) ;
#1789 = CARTESIAN_POINT ( 'NONE',  ( 10.46547005383791706, -5.200000000000010836, -22.07284373846077585 ) ) ;
#1790 = ORIENTED_EDGE ( 'NONE', *, *, #1920, .T. ) ;
#1791 = CARTESIAN_POINT ( 'NONE',  ( 12.65000000000000036, 17.00105930301486623, -12.35662432702593172 ) ) ;
#1792 = CARTESIAN_POINT ( 'NONE',  ( -12.15000000000000036, -6.802313515223516127, 13.96021784843864921 ) ) ;
#1793 = ORIENTED_EDGE ( 'NONE', *, *, #1653, .T. ) ;
#1794 = CARTESIAN_POINT ( 'NONE',  ( -10.46547005383791529, -5.400000000000011013, -22.23024303063488460 ) ) ;
#1795 = ORIENTED_EDGE ( 'NONE', *, *, #4030, .T. ) ;
#1796 = CARTESIAN_POINT ( 'NONE',  ( -10.59894756016826989, -5.200000000000010836, -22.13448506128780835 ) ) ;
#1797 = VERTEX_POINT ( 'NONE', #2445 ) ;
#1798 = CARTESIAN_POINT ( 'NONE',  ( 10.23864922293310187, -7.916435142451968332, 15.86150271378523868 ) ) ;
#1799 = CARTESIAN_POINT ( 'NONE',  ( -14.14999999999999858, -6.500000000000024869, 2.999999999999999112 ) ) ;
#1800 = ORIENTED_EDGE ( 'NONE', *, *, #1138, .T. ) ;
#1801 = CARTESIAN_POINT ( 'NONE',  ( 10.34999999999999787, -12.49999999999999645, 15.52708456944178472 ) ) ;
#1802 = FACE_OUTER_BOUND ( 'NONE', #1170, .T. ) ;
#1803 = CARTESIAN_POINT ( 'NONE',  ( 12.14086605880561720, -5.305042658814444145, 12.31804359989821407 ) ) ;
#1804 = EDGE_CURVE ( 'NONE', #3465, #266, #2897, .T. ) ;
#1805 = VERTEX_POINT ( 'NONE', #2843 ) ;
#1806 = DIRECTION ( 'NONE',  ( 2.061858463601975203E-16, 0.000000000000000000, -1.000000000000000000 ) ) ;
#1807 = DIRECTION ( 'NONE',  ( 1.961181171427461100E-16, -0.000000000000000000, 1.000000000000000000 ) ) ;
#1808 = FACE_BOUND ( 'NONE', #2976, .T. ) ;
#1809 = CARTESIAN_POINT ( 'NONE',  ( -9.991746918085103957, -5.820512539844733269, -22.31487584642018973 ) ) ;
#1810 = CARTESIAN_POINT ( 'NONE',  ( 14.14999999999999858, -6.249999999999997335, -22.35662432702594060 ) ) ;
#1811 = ORIENTED_EDGE ( 'NONE', *, *, #3769, .F. ) ;
#1812 = EDGE_CURVE ( 'NONE', #2485, #3373, #2813, .T. ) ;
#1813 = CARTESIAN_POINT ( 'NONE',  ( -10.65080291837917237, -7.953497228758918070, 15.88489490376072233 ) ) ;
#1814 = EDGE_LOOP ( 'NONE', ( #36, #4353, #2823, #3962 ) ) ;
#1815 = CARTESIAN_POINT ( 'NONE',  ( 6.135343034915744731, -12.50000000000001066, -22.19828495911596278 ) ) ;
#1816 = EDGE_LOOP ( 'NONE', ( #641, #3724, #2134, #1948, #3034 ) ) ;
#1817 = VERTEX_POINT ( 'NONE', #3541 ) ;
#1818 = ORIENTED_EDGE ( 'NONE', *, *, #1733, .F. ) ;
#1819 = DIRECTION ( 'NONE',  ( -0.8660254037844405950, 0.4999999999999966693, 0.000000000000000000 ) ) ;
#1820 = CARTESIAN_POINT ( 'NONE',  ( 12.15000000000000036, -5.670226432448643550, 12.35677313259562382 ) ) ;
#1821 = ORIENTED_EDGE ( 'NONE', *, *, #1018, .F. ) ;
#1822 = DIRECTION ( 'NONE',  ( 0.8660254037844382635, -0.000000000000000000, 0.5000000000000006661 ) ) ;
#1823 = CARTESIAN_POINT ( 'NONE',  ( 7.583547407897023085, -12.49163644625303426, 18.52647721034946215 ) ) ;
#1824 = DIRECTION ( 'NONE',  ( 0.01744974916068271764, 0.9996954598818874604, -0.01744974916068272111 ) ) ;
#1825 = ORIENTED_EDGE ( 'NONE', *, *, #4200, .T. ) ;
#1826 = DIRECTION ( 'NONE',  ( -1.000000000000000000, 0.000000000000000000, -2.061858463601979147E-16 ) ) ;
#1827 = DIRECTION ( 'NONE',  ( -1.000000000000000000, 0.000000000000000000, 0.000000000000000000 ) ) ;
#1828 = DIRECTION ( 'NONE',  ( 0.5000000000000004441, 0.000000000000000000, -0.8660254037844384856 ) ) ;
#1829 = VECTOR ( 'NONE', #4282, 1000.000000000000114 ) ;
#1830 = FACE_OUTER_BOUND ( 'NONE', #1231, .T. ) ;
#1831 = EDGE_CURVE ( 'NONE', #545, #3892, #39, .T. ) ;
#1832 = CARTESIAN_POINT ( 'NONE',  ( -10.34999999999999076, -5.200000000000010836, -23.49999999999999645 ) ) ;
#1833 = EDGE_CURVE ( 'NONE', #4024, #4080, #1468, .T. ) ;
#1834 = VERTEX_POINT ( 'NONE', #3565 ) ;
#1835 = AXIS2_PLACEMENT_3D ( 'NONE', #832, #3608, #455 ) ;
#1836 = LINE ( 'NONE', #402, #1220 ) ;
#1837 = VECTOR ( 'NONE', #3586, 1000.000000000000000 ) ;
#1838 = CIRCLE ( 'NONE', #2286, 0.2999999999999999334 ) ;
#1839 = DIRECTION ( 'NONE',  ( 0.000000000000000000, 0.000000000000000000, 1.000000000000000000 ) ) ;
#1840 = ORIENTED_EDGE ( 'NONE', *, *, #700, .F. ) ;
#1841 = DIRECTION ( 'NONE',  ( 0.000000000000000000, -0.000000000000000000, 1.000000000000000000 ) ) ;
#1842 = ADVANCED_FACE ( 'NONE', ( #4358 ), #3268, .T. ) ;
#1843 = AXIS2_PLACEMENT_3D ( 'NONE', #2270, #1227, #3335 ) ;
#1844 = VERTEX_POINT ( 'NONE', #4012 ) ;
#1845 = CIRCLE ( 'NONE', #3255, 0.2000000000000001221 ) ;
#1846 = ORIENTED_EDGE ( 'NONE', *, *, #417, .F. ) ;
#1847 = FACE_OUTER_BOUND ( 'NONE', #954, .T. ) ;
#1848 = DIRECTION ( 'NONE',  ( 0.000000000000000000, 0.000000000000000000, 1.000000000000000000 ) ) ;
#1849 = EDGE_CURVE ( 'NONE', #3783, #2347, #2967, .T. ) ;
#1850 = LINE ( 'NONE', #2156, #3241 ) ;
#1851 = DIRECTION ( 'NONE',  ( -0.000000000000000000, 1.000000000000000000, -0.000000000000000000 ) ) ;
#1852 = CARTESIAN_POINT ( 'NONE',  ( -12.17511294940330302, -5.505097396438273449, 12.19939329704558872 ) ) ;
#1853 = CARTESIAN_POINT ( 'NONE',  ( -6.135343034915755389, -12.49999999999999467, -23.60000000000000142 ) ) ;
#1854 = ORIENTED_EDGE ( 'NONE', *, *, #763, .F. ) ;
#1855 = CIRCLE ( 'NONE', #4448, 0.5000000000000004441 ) ;
#1856 = CARTESIAN_POINT ( 'NONE',  ( 13.19320230503483060, -5.500000000000010658, -22.85129670685513048 ) ) ;
#1857 = VERTEX_POINT ( 'NONE', #1247 ) ;
#1858 = CARTESIAN_POINT ( 'NONE',  ( 9.248931386508584040, -9.607106781186605104, 17.77124589387998554 ) ) ;
#1859 = CARTESIAN_POINT ( 'NONE',  ( -10.25939288115325354, -8.256936133370048836, 16.06160488095587979 ) ) ;
#1860 = DIRECTION ( 'NONE',  ( -0.000000000000000000, 1.000000000000000000, -0.000000000000000000 ) ) ;
#1861 = AXIS2_PLACEMENT_3D ( 'NONE', #2137, #1828, #3206 ) ;
#1862 = TOROIDAL_SURFACE ( 'NONE', #3418, 0.2000000000000000389, 0.2999999999999999889 ) ;
#1863 = ORIENTED_EDGE ( 'NONE', *, *, #1566, .F. ) ;
#1864 = CIRCLE ( 'NONE', #3868, 0.1999999999999996225 ) ;
#1865 = CARTESIAN_POINT ( 'NONE',  ( -9.248931386508582264, -9.607106781186605104, 17.77124589387998910 ) ) ;
#1866 = CARTESIAN_POINT ( 'NONE',  ( -10.29226497308102850, -5.300000000000011369, -22.23024303063489171 ) ) ;
#1867 = EDGE_LOOP ( 'NONE', ( #2276, #1775, #830, #4383 ) ) ;
#1868 = EDGE_CURVE ( 'NONE', #1150, #4411, #3638, .T. ) ;
#1869 = ORIENTED_EDGE ( 'NONE', *, *, #2481, .F. ) ;
#1870 = CARTESIAN_POINT ( 'NONE',  ( -7.682197674665750320, -12.62291739712397209, 16.63121515033815356 ) ) ;
#1871 = LINE ( 'NONE', #2292, #2820 ) ;
#1872 =( BOUNDED_CURVE ( )  B_SPLINE_CURVE ( 3, ( #3211, #1030, #3864, #3488 ),
 .UNSPECIFIED., .F., .T. ) 
 B_SPLINE_CURVE_WITH_KNOTS ( ( 4, 4 ),
 ( 3.141592653589790451, 4.712388980384689674 ),
 .UNSPECIFIED. ) 
 CURVE ( )  GEOMETRIC_REPRESENTATION_ITEM ( )  RATIONAL_B_SPLINE_CURVE ( ( 1.000000000000000000, 0.8047378541243643824, 0.8047378541243643824, 1.000000000000000000 ) ) 
 REPRESENTATION_ITEM ( '' )  );
#1873 = EDGE_CURVE ( 'NONE', #3236, #3373, #481, .T. ) ;
#1874 = DIRECTION ( 'NONE',  ( 0.9160678180704697748, 0.000000000000000000, 0.4010233817317994109 ) ) ;
#1875 = CARTESIAN_POINT ( 'NONE',  ( 0.000000000000000000, -6.950000000000011724, 0.000000000000000000 ) ) ;
#1876 = ORIENTED_EDGE ( 'NONE', *, *, #1037, .T. ) ;
#1877 = CARTESIAN_POINT ( 'NONE',  ( -10.46547005383791529, -5.400000000000011902, -22.23024303063489171 ) ) ;
#1878 = ORIENTED_EDGE ( 'NONE', *, *, #140, .F. ) ;
#1879 = CARTESIAN_POINT ( 'NONE',  ( 9.569569365198228539, -9.446400990451008894, 17.87627698194153325 ) ) ;
#1880 = CARTESIAN_POINT ( 'NONE',  ( -10.21464463598739769, -12.50000000000001066, 15.78506628777668475 ) ) ;
#1881 = CARTESIAN_POINT ( 'NONE',  ( -10.42952924663998893, -7.943772511471870246, 15.58157060627143586 ) ) ;
#1882 = VERTEX_POINT ( 'NONE', #124 ) ;
#1883 = CARTESIAN_POINT ( 'NONE',  ( -9.371405873647743690, -9.394974746830637713, 17.63736291403408885 ) ) ;
#1884 = CARTESIAN_POINT ( 'NONE',  ( 12.65000000000000213, -6.950000000000011724, 12.35677313259562382 ) ) ;
#1885 = VERTEX_POINT ( 'NONE', #2938 ) ;
#1886 = ORIENTED_EDGE ( 'NONE', *, *, #1891, .T. ) ;
#1887 = CARTESIAN_POINT ( 'NONE',  ( -12.25000000000000355, -5.500000000000011546, 11.66395280956806779 ) ) ;
#1888 = EDGE_CURVE ( 'NONE', #1998, #434, #3730, .T. ) ;
#1889 = EDGE_CURVE ( 'NONE', #344, #1198, #4302, .T. ) ;
#1890 = DIRECTION ( 'NONE',  ( 0.4923539030660901150, 0.8527819754168574073, -0.1742140537950642998 ) ) ;
#1891 = EDGE_CURVE ( 'NONE', #2566, #1805, #3045, .T. ) ;
#1892 = CARTESIAN_POINT ( 'NONE',  ( 10.37538499725346774, -8.168193636447936612, 15.74745143250117607 ) ) ;
#1893 = ORIENTED_EDGE ( 'NONE', *, *, #1218, .F. ) ;
#1894 = DIRECTION ( 'NONE',  ( -0.5000000000000022204, 0.000000000000000000, 0.8660254037844372643 ) ) ;
#1895 = ORIENTED_EDGE ( 'NONE', *, *, #4003, .T. ) ;
#1896 = CARTESIAN_POINT ( 'NONE',  ( 13.64999999999999858, -6.000000000000023981, 2.500000000000001332 ) ) ;
#1897 = DIRECTION ( 'NONE',  ( 0.000000000000000000, 0.000000000000000000, 1.000000000000000000 ) ) ;
#1898 = CARTESIAN_POINT ( 'NONE',  ( 0.000000000000000000, -12.49999999999999645, -10.49999999999999822 ) ) ;
#1899 = EDGE_LOOP ( 'NONE', ( #3233, #3764, #4118, #721 ) ) ;
#1900 = ADVANCED_FACE ( 'NONE', ( #2290 ), #3706, .T. ) ;
#1901 = ORIENTED_EDGE ( 'NONE', *, *, #3053, .F. ) ;
#1902 = CARTESIAN_POINT ( 'NONE',  ( -10.67396142659912783, -5.200000000000010836, 12.65068362120861600 ) ) ;
#1903 = CARTESIAN_POINT ( 'NONE',  ( -11.85000000000000142, -9.707106781186604749, 16.73357303036087984 ) ) ;
#1904 = VECTOR ( 'NONE', #1613, 1000.000000000000000 ) ;
#1905 = VERTEX_POINT ( 'NONE', #3550 ) ;
#1906 = VECTOR ( 'NONE', #2520, 1000.000000000000000 ) ;
#1907 = CARTESIAN_POINT ( 'NONE',  ( -10.40970647179240594, -8.115514736582586153, 16.15499914568018625 ) ) ;
#1908 = CIRCLE ( 'NONE', #2496, 0.2999999999999994338 ) ;
#1909 = EDGE_LOOP ( 'NONE', ( #1624, #3141, #4201, #2534, #4113, #41 ) ) ;
#1910 = CARTESIAN_POINT ( 'NONE',  ( 10.47346794474123222, -5.426526183146045845, 12.82072084934303824 ) ) ;
#1911 = LINE ( 'NONE', #4404, #1129 ) ;
#1912 = AXIS2_PLACEMENT_3D ( 'NONE', #1915, #508, #177 ) ;
#1913 = CIRCLE ( 'NONE', #3862, 0.5000000000000004441 ) ;
#1914 = APPLICATION_PROTOCOL_DEFINITION ( 'draft international standard', 'automotive_design', 1998, #2255 ) ;
#1915 = CARTESIAN_POINT ( 'NONE',  ( 10.34999999999999787, -12.49999999999999645, -22.00000000000000355 ) ) ;
#1916 = CARTESIAN_POINT ( 'NONE',  ( -6.231001559610986895, -12.50000000000000888, -23.80000000000000071 ) ) ;
#1917 = ORIENTED_EDGE ( 'NONE', *, *, #2947, .T. ) ;
#1918 = EDGE_CURVE ( 'NONE', #3694, #3042, #4182, .T. ) ;
#1919 = ORIENTED_EDGE ( 'NONE', *, *, #1460, .T. ) ;
#1920 = EDGE_CURVE ( 'NONE', #1998, #2128, #774, .T. ) ;
#1921 = CARTESIAN_POINT ( 'NONE',  ( 8.528423394885384923, -11.14690338620549248, 16.41838332727913397 ) ) ;
#1922 = ORIENTED_EDGE ( 'NONE', *, *, #3967, .F. ) ;
#1923 = DIRECTION ( 'NONE',  ( 0.8660254037844395958, 0.000000000000000000, -0.4999999999999983347 ) ) ;
#1924 = DIRECTION ( 'NONE',  ( 1.000000000000000000, 0.000000000000000000, -1.961181171427463072E-16 ) ) ;
#1925 = CARTESIAN_POINT ( 'NONE',  ( -14.14999999999999858, -18.33257888130140856, -22.35662432702594060 ) ) ;
#1926 =( BOUNDED_CURVE ( )  B_SPLINE_CURVE ( 3, ( #3958, #2242, #2193, #3656 ),
 .UNSPECIFIED., .F., .T. ) 
 B_SPLINE_CURVE_WITH_KNOTS ( ( 4, 4 ),
 ( 0.000000000000000000, 1.570796326794896558 ),
 .UNSPECIFIED. ) 
 CURVE ( )  GEOMETRIC_REPRESENTATION_ITEM ( )  RATIONAL_B_SPLINE_CURVE ( ( 1.000000000000000000, 0.8047378541243649375, 0.8047378541243649375, 1.000000000000000000 ) ) 
 REPRESENTATION_ITEM ( '' )  );
#1927 = AXIS2_PLACEMENT_3D ( 'NONE', #1146, #398, #2908 ) ;
#1928 = VERTEX_POINT ( 'NONE', #3971 ) ;
#1929 = ADVANCED_FACE ( 'NONE', ( #813 ), #3354, .T. ) ;
#1930 = ORIENTED_EDGE ( 'NONE', *, *, #1812, .F. ) ;
#1931 = FACE_OUTER_BOUND ( 'NONE', #752, .T. ) ;
#1932 = CARTESIAN_POINT ( 'NONE',  ( -10.47245814652242402, -5.484377484356599552, 12.88477304920239952 ) ) ;
#1933 = CIRCLE ( 'NONE', #4318, 28.19999999999999218 ) ;
#1934 = ORIENTED_EDGE ( 'NONE', *, *, #4544, .F. ) ;
#1935 = AXIS2_PLACEMENT_3D ( 'NONE', #273, #4138, #4499 ) ;
#1936 = CARTESIAN_POINT ( 'NONE',  ( -10.31617397413258885, -7.833688325888602755, 15.89037142890630605 ) ) ;
#1937 = ORIENTED_EDGE ( 'NONE', *, *, #4183, .T. ) ;
#1938 = CARTESIAN_POINT ( 'NONE',  ( 12.14999999999999858, -5.500000000000011546, -12.35662432702593172 ) ) ;
#1939 = DIRECTION ( 'NONE',  ( 0.000000000000000000, 1.000000000000000000, 0.000000000000000000 ) ) ;
#1940 = EDGE_CURVE ( 'NONE', #1784, #4011, #1349, .T. ) ;
#1941 = FACE_OUTER_BOUND ( 'NONE', #1909, .T. ) ;
#1942 = CARTESIAN_POINT ( 'NONE',  ( -10.34892114499130855, -5.395129914552751593, -22.06778493106949313 ) ) ;
#1943 = ORIENTED_EDGE ( 'NONE', *, *, #1652, .T. ) ;
#1944 = CARTESIAN_POINT ( 'NONE',  ( -11.95903609698376080, -5.346446609406741324, 12.41332053553020565 ) ) ;
#1945 = CYLINDRICAL_SURFACE ( 'NONE', #3094, 0.2999999999999999334 ) ;
#1946 = EDGE_CURVE ( 'NONE', #113, #3532, #1933, .T. ) ;
#1947 = VERTEX_POINT ( 'NONE', #946 ) ;
#1948 = ORIENTED_EDGE ( 'NONE', *, *, #1756, .F. ) ;
#1949 = CARTESIAN_POINT ( 'NONE',  ( -11.91959547522639618, -5.200000000000010836, 12.15656277791763529 ) ) ;
#1950 = DIRECTION ( 'NONE',  ( 1.000000000000000000, -0.000000000000000000, -0.000000000000000000 ) ) ;
#1951 = DIRECTION ( 'NONE',  ( -1.000000000000000000, 0.000000000000000000, 2.061858463601975203E-16 ) ) ;
#1952 = EDGE_CURVE ( 'NONE', #3330, #3805, #1512, .T. ) ;
#1953 = ORIENTED_EDGE ( 'NONE', *, *, #1647, .T. ) ;
#1954 = CARTESIAN_POINT ( 'NONE',  ( 10.40773502691895480, -5.500000000000010658, -23.80000000000000071 ) ) ;
#1955 = CARTESIAN_POINT ( 'NONE',  ( -6.135343034915741178, -12.50000000000001066, -22.08192339052969544 ) ) ;
#1956 = ORIENTED_EDGE ( 'NONE', *, *, #2272, .T. ) ;
#1957 = DIRECTION ( 'NONE',  ( -4.259132699590121732E-17, 0.000000000000000000, 1.000000000000000000 ) ) ;
#1958 = CARTESIAN_POINT ( 'NONE',  ( -14.14999999999999680, -6.950000000000011724, 10.62472232502674885 ) ) ;
#1959 = DIRECTION ( 'NONE',  ( 0.000000000000000000, 0.000000000000000000, 1.000000000000000000 ) ) ;
#1960 = CARTESIAN_POINT ( 'NONE',  ( 12.14999999999999858, -5.500000000000010658, -23.80000000000000071 ) ) ;
#1961 = ORIENTED_EDGE ( 'NONE', *, *, #2856, .F. ) ;
#1962 = EDGE_LOOP ( 'NONE', ( #1529, #4521, #1612, #1131 ) ) ;
#1963 = DIRECTION ( 'NONE',  ( -0.4931992421007841410, 0.8542461455734394749, -0.1643716227459426360 ) ) ;
#1964 = VERTEX_POINT ( 'NONE', #3725 ) ;
#1965 = DIRECTION ( 'NONE',  ( 3.219601692553881183E-17, -0.6546536707079814166, 0.7559289460184508425 ) ) ;
#1966 = CARTESIAN_POINT ( 'NONE',  ( 9.532053533637540710, -9.573247997680219612, 17.94542804414832204 ) ) ;
#1967 = EDGE_CURVE ( 'NONE', #1369, #1905, #3022, .T. ) ;
#1968 = VERTEX_POINT ( 'NONE', #3329 ) ;
#1969 = DIRECTION ( 'NONE',  ( 0.000000000000000000, 0.7478206139595402480, 0.6639008430008025430 ) ) ;
#1970 = CARTESIAN_POINT ( 'NONE',  ( 10.67590860290279409, -7.882434003312311255, 15.79806664869278698 ) ) ;
#1971 = CARTESIAN_POINT ( 'NONE',  ( -14.14999999999999858, -18.33257888130140856, 2.500000000000000888 ) ) ;
#1972 = ORIENTED_EDGE ( 'NONE', *, *, #3714, .T. ) ;
#1973 = EDGE_CURVE ( 'NONE', #1104, #891, #1059, .T. ) ;
#1974 = CARTESIAN_POINT ( 'NONE',  ( -10.39796183985482614, -8.124212891945070680, 15.71026935781473810 ) ) ;
#1975 = ADVANCED_FACE ( 'NONE', ( #2625 ), #4123, .T. ) ;
#1976 = ORIENTED_EDGE ( 'NONE', *, *, #823, .T. ) ;
#1977 = DIRECTION ( 'NONE',  ( 0.000000000000000000, 1.000000000000000000, 0.000000000000000000 ) ) ;
#1978 = CIRCLE ( 'NONE', #3539, 0.2999999999999994338 ) ;
#1979 = CARTESIAN_POINT ( 'NONE',  ( 13.64999999999999858, -18.33257888130140856, 3.000000000000001332 ) ) ;
#1980 = CIRCLE ( 'NONE', #3544, 27.00000000000000000 ) ;
#1981 = AXIS2_PLACEMENT_3D ( 'NONE', #4268, #2464, #4314 ) ;
#1982 = CIRCLE ( 'NONE', #1559, 0.1999999999999987899 ) ;
#1983 = CARTESIAN_POINT ( 'NONE',  ( 12.15000000000000036, -6.956399275605917865, 13.80552346203349678 ) ) ;
#1984 = VECTOR ( 'NONE', #3926, 1000.000000000000000 ) ;
#1985 = FACE_OUTER_BOUND ( 'NONE', #1221, .T. ) ;
#1986 = AXIS2_PLACEMENT_3D ( 'NONE', #3454, #3762, #3066 ) ;
#1987 = CARTESIAN_POINT ( 'NONE',  ( 10.47401134145787793, -5.395395006099156454, -21.91989097235461514 ) ) ;
#1988 = ORIENTED_EDGE ( 'NONE', *, *, #485, .F. ) ;
#1989 = CARTESIAN_POINT ( 'NONE',  ( 0.000000000000000000, -8.256936133370050612, -10.49999999999999822 ) ) ;
#1990 = CARTESIAN_POINT ( 'NONE',  ( -12.15000000000000036, -5.631890666351309527, 12.32978465823257785 ) ) ;
#1991 = DIRECTION ( 'NONE',  ( 0.000000000000000000, 1.000000000000000000, 0.000000000000000000 ) ) ;
#1992 = CARTESIAN_POINT ( 'NONE',  ( -12.65000000000000213, -5.500000000000011546, 12.35677313259561849 ) ) ;
#1993 = DIRECTION ( 'NONE',  ( -3.469446951953611033E-15, 0.000000000000000000, 1.000000000000000000 ) ) ;
#1994 = AXIS2_PLACEMENT_3D ( 'NONE', #4186, #2409, #3479 ) ;
#1995 = ORIENTED_EDGE ( 'NONE', *, *, #2323, .T. ) ;
#1996 = VECTOR ( 'NONE', #283, 1000.000000000000000 ) ;
#1997 = CARTESIAN_POINT ( 'NONE',  ( -10.68211113091450493, -7.845008529479535753, 15.75513839313781261 ) ) ;
#1998 = VERTEX_POINT ( 'NONE', #3069 ) ;
#1999 = CARTESIAN_POINT ( 'NONE',  ( -11.85000000000000142, 17.00105930301486623, 16.73357303036087984 ) ) ;
#2000 = CARTESIAN_POINT ( 'NONE',  ( 11.95903609698376080, -5.346446609406734218, 12.41332053553019854 ) ) ;
#2001 = VECTOR ( 'NONE', #3370, 1000.000000000000000 ) ;
#2002 = EDGE_CURVE ( 'NONE', #4054, #3375, #3049, .T. ) ;
#2003 = VECTOR ( 'NONE', #4469, 1000.000000000000000 ) ;
#2004 = AXIS2_PLACEMENT_3D ( 'NONE', #1455, #3252, #1530 ) ;
#2005 = FACE_OUTER_BOUND ( 'NONE', #620, .T. ) ;
#2006 = CARTESIAN_POINT ( 'NONE',  ( 0.000000000000000000, -12.50000000000001066, -10.49999999999999822 ) ) ;
#2007 = CARTESIAN_POINT ( 'NONE',  ( 10.47245814652242046, -5.484377484356585342, 12.88477304920239064 ) ) ;
#2008 = EDGE_CURVE ( 'NONE', #3375, #1885, #3566, .T. ) ;
#2009 = ORIENTED_EDGE ( 'NONE', *, *, #794, .T. ) ;
#2010 = PLANE ( 'NONE',  #75 ) ;
#2011 = DIRECTION ( 'NONE',  ( 0.000000000000000000, 0.000000000000000000, 1.000000000000000000 ) ) ;
#2012 = CARTESIAN_POINT ( 'NONE',  ( 10.18636434877175745, -10.89144945007372733, 15.82607704299694795 ) ) ;
#2013 = ORIENTED_EDGE ( 'NONE', *, *, #957, .F. ) ;
#2014 = CARTESIAN_POINT ( 'NONE',  ( 10.45924761853282803, -5.232332722285631732, -23.65659679099755053 ) ) ;
#2015 = DIRECTION ( 'NONE',  ( 0.000000000000000000, 1.000000000000000000, 0.000000000000000000 ) ) ;
#2016 = CARTESIAN_POINT ( 'NONE',  ( 10.29491870096804185, -8.243008830333348413, 15.82690109746900653 ) ) ;
#2017 = CARTESIAN_POINT ( 'NONE',  ( 13.84999999999999964, -5.200000000000010836, 3.000000000000001332 ) ) ;
#2018 = ORIENTED_EDGE ( 'NONE', *, *, #387, .T. ) ;
#2019 = CARTESIAN_POINT ( 'NONE',  ( -10.47401134145788149, -5.395395006099160007, -21.91989097235459028 ) ) ;
#2020 = CARTESIAN_POINT ( 'NONE',  ( 14.14999999999999858, -6.950000000000011724, 3.449999999999985967 ) ) ;
#2021 = DIRECTION ( 'NONE',  ( 0.000000000000000000, 0.000000000000000000, 1.000000000000000000 ) ) ;
#2022 = AXIS2_PLACEMENT_3D ( 'NONE', #1979, #3728, #2021 ) ;
#2023 = EDGE_CURVE ( 'NONE', #3668, #985, #2741, .T. ) ;
#2024 = EDGE_CURVE ( 'NONE', #2485, #2840, #554, .T. ) ;
#2025 = CARTESIAN_POINT ( 'NONE',  ( 14.14999999999999858, -6.500000000000024869, 2.999999999999999112 ) ) ;
#2026 = CARTESIAN_POINT ( 'NONE',  ( 9.485372282482018136, -9.707106781186604749, 17.96098579920803573 ) ) ;
#2027 = DIRECTION ( 'NONE',  ( 1.000000000000000000, -0.000000000000000000, -6.505213034913027590E-16 ) ) ;
#2028 = VERTEX_POINT ( 'NONE', #2757 ) ;
#2029 = DIRECTION ( 'NONE',  ( 1.000000000000000000, 0.000000000000000000, -0.000000000000000000 ) ) ;
#2030 = EDGE_CURVE ( 'NONE', #115, #2244, #1591, .T. ) ;
#2031 = CARTESIAN_POINT ( 'NONE',  ( 11.96969696969697061, -9.707106781186604749, 17.00865962662715347 ) ) ;
#2032 = CARTESIAN_POINT ( 'NONE',  ( -12.15000000000000036, -5.670226432448635556, 12.35677313259561672 ) ) ;
#2033 = ORIENTED_EDGE ( 'NONE', *, *, #1070, .T. ) ;
#2034 = DIRECTION ( 'NONE',  ( -0.8660254037844405950, 0.4999999999999966693, 0.000000000000000000 ) ) ;
#2035 = CARTESIAN_POINT ( 'NONE',  ( 13.64999999999999858, -5.500000000000011546, 3.000000000000001332 ) ) ;
#2036 = CARTESIAN_POINT ( 'NONE',  ( -12.15000000000000036, 17.00105930301486623, 16.73357303036088339 ) ) ;
#2037 =( BOUNDED_SURFACE ( )  B_SPLINE_SURFACE ( 3, 2, ( 
 ( #3458, #303, #1706 ),
 ( #332, #4530, #3790 ),
 ( #632, #3184, #2019 ),
 ( #3440, #279, #3110 ) ),
 .UNSPECIFIED., .F., .F., .F. ) 
 B_SPLINE_SURFACE_WITH_KNOTS ( ( 4, 4 ),
 ( 3, 3 ),
 ( 2.978557858995517282, 3.926838523739657028 ),
 ( 0.000000000000000000, 1.000000000000000000 ),
 .UNSPECIFIED. ) 
 GEOMETRIC_REPRESENTATION_ITEM ( )  RATIONAL_B_SPLINE_SURFACE ( (
 ( 1.000000000000000000, 0.7156641765647839826, 1.000000000000000000),
 ( 1.000000000000000000, 0.7161257744285087767, 1.000000000000000000),
 ( 1.000000000000000000, 0.7152019959248994141, 1.000000000000000000),
 ( 1.000000000000000000, 0.7132504491541837854, 1.000000000000000000) ) ) 
 REPRESENTATION_ITEM ( '' )  SURFACE ( )  );
#2038 = EDGE_CURVE ( 'NONE', #1198, #4024, #1728, .T. ) ;
#2039 = ORIENTED_EDGE ( 'NONE', *, *, #2705, .T. ) ;
#2040 = DIRECTION ( 'NONE',  ( 1.243449787580175483E-14, 0.000000000000000000, 1.000000000000000000 ) ) ;
#2041 = DIRECTION ( 'NONE',  ( 0.5000000000000022204, 0.000000000000000000, 0.8660254037844372643 ) ) ;
#2042 = CARTESIAN_POINT ( 'NONE',  ( -12.15000000000000036, -6.956399275586129249, 13.80552346205026559 ) ) ;
#2043 = CARTESIAN_POINT ( 'NONE',  ( -12.65000000000000036, -5.500000000000011546, -12.35662432702593350 ) ) ;
#2044 = CARTESIAN_POINT ( 'NONE',  ( 12.17663805036742986, -5.503949497270003377, 12.19491730881245495 ) ) ;
#2045 = CARTESIAN_POINT ( 'NONE',  ( 12.14999999999915126, -5.510182038911169755, 12.49885748518432749 ) ) ;
#2046 = EDGE_CURVE ( 'NONE', #4190, #2551, #483, .T. ) ;
#2047 = ORIENTED_EDGE ( 'NONE', *, *, #2714, .F. ) ;
#2048 = AXIS2_PLACEMENT_3D ( 'NONE', #4540, #1376, #345 ) ;
#2049 =( BOUNDED_SURFACE ( )  B_SPLINE_SURFACE ( 3, 2, ( 
 ( #436, #1823, #22 ),
 ( #1117, #2826, #3549 ),
 ( #4255, #3244, #1095 ),
 ( #43, #1398, #1503 ) ),
 .UNSPECIFIED., .F., .F., .T. ) 
 B_SPLINE_SURFACE_WITH_KNOTS ( ( 4, 4 ),
 ( 3, 3 ),
 ( 1.833540419716123582, 1.892495557933565165 ),
 ( 0.000000000000000000, 1.000000000000000000 ),
 .UNSPECIFIED. ) 
 GEOMETRIC_REPRESENTATION_ITEM ( )  RATIONAL_B_SPLINE_SURFACE ( (
 ( 1.000000000000000000, 0.6225214738702888884, 1.000000000000000000),
 ( 1.000000000000000000, 0.6159213870643363009, 1.000000000000000000),
 ( 1.000000000000000000, 0.6092686050157472000, 1.000000000000000000),
 ( 1.000000000000000000, 0.6025698664749414846, 1.000000000000000000) ) ) 
 REPRESENTATION_ITEM ( '' )  SURFACE ( )  );
#2050 = CARTESIAN_POINT ( 'NONE',  ( 8.113139720814382727, -5.200000000000010836, 14.05237020535574999 ) ) ;
#2051 = CARTESIAN_POINT ( 'NONE',  ( 11.94763723614615714, -5.458094398092677046, 12.54509989680544813 ) ) ;
#2052 = DIRECTION ( 'NONE',  ( 0.8660254037844405950, -0.4999999999999966693, 0.000000000000000000 ) ) ;
#2053 = AXIS2_PLACEMENT_3D ( 'NONE', #1284, #3358, #1625 ) ;
#2054 = ORIENTED_EDGE ( 'NONE', *, *, #736, .T. ) ;
#2055 = AXIS2_PLACEMENT_3D ( 'NONE', #3201, #414, #1451 ) ;
#2056 = CARTESIAN_POINT ( 'NONE',  ( -10.15809406311464969, -12.49999999999999645, 15.80690261138537700 ) ) ;
#2057 = CIRCLE ( 'NONE', #2293, 29.99999999999999289 ) ;
#2058 = FACE_OUTER_BOUND ( 'NONE', #2792, .T. ) ;
#2059 = CARTESIAN_POINT ( 'NONE',  ( -13.74999999999999645, -5.200000000000010836, 10.79792740578363563 ) ) ;
#2060 = EDGE_CURVE ( 'NONE', #781, #4024, #3048, .T. ) ;
#2061 = ORIENTED_EDGE ( 'NONE', *, *, #1363, .T. ) ;
#2062 = VECTOR ( 'NONE', #3129, 1000.000000000000000 ) ;
#2063 = DIRECTION ( 'NONE',  ( -0.9998476951563912696, 0.01745240643728354982, 0.000000000000000000 ) ) ;
#2064 = CARTESIAN_POINT ( 'NONE',  ( -11.96969696969697061, -9.574797892626445872, 17.00865962662715702 ) ) ;
#2065 = LINE ( 'NONE', #3787, #305 ) ;
#2066 = CARTESIAN_POINT ( 'NONE',  ( 10.47399188756784838, -5.396509518712552023, -21.82403757902092778 ) ) ;
#2067 = AXIS2_PLACEMENT_3D ( 'NONE', #2693, #1351, #4176 ) ;
#2068 = EDGE_LOOP ( 'NONE', ( #963, #718, #1643, #1539 ) ) ;
#2069 = ADVANCED_FACE ( 'NONE', ( #2098 ), #2779, .T. ) ;
#2070 = CARTESIAN_POINT ( 'NONE',  ( -12.11670354314043507, -5.200000000000010836, -23.67573593128807019 ) ) ;
#2071 = DIRECTION ( 'NONE',  ( 0.000000000000000000, 0.000000000000000000, -1.000000000000000000 ) ) ;
#2072 = CARTESIAN_POINT ( 'NONE',  ( -10.18719703643270336, -5.481983004522604119, -22.15626221518095207 ) ) ;
#2073 = DIRECTION ( 'NONE',  ( 0.000000000000000000, 0.000000000000000000, 1.000000000000000000 ) ) ;
#2074 = DIRECTION ( 'NONE',  ( -0.01181714442709682310, -0.6770037508129257420, 0.7358846896646369373 ) ) ;
#2075 =( BOUNDED_SURFACE ( )  B_SPLINE_SURFACE ( 3, 2, ( 
 ( #739, #1471, #4273 ),
 ( #1137, #1063, #2821 ),
 ( #1090, #2448, #3240 ),
 ( #3873, #2107, #2127 ) ),
 .UNSPECIFIED., .F., .F., .F. ) 
 B_SPLINE_SURFACE_WITH_KNOTS ( ( 4, 4 ),
 ( 3, 3 ),
 ( -1.707618421664669484E-18, 0.0001587116413456182880 ),
 ( 0.000000000000000000, 1.000000000000000000 ),
 .UNSPECIFIED. ) 
 GEOMETRIC_REPRESENTATION_ITEM ( )  RATIONAL_B_SPLINE_SURFACE ( (
 ( 1.000000000000000000, 0.8363581466662188824, 1.000000000000000000),
 ( 1.000000000000000000, 0.8364396331138349572, 1.000000000000000000),
 ( 1.000000000000000000, 0.8234039123251500891, 1.000000000000000000),
 ( 1.000000000000000000, 0.8008389405891419566, 1.000000000000000000) ) ) 
 REPRESENTATION_ITEM ( '' )  SURFACE ( )  );
#2076 = DIRECTION ( 'NONE',  ( 0.000000000000000000, 0.000000000000000000, -1.000000000000000000 ) ) ;
#2077 = CIRCLE ( 'NONE', #2963, 0.2000000000000013989 ) ;
#2078 = ORIENTED_EDGE ( 'NONE', *, *, #4149, .F. ) ;
#2079 = LINE ( 'NONE', #1774, #4219 ) ;
#2080 = ORIENTED_EDGE ( 'NONE', *, *, #3476, .T. ) ;
#2081 = DIRECTION ( 'NONE',  ( 0.8660254037844405950, 0.4999999999999966693, 0.000000000000000000 ) ) ;
#2082 = VECTOR ( 'NONE', #4412, 1000.000000000000000 ) ;
#2083 = DIRECTION ( 'NONE',  ( -0.000000000000000000, -0.000000000000000000, 1.000000000000000000 ) ) ;
#2084 = DIRECTION ( 'NONE',  ( 3.011661613853541685E-17, -0.7071067811865474617, 0.7071067811865474617 ) ) ;
#2085 = VECTOR ( 'NONE', #2325, 1000.000000000000114 ) ;
#2086 = ORIENTED_EDGE ( 'NONE', *, *, #1110, .F. ) ;
#2087 = CARTESIAN_POINT ( 'NONE',  ( 3.500000000000000000, -15.00000000000001421, 10.52693615844911257 ) ) ;
#2088 = CARTESIAN_POINT ( 'NONE',  ( 14.14999999999999680, -5.500000000000011546, -14.08867513459481202 ) ) ;
#2089 = CARTESIAN_POINT ( 'NONE',  ( -11.94763723614615714, -5.458094398092671717, 12.54509989680543214 ) ) ;
#2090 = ORIENTED_EDGE ( 'NONE', *, *, #639, .F. ) ;
#2091 = DIRECTION ( 'NONE',  ( -0.000000000000000000, 1.000000000000000000, -0.000000000000000000 ) ) ;
#2092 = DIRECTION ( 'NONE',  ( -1.000000000000000000, 0.000000000000000000, 1.961181171427461100E-16 ) ) ;
#2093 = CARTESIAN_POINT ( 'NONE',  ( -14.14999999999999680, -5.500000000000011546, 10.91339745962156194 ) ) ;
#2094 = EDGE_CURVE ( 'NONE', #38, #545, #2903, .T. ) ;
#2095 = DIRECTION ( 'NONE',  ( -1.000000000000000000, 0.000000000000000000, 8.673617379884013384E-15 ) ) ;
#2096 = ADVANCED_FACE ( 'NONE', ( #4145 ), #2037, .T. ) ;
#2097 = ORIENTED_EDGE ( 'NONE', *, *, #4035, .T. ) ;
#2098 = FACE_OUTER_BOUND ( 'NONE', #2636, .T. ) ;
#2099 = LINE ( 'NONE', #3185, #1064 ) ;
#2100 = ORIENTED_EDGE ( 'NONE', *, *, #411, .F. ) ;
#2101 = CARTESIAN_POINT ( 'NONE',  ( 10.47399188756784660, -5.396509518712553799, 12.65068362120861600 ) ) ;
#2102 = CARTESIAN_POINT ( 'NONE',  ( 13.89999999999999680, -5.999999999999996447, -22.78963702891815757 ) ) ;
#2103 = EDGE_CURVE ( 'NONE', #609, #1241, #1864, .T. ) ;
#2104 = CARTESIAN_POINT ( 'NONE',  ( -10.47399188756785016, -5.396509518712553799, 12.65068362120860890 ) ) ;
#2105 = ORIENTED_EDGE ( 'NONE', *, *, #2103, .T. ) ;
#2106 = CARTESIAN_POINT ( 'NONE',  ( -12.65000000000000036, -6.950000000000011724, -12.35662432702593350 ) ) ;
#2107 = CARTESIAN_POINT ( 'NONE',  ( 12.15000000000000213, -9.400304317291466205, 16.82126749423581913 ) ) ;
#2108 = EDGE_LOOP ( 'NONE', ( #972, #3484, #2206, #4220, #272 ) ) ;
#2109 = CARTESIAN_POINT ( 'NONE',  ( -13.64999999999999858, -5.500000000000011546, 3.000000000000001332 ) ) ;
#2110 = ORIENTED_EDGE ( 'NONE', *, *, #4473, .T. ) ;
#2111 = DIRECTION ( 'NONE',  ( -0.000000000000000000, -1.000000000000000000, -0.000000000000000000 ) ) ;
#2112 = CARTESIAN_POINT ( 'NONE',  ( -8.113139720814380951, -5.200000000000010836, 14.05237020535574644 ) ) ;
#2113 = CARTESIAN_POINT ( 'NONE',  ( 13.74999999999999645, -5.200000000000010836, -22.52982940778282739 ) ) ;
#2114 = ORIENTED_EDGE ( 'NONE', *, *, #240, .F. ) ;
#2115 = EDGE_CURVE ( 'NONE', #3199, #3130, #3885, .T. ) ;
#2116 = CARTESIAN_POINT ( 'NONE',  ( 13.84999999999999787, -5.500000000000010658, -14.08867513459481202 ) ) ;
#2117 = CARTESIAN_POINT ( 'NONE',  ( -12.02573593128807339, -5.200000000000009948, 2.624264068711930964 ) ) ;
#2118 = ORIENTED_EDGE ( 'NONE', *, *, #131, .T. ) ;
#2119 = CARTESIAN_POINT ( 'NONE',  ( 8.407722567266761260, -11.56120721363812542, 18.30329653832125913 ) ) ;
#2120 = CARTESIAN_POINT ( 'NONE',  ( 10.46407078921500222, -8.115514777132604607, 16.13389341834411894 ) ) ;
#2121 = EDGE_LOOP ( 'NONE', ( #290, #3189, #4566, #2932, #770 ) ) ;
#2122 = ADVANCED_FACE ( 'NONE', ( #1054 ), #4017, .T. ) ;
#2123 = EDGE_CURVE ( 'NONE', #3279, #3341, #998, .T. ) ;
#2124 = B_SPLINE_CURVE_WITH_KNOTS ( 'NONE', 3,
 ( #2031, #3448, #269, #3826 ),
 .UNSPECIFIED., .F., .F.,
 ( 4, 4 ),
 ( 0.000000000000000000, 0.0003915591550326103214 ),
 .UNSPECIFIED. ) ;
#2125 = ORIENTED_EDGE ( 'NONE', *, *, #2919, .T. ) ;
#2126 = DIRECTION ( 'NONE',  ( 0.000000000000000000, 0.000000000000000000, 1.000000000000000000 ) ) ;
#2127 = CARTESIAN_POINT ( 'NONE',  ( 11.93480580525836565, -9.353553390593326355, 16.86411994630512368 ) ) ;
#2128 = VERTEX_POINT ( 'NONE', #1489 ) ;
#2129 = CARTESIAN_POINT ( 'NONE',  ( 10.39121589536010681, -10.13874293624201961, 15.55533608781952459 ) ) ;
#2130 = CARTESIAN_POINT ( 'NONE',  ( -14.14999999999999858, -5.500000000000011546, 2.500000000000000888 ) ) ;
#2131 = DIRECTION ( 'NONE',  ( 0.000000000000000000, 1.000000000000000000, 0.000000000000000000 ) ) ;
#2132 = AXIS2_PLACEMENT_3D ( 'NONE', #1856, #3274, #1894 ) ;
#2133 = VECTOR ( 'NONE', #2131, 1000.000000000000000 ) ;
#2134 = ORIENTED_EDGE ( 'NONE', *, *, #2890, .F. ) ;
#2135 = VECTOR ( 'NONE', #4533, 1000.000000000000000 ) ;
#2136 = FACE_OUTER_BOUND ( 'NONE', #1592, .T. ) ;
#2137 = CARTESIAN_POINT ( 'NONE',  ( 12.14999999999999858, -18.33257888130140856, -23.80000000000000071 ) ) ;
#2138 = CARTESIAN_POINT ( 'NONE',  ( -10.47399188712807216, -5.396509543907370698, 12.73637684676445225 ) ) ;
#2139 = DIRECTION ( 'NONE',  ( -0.8660254037844405950, 0.4999999999999966693, 0.000000000000000000 ) ) ;
#2140 = VECTOR ( 'NONE', #1181, 1000.000000000000000 ) ;
#2141 = TOROIDAL_SURFACE ( 'NONE', #980, 0.2000000000000000389, 0.2999999999999999889 ) ;
#2142 = ORIENTED_EDGE ( 'NONE', *, *, #1036, .F. ) ;
#2143 = CARTESIAN_POINT ( 'NONE',  ( 10.71657786207644492, -5.251966912203203997, 12.91622287183260553 ) ) ;
#2144 = AXIS2_PLACEMENT_3D ( 'NONE', #389, #82, #1777 ) ;
#2145 = CARTESIAN_POINT ( 'NONE',  ( -10.18734261304242850, -8.253445652082858075, 15.87506647899654411 ) ) ;
#2146 = EDGE_LOOP ( 'NONE', ( #1620, #1901, #2587, #4103 ) ) ;
#2147 = CARTESIAN_POINT ( 'NONE',  ( 8.948966594415269427, -10.62999480701915545, 18.13975710676743702 ) ) ;
#2148 = ORIENTED_EDGE ( 'NONE', *, *, #2918, .F. ) ;
#2149 = ORIENTED_EDGE ( 'NONE', *, *, #2023, .T. ) ;
#2150 = LINE ( 'NONE', #3142, #3643 ) ;
#2151 = EDGE_CURVE ( 'NONE', #1259, #113, #1438, .T. ) ;
#2152 = FACE_OUTER_BOUND ( 'NONE', #3368, .T. ) ;
#2153 = AXIS2_PLACEMENT_3D ( 'NONE', #1601, #3698, #1261 ) ;
#2154 = EDGE_LOOP ( 'NONE', ( #4257, #1734, #1461, #246, #3077, #1009, #440, #863, #3754, #3023, #4492, #1681, #737, #3869, #3648, #4474, #1135, #2488 ) ) ;
#2155 = AXIS2_PLACEMENT_3D ( 'NONE', #2379, #513, #160 ) ;
#2156 = CARTESIAN_POINT ( 'NONE',  ( -12.14999999999999858, -5.500000000000011546, 2.500000000000002220 ) ) ;
#2157 = CARTESIAN_POINT ( 'NONE',  ( -13.89999999999999680, -5.500000000000011546, -22.78963702891815757 ) ) ;
#2158 = PLANE ( 'NONE',  #3995 ) ;
#2159 = EDGE_CURVE ( 'NONE', #390, #4033, #3491, .T. ) ;
#2160 = AXIS2_PLACEMENT_3D ( 'NONE', #4417, #141, #4031 ) ;
#2161 = ORIENTED_EDGE ( 'NONE', *, *, #327, .F. ) ;
#2162 = CARTESIAN_POINT ( 'NONE',  ( 10.46547005383791706, -5.200000000000010836, -22.23024303063488816 ) ) ;
#2163 = CARTESIAN_POINT ( 'NONE',  ( -12.14999999999999858, -6.950000000000011724, -22.70303448853970352 ) ) ;
#2164 = CARTESIAN_POINT ( 'NONE',  ( 9.434158571266078042, -9.286283886243676733, 17.75313192372680859 ) ) ;
#2165 = CARTESIAN_POINT ( 'NONE',  ( 11.91998767182838925, -5.199999999999403322, 12.17587240330300702 ) ) ;
#2166 = CARTESIAN_POINT ( 'NONE',  ( -12.14999999999999858, 3.857596844149359328, -35.18257238306474477 ) ) ;
#2167 = ORIENTED_EDGE ( 'NONE', *, *, #2998, .F. ) ;
#2168 = CARTESIAN_POINT ( 'NONE',  ( 13.74999999999999645, -5.200000000000010836, 10.79792740578363563 ) ) ;
#2169 = CARTESIAN_POINT ( 'NONE',  ( 0.000000000000000000, -14.50000000000001066, 0.000000000000000000 ) ) ;
#2170 = ORIENTED_EDGE ( 'NONE', *, *, #3106, .T. ) ;
#2171 = CARTESIAN_POINT ( 'NONE',  ( 3.500000000000000000, -14.50000000000001066, 14.27693615844911257 ) ) ;
#2172 = ORIENTED_EDGE ( 'NONE', *, *, #3338, .F. ) ;
#2173 = ORIENTED_EDGE ( 'NONE', *, *, #988, .F. ) ;
#2174 = ORIENTED_EDGE ( 'NONE', *, *, #2434, .T. ) ;
#2175 = CARTESIAN_POINT ( 'NONE',  ( 10.47401189857418125, -5.395363088927480177, -21.92263600064511664 ) ) ;
#2176 = DIRECTION ( 'NONE',  ( 0.000000000000000000, 1.000000000000000000, 0.000000000000000000 ) ) ;
#2177 = B_SPLINE_CURVE_WITH_KNOTS ( 'NONE', 3,
 ( #2104, #3538, #1420, #2816 ),
 .UNSPECIFIED., .F., .F.,
 ( 4, 4 ),
 ( 0.000000000000000000, 0.0002575469867286231699 ),
 .UNSPECIFIED. ) ;
#2178 = EDGE_CURVE ( 'NONE', #3849, #534, #667, .T. ) ;
#2179 = EDGE_CURVE ( 'NONE', #3694, #2842, #3630, .T. ) ;
#2180 = ORIENTED_EDGE ( 'NONE', *, *, #243, .T. ) ;
#2181 = CARTESIAN_POINT ( 'NONE',  ( 14.14999999999999680, -18.33257888130140856, 10.62472232502674885 ) ) ;
#2182 = FACE_OUTER_BOUND ( 'NONE', #587, .T. ) ;
#2183 = CARTESIAN_POINT ( 'NONE',  ( 12.19196609096476713, -5.499999999999902300, 12.15626144172972189 ) ) ;
#2184 = ORIENTED_EDGE ( 'NONE', *, *, #3080, .F. ) ;
#2185 = EDGE_CURVE ( 'NONE', #3532, #3249, #4470, .T. ) ;
#2186 = LINE ( 'NONE', #3596, #3378 ) ;
#2187 = DIRECTION ( 'NONE',  ( -0.8660254037844399289, -0.4999999999999977796, 0.000000000000000000 ) ) ;
#2188 = CARTESIAN_POINT ( 'NONE',  ( 10.18734261304261679, -8.253445652082413986, 15.87506647899648193 ) ) ;
#2189 = CARTESIAN_POINT ( 'NONE',  ( -10.70219630726599114, -6.814855026568826801, 14.63147248856821214 ) ) ;
#2190 = CARTESIAN_POINT ( 'NONE',  ( -10.23452994616206624, -5.400000000000011902, -23.79999999999999716 ) ) ;
#2191 = B_SPLINE_CURVE_WITH_KNOTS ( 'NONE', 3,
 ( #3903, #2803, #2064, #1024 ),
 .UNSPECIFIED., .F., .F.,
 ( 4, 4 ),
 ( 0.000000000000000000, 0.0003916754365112234005 ),
 .UNSPECIFIED. ) ;
#2192 = ORIENTED_EDGE ( 'NONE', *, *, #4173, .F. ) ;
#2193 = CARTESIAN_POINT ( 'NONE',  ( 10.26835034190722062, -5.341421356237320950, -23.59999999999999787 ) ) ;
#2194 = DIRECTION ( 'NONE',  ( 0.000000000000000000, 1.000000000000000000, 0.000000000000000000 ) ) ;
#2195 = EDGE_LOOP ( 'NONE', ( #3455, #1217, #4036, #2535, #1795, #4271 ) ) ;
#2196 = DIRECTION ( 'NONE',  ( -0.8660254037844383745, 0.000000000000000000, 0.5000000000000003331 ) ) ;
#2197 = ORIENTED_EDGE ( 'NONE', *, *, #2002, .F. ) ;
#2198 = ORIENTED_EDGE ( 'NONE', *, *, #755, .F. ) ;
#2199 = ORIENTED_EDGE ( 'NONE', *, *, #639, .T. ) ;
#2200 = CARTESIAN_POINT ( 'NONE',  ( -14.14999999999999680, -5.500000000000011546, 10.62472232502674885 ) ) ;
#2201 = CARTESIAN_POINT ( 'NONE',  ( -13.64999999999999858, -18.33257888130140856, 3.000000000000001332 ) ) ;
#2202 = ORIENTED_EDGE ( 'NONE', *, *, #1370, .T. ) ;
#2203 = CARTESIAN_POINT ( 'NONE',  ( -10.34892114499130855, -5.395129914552751593, -22.06778493106949313 ) ) ;
#2204 = CARTESIAN_POINT ( 'NONE',  ( -10.16495199884199252, -5.917022058557272146, -22.11490630738891028 ) ) ;
#2205 = ORIENTED_EDGE ( 'NONE', *, *, #4322, .T. ) ;
#2206 = ORIENTED_EDGE ( 'NONE', *, *, #2624, .T. ) ;
#2207 = DIRECTION ( 'NONE',  ( 1.000000000000000000, -0.000000000000000000, 4.259132699590121732E-17 ) ) ;
#2208 = AXIS2_PLACEMENT_3D ( 'NONE', #2616, #2952, #467 ) ;
#2209 = DIRECTION ( 'NONE',  ( -4.259132699590121732E-17, 0.000000000000000000, -1.000000000000000000 ) ) ;
#2210 = CARTESIAN_POINT ( 'NONE',  ( -10.27003603885587069, -5.338501643475651370, -23.77539919496517129 ) ) ;
#2211 = EDGE_CURVE ( 'NONE', #191, #668, #325, .T. ) ;
#2212 = VERTEX_POINT ( 'NONE', #4354 ) ;
#2213 = VECTOR ( 'NONE', #1957, 1000.000000000000000 ) ;
#2214 = CARTESIAN_POINT ( 'NONE',  ( 7.578718707889820827, -12.50000000000000711, 16.77115952700375701 ) ) ;
#2215 = CIRCLE ( 'NONE', #229, 3.750000000000000000 ) ;
#2216 = CIRCLE ( 'NONE', #1052, 25.84644660940668714 ) ;
#2217 = LINE ( 'NONE', #3232, #1424 ) ;
#2218 = CYLINDRICAL_SURFACE ( 'NONE', #1981, 29.99999999999999645 ) ;
#2219 = AXIS2_PLACEMENT_3D ( 'NONE', #284, #3469, #312 ) ;
#2220 = ADVANCED_FACE ( 'NONE', ( #799 ), #2505, .F. ) ;
#2221 = VERTEX_POINT ( 'NONE', #2168 ) ;
#2222 = ORIENTED_EDGE ( 'NONE', *, *, #67, .F. ) ;
#2223 = CARTESIAN_POINT ( 'NONE',  ( -9.248931386510731656, -9.607106781182887190, 17.77124589387926790 ) ) ;
#2224 = CARTESIAN_POINT ( 'NONE',  ( -2.588075286112622830, -5.200000000000010836, -4.482677889360413559 ) ) ;
#2225 = VECTOR ( 'NONE', #2758, 1000.000000000000000 ) ;
#2226 = CARTESIAN_POINT ( 'NONE',  ( 13.64999999999999858, -5.200000000000010836, 2.800000000000001155 ) ) ;
#2227 = LINE ( 'NONE', #509, #2793 ) ;
#2228 = VERTEX_POINT ( 'NONE', #424 ) ;
#2229 = VECTOR ( 'NONE', #1325, 1000.000000000000000 ) ;
#2230 = CARTESIAN_POINT ( 'NONE',  ( 8.415649201162441528, -11.05039386324815354, 16.60910349639823380 ) ) ;
#2231 = ORIENTED_EDGE ( 'NONE', *, *, #763, .T. ) ;
#2232 = CARTESIAN_POINT ( 'NONE',  ( -7.578718707889819051, -12.50000000000001066, 18.27407996053067407 ) ) ;
#2233 = CARTESIAN_POINT ( 'NONE',  ( 7.578718707889824380, -12.50000000000001066, 18.33933581789381151 ) ) ;
#2234 = DIRECTION ( 'NONE',  ( 0.8660254037844383745, -0.000000000000000000, 0.5000000000000003331 ) ) ;
#2235 = CIRCLE ( 'NONE', #2160, 29.85355339059326596 ) ;
#2236 = AXIS2_PLACEMENT_3D ( 'NONE', #1179, #2559, #1648 ) ;
#2237 = B_SPLINE_CURVE_WITH_KNOTS ( 'NONE', 3,
 ( #2375, #1083, #3534, #2465, #3889, #733, #2120, #296 ),
 .UNSPECIFIED., .F., .F.,
 ( 4, 2, 2, 4 ),
 ( 0.000000000000000000, 0.0001718485836613196319, 0.0003436971673226392639, 0.0006873943346452785277 ),
 .UNSPECIFIED. ) ;
#2238 = EDGE_LOOP ( 'NONE', ( #1895, #1863, #2274, #1821 ) ) ;
#2239 = AXIS2_PLACEMENT_3D ( 'NONE', #2773, #3103, #4522 ) ;
#2240 = ADVANCED_FACE ( 'NONE', ( #4333 ), #2516, .T. ) ;
#2241 = EDGE_CURVE ( 'NONE', #1857, #4011, #1926, .T. ) ;
#2242 = CARTESIAN_POINT ( 'NONE',  ( 10.29226497308102850, -5.300000000000011369, -23.55857864376269362 ) ) ;
#2243 = LINE ( 'NONE', #3657, #3266 ) ;
#2244 = VERTEX_POINT ( 'NONE', #3603 ) ;
#2245 = EDGE_CURVE ( 'NONE', #2850, #764, #1836, .T. ) ;
#2246 = ORIENTED_EDGE ( 'NONE', *, *, #1653, .F. ) ;
#2247 = CARTESIAN_POINT ( 'NONE',  ( -8.156820295274528121, -11.49869867871416140, 18.37672497833469265 ) ) ;
#2248 = CARTESIAN_POINT ( 'NONE',  ( -14.14999999999999680, -6.950000000000011724, -14.08867513459481202 ) ) ;
#2249 = FACE_OUTER_BOUND ( 'NONE', #2252, .T. ) ;
#2250 = CARTESIAN_POINT ( 'NONE',  ( -12.15000000000000036, -9.707106781186601197, 16.73357303036089050 ) ) ;
#2251 = EDGE_CURVE ( 'NONE', #2842, #143, #1298, .T. ) ;
#2252 = EDGE_LOOP ( 'NONE', ( #1176, #4516, #2039 ) ) ;
#2253 = CARTESIAN_POINT ( 'NONE',  ( 9.364688593060796151, -9.688291161947351071, 16.16596712320457740 ) ) ;
#2254 = ORIENTED_EDGE ( 'NONE', *, *, #4117, .F. ) ;
#2255 = APPLICATION_CONTEXT ( 'automotive_design' ) ;
#2256 = CARTESIAN_POINT ( 'NONE',  ( 0.000000000000000000, -9.707106781186602973, -10.49999999999999822 ) ) ;
#2257 = DIRECTION ( 'NONE',  ( 0.000000000000000000, -0.6639008430008022099, 0.7478206139595405810 ) ) ;
#2258 = CARTESIAN_POINT ( 'NONE',  ( 10.31034787501223526, -8.115514777134087865, 16.19352754239511327 ) ) ;
#2259 = ORIENTED_EDGE ( 'NONE', *, *, #2653, .F. ) ;
#2260 = CIRCLE ( 'NONE', #2845, 0.2000000000000000944 ) ;
#2261 = DIRECTION ( 'NONE',  ( 0.000000000000000000, -0.000000000000000000, 1.000000000000000000 ) ) ;
#2262 = DIRECTION ( 'NONE',  ( 0.3535533905932760068, -0.7071067811865436870, -0.6123724356957978010 ) ) ;
#2263 = ORIENTED_EDGE ( 'NONE', *, *, #934, .T. ) ;
#2264 = CARTESIAN_POINT ( 'NONE',  ( -10.42884923906420802, -7.982730119397074553, 15.60692750119809169 ) ) ;
#2265 = ORIENTED_EDGE ( 'NONE', *, *, #4204, .F. ) ;
#2266 = DIRECTION ( 'NONE',  ( 0.000000000000000000, 0.000000000000000000, -1.000000000000000000 ) ) ;
#2267 = LINE ( 'NONE', #4057, #3993 ) ;
#2268 = ADVANCED_FACE ( 'NONE', ( #3210 ), #3697, .T. ) ;
#2269 = EDGE_CURVE ( 'NONE', #1104, #1567, #4243, .T. ) ;
#2270 = CARTESIAN_POINT ( 'NONE',  ( 11.85000000000000142, 17.00105930301486623, 16.73357303036087984 ) ) ;
#2271 = CARTESIAN_POINT ( 'NONE',  ( -10.69888367347376779, -6.982124869514144017, 14.81651003587411530 ) ) ;
#2272 = EDGE_CURVE ( 'NONE', #3939, #2949, #4375, .T. ) ;
#2273 = ORIENTED_EDGE ( 'NONE', *, *, #127, .T. ) ;
#2274 = ORIENTED_EDGE ( 'NONE', *, *, #607, .F. ) ;
#2275 = CARTESIAN_POINT ( 'NONE',  ( -12.40000000000000036, -5.500000000000011546, -12.78963702891815402 ) ) ;
#2276 = ORIENTED_EDGE ( 'NONE', *, *, #1940, .T. ) ;
#2277 = CARTESIAN_POINT ( 'NONE',  ( 10.08618780040435148, -8.156936133356216700, 16.06160488093795990 ) ) ;
#2278 = CARTESIAN_POINT ( 'NONE',  ( -1.821459649775654154E-15, -5.500000000000010658, 2.800000000000010036 ) ) ;
#2279 = LINE ( 'NONE', #3691, #2712 ) ;
#2280 = ORIENTED_EDGE ( 'NONE', *, *, #4242, .T. ) ;
#2281 = ORIENTED_EDGE ( 'NONE', *, *, #4535, .T. ) ;
#2282 = DIRECTION ( 'NONE',  ( -0.5000000000000001110, -0.8660254037844385966, 0.000000000000000000 ) ) ;
#2283 = FACE_OUTER_BOUND ( 'NONE', #2444, .T. ) ;
#2284 = AXIS2_PLACEMENT_3D ( 'NONE', #1989, #1637, #1331 ) ;
#2285 = ORIENTED_EDGE ( 'NONE', *, *, #852, .T. ) ;
#2286 = AXIS2_PLACEMENT_3D ( 'NONE', #846, #1275, #2638 ) ;
#2287 = CARTESIAN_POINT ( 'NONE',  ( -10.23272644311171398, -8.253445652082611161, 15.85749211946085246 ) ) ;
#2288 = AXIS2_PLACEMENT_3D ( 'NONE', #2396, #4247, #3772 ) ;
#2289 = ORIENTED_EDGE ( 'NONE', *, *, #2024, .F. ) ;
#2290 = FACE_OUTER_BOUND ( 'NONE', #4028, .T. ) ;
#2291 = CARTESIAN_POINT ( 'NONE',  ( -10.40398701153511141, -9.407086180594133040, 15.56408532916323395 ) ) ;
#2292 = CARTESIAN_POINT ( 'NONE',  ( -12.14999999999999858, -18.33257888130140856, 2.500000000000002220 ) ) ;
#2293 = AXIS2_PLACEMENT_3D ( 'NONE', #2006, #573, #1959 ) ;
#2294 = EDGE_CURVE ( 'NONE', #2494, #3330, #2235, .T. ) ;
#2295 = FACE_OUTER_BOUND ( 'NONE', #1899, .T. ) ;
#2296 = ORIENTED_EDGE ( 'NONE', *, *, #3594, .T. ) ;
#2297 = DIRECTION ( 'NONE',  ( 0.000000000000000000, 0.000000000000000000, 1.000000000000000000 ) ) ;
#2298 = EDGE_LOOP ( 'NONE', ( #731, #2966, #1097, #1439, #4100 ) ) ;
#2299 = ADVANCED_FACE ( 'NONE', ( #893 ), #167, .T. ) ;
#2300 = CARTESIAN_POINT ( 'NONE',  ( -11.94763723614615714, -5.458094398092673494, 12.54509989680543391 ) ) ;
#2301 = CARTESIAN_POINT ( 'NONE',  ( 9.371405873647761453, -9.394974746830607515, 17.63736291403403911 ) ) ;
#2302 = CIRCLE ( 'NONE', #4010, 28.27412388186408876 ) ;
#2303 = ORIENTED_EDGE ( 'NONE', *, *, #4204, .T. ) ;
#2304 = ADVANCED_FACE ( 'NONE', ( #2666 ), #3390, .T. ) ;
#2305 = PLANE ( 'NONE',  #2740 ) ;
#2306 = CARTESIAN_POINT ( 'NONE',  ( -10.23272644311155233, -8.253445652082598727, 15.85749211946089332 ) ) ;
#2307 = TOROIDAL_SURFACE ( 'NONE', #3485, 29.49999999999999645, 0.5000000000000000000 ) ;
#2308 = ORIENTED_EDGE ( 'NONE', *, *, #2918, .T. ) ;
#2309 = VECTOR ( 'NONE', #749, 1000.000000000000000 ) ;
#2310 = DIRECTION ( 'NONE',  ( 0.000000000000000000, 0.7813101949131537882, 0.6241429157851343668 ) ) ;
#2311 = ORIENTED_EDGE ( 'NONE', *, *, #485, .T. ) ;
#2312 = LINE ( 'NONE', #3727, #2213 ) ;
#2313 = CARTESIAN_POINT ( 'NONE',  ( -12.17016300191455436, -5.510710230047270564, 12.21541961363739937 ) ) ;
#2314 = CARTESIAN_POINT ( 'NONE',  ( -12.15000000000000036, -9.485348328592305478, 16.88888214043387137 ) ) ;
#2315 = EDGE_CURVE ( 'NONE', #4317, #2778, #601, .T. ) ;
#2316 = EDGE_CURVE ( 'NONE', #1725, #1088, #3786, .T. ) ;
#2317 = VERTEX_POINT ( 'NONE', #543 ) ;
#2318 = VERTEX_POINT ( 'NONE', #4436 ) ;
#2319 = DIRECTION ( 'NONE',  ( 0.000000000000000000, 1.000000000000000000, 0.000000000000000000 ) ) ;
#2320 = PLANE ( 'NONE',  #1629 ) ;
#2321 = ADVANCED_FACE ( 'NONE', ( #1931 ), #869, .F. ) ;
#2322 = ORIENTED_EDGE ( 'NONE', *, *, #1525, .T. ) ;
#2323 = EDGE_CURVE ( 'NONE', #2626, #237, #166, .T. ) ;
#2324 = ORIENTED_EDGE ( 'NONE', *, *, #1602, .T. ) ;
#2325 = DIRECTION ( 'NONE',  ( -0.8660254037844395958, -0.000000000000000000, 0.4999999999999983347 ) ) ;
#2326 = CARTESIAN_POINT ( 'NONE',  ( 9.993245265930493559, -5.817917325249106320, -22.11663618694350220 ) ) ;
#2327 = CARTESIAN_POINT ( 'NONE',  ( -10.40773502691895480, -5.500000000000010658, -23.80000000000000071 ) ) ;
#2328 = CARTESIAN_POINT ( 'NONE',  ( -10.21914566197834517, -7.783026335511076255, 15.87231437719558613 ) ) ;
#2329 = ORIENTED_EDGE ( 'NONE', *, *, #2185, .F. ) ;
#2330 = ADVANCED_FACE ( 'NONE', ( #4077 ), #2305, .T. ) ;
#2331 = LINE ( 'NONE', #4125, #4143 ) ;
#2332 = FACE_OUTER_BOUND ( 'NONE', #593, .T. ) ;
#2333 = FACE_OUTER_BOUND ( 'NONE', #4319, .T. ) ;
#2334 = CARTESIAN_POINT ( 'NONE',  ( 0.000000000000000000, 17.00105930301486623, -10.49999999999999822 ) ) ;
#2335 = ORIENTED_EDGE ( 'NONE', *, *, #710, .T. ) ;
#2336 = ORIENTED_EDGE ( 'NONE', *, *, #4149, .T. ) ;
#2337 = FACE_OUTER_BOUND ( 'NONE', #2680, .T. ) ;
#2338 = EDGE_LOOP ( 'NONE', ( #369, #139, #2891, #854 ) ) ;
#2339 = CARTESIAN_POINT ( 'NONE',  ( 13.64999999999999858, -5.500000000000011546, -22.35662432702594060 ) ) ;
#2340 = DIRECTION ( 'NONE',  ( 0.000000000000000000, 0.000000000000000000, 1.000000000000000000 ) ) ;
#2341 =( BOUNDED_CURVE ( )  B_SPLINE_CURVE ( 3, ( #1736, #4226, #410, #1159 ),
 .UNSPECIFIED., .F., .F. ) 
 B_SPLINE_CURVE_WITH_KNOTS ( ( 4, 4 ),
 ( 4.390689749245945350, 4.449230414590200411 ),
 .UNSPECIFIED. ) 
 CURVE ( )  GEOMETRIC_REPRESENTATION_ITEM ( )  RATIONAL_B_SPLINE_CURVE ( ( 1.000000000000000000, 0.9997144362640784099, 0.9997144362640784099, 1.000000000000000000 ) ) 
 REPRESENTATION_ITEM ( '' )  );
#2342 = CARTESIAN_POINT ( 'NONE',  ( 12.65000000000000036, -6.950000000000011724, -12.35662432702593172 ) ) ;
#2343 = CARTESIAN_POINT ( 'NONE',  ( 13.64999999999999680, -6.950000000000011724, 10.62472232502674885 ) ) ;
#2344 = CARTESIAN_POINT ( 'NONE',  ( 10.54429934835302163, -8.070422153118444797, 16.05352114542940711 ) ) ;
#2345 = ADVANCED_FACE ( 'NONE', ( #1551 ), #4310, .T. ) ;
#2346 = CARTESIAN_POINT ( 'NONE',  ( 10.05004569145308047, -12.49999999999999645, -22.00000000000000355 ) ) ;
#2347 = VERTEX_POINT ( 'NONE', #2684 ) ;
#2348 = CARTESIAN_POINT ( 'NONE',  ( -12.15211370563714688, -5.595012017404467741, 12.30271136770850937 ) ) ;
#2349 = ORIENTED_EDGE ( 'NONE', *, *, #470, .T. ) ;
#2350 = CARTESIAN_POINT ( 'NONE',  ( 14.14999999999999858, -6.091506350946102266, -22.53963702891816112 ) ) ;
#2351 = EDGE_CURVE ( 'NONE', #1207, #3236, #3348, .T. ) ;
#2352 = VECTOR ( 'NONE', #3392, 1000.000000000000000 ) ;
#2353 = DIRECTION ( 'NONE',  ( 0.000000000000000000, 0.000000000000000000, 1.000000000000000000 ) ) ;
#2354 = AXIS2_PLACEMENT_3D ( 'NONE', #60, #1822, #2474 ) ;
#2355 = CARTESIAN_POINT ( 'NONE',  ( 12.40000000000000213, -6.950000000000011724, 11.92376043070339975 ) ) ;
#2356 = AXIS2_PLACEMENT_3D ( 'NONE', #1682, #792, #1454 ) ;
#2357 = FACE_OUTER_BOUND ( 'NONE', #186, .T. ) ;
#2358 = VECTOR ( 'NONE', #4089, 1000.000000000000000 ) ;
#2359 = EDGE_LOOP ( 'NONE', ( #4373, #122, #2349 ) ) ;
#2360 = FACE_OUTER_BOUND ( 'NONE', #3050, .T. ) ;
#2361 = ORIENTED_EDGE ( 'NONE', *, *, #432, .F. ) ;
#2362 = DIRECTION ( 'NONE',  ( 0.8660254037844382635, 0.000000000000000000, -0.5000000000000006661 ) ) ;
#2363 = CARTESIAN_POINT ( 'NONE',  ( 13.89999999999999680, -18.33257888130140856, -13.65566243270259328 ) ) ;
#2364 = FACE_OUTER_BOUND ( 'NONE', #2338, .T. ) ;
#2365 = CARTESIAN_POINT ( 'NONE',  ( 10.29226497308102850, -5.300000000000013145, -22.23024303063489171 ) ) ;
#2366 = CARTESIAN_POINT ( 'NONE',  ( 10.23272644311179036, -8.253445652082604056, 15.85749211946081694 ) ) ;
#2367 = CARTESIAN_POINT ( 'NONE',  ( 10.23452994616206624, -5.400000000000011902, -23.60000000000000142 ) ) ;
#2368 = VECTOR ( 'NONE', #65, 1000.000000000000000 ) ;
#2369 = EDGE_LOOP ( 'NONE', ( #4434, #1074, #1934, #4304, #119, #2180 ) ) ;
#2370 = EDGE_CURVE ( 'NONE', #3344, #757, #3063, .T. ) ;
#2371 = ADVANCED_FACE ( 'NONE', ( #981 ), #3854, .T. ) ;
#2372 = VECTOR ( 'NONE', #2627, 1000.000000000000000 ) ;
#2373 = CARTESIAN_POINT ( 'NONE',  ( -7.578718707889820827, -12.50000000000001066, 16.77098530306831137 ) ) ;
#2374 = FACE_OUTER_BOUND ( 'NONE', #2238, .T. ) ;
#2375 = CARTESIAN_POINT ( 'NONE',  ( 10.68287244362099919, -7.805841636522016458, 15.71253339731173604 ) ) ;
#2376 = DIRECTION ( 'NONE',  ( -1.000000000000000000, 8.380306647230952385E-17, 0.000000000000000000 ) ) ;
#2377 = VECTOR ( 'NONE', #2071, 1000.000000000000000 ) ;
#2378 = EDGE_CURVE ( 'NONE', #1446, #3199, #1352, .T. ) ;
#2379 = CARTESIAN_POINT ( 'NONE',  ( -14.14999999999999680, -18.33257888130140856, -13.79999999999999893 ) ) ;
#2380 = CARTESIAN_POINT ( 'NONE',  ( 13.64999999999999680, -5.200000000000010836, -14.08867513459481202 ) ) ;
#2381 = FACE_OUTER_BOUND ( 'NONE', #70, .T. ) ;
#2382 = VERTEX_POINT ( 'NONE', #253 ) ;
#2383 = CARTESIAN_POINT ( 'NONE',  ( 10.47399188756784838, -5.396509518712553799, -21.82403757902092778 ) ) ;
#2384 = FACE_OUTER_BOUND ( 'NONE', #355, .T. ) ;
#2385 = CARTESIAN_POINT ( 'NONE',  ( 10.22993157668497943, -8.412475291057514681, 15.85559938827618964 ) ) ;
#2386 = EDGE_CURVE ( 'NONE', #3502, #3783, #3943, .T. ) ;
#2387 = ORIENTED_EDGE ( 'NONE', *, *, #666, .T. ) ;
#2388 = CARTESIAN_POINT ( 'NONE',  ( 13.64999999999999858, -6.000000000000023981, 2.500000000000001332 ) ) ;
#2389 = CARTESIAN_POINT ( 'NONE',  ( -13.64999999999999858, -5.200000000000010836, -22.35662432702594060 ) ) ;
#2390 = CARTESIAN_POINT ( 'NONE',  ( 10.57884094609553571, -8.045223483014101618, 16.01262946627108619 ) ) ;
#2391 = CARTESIAN_POINT ( 'NONE',  ( 7.550000000000000711, -12.50000000000001066, 25.61030066203830913 ) ) ;
#2392 = ORIENTED_EDGE ( 'NONE', *, *, #394, .T. ) ;
#2393 = CARTESIAN_POINT ( 'NONE',  ( 12.06961524227066640, -5.200000000000010836, -23.50000000000000000 ) ) ;
#2394 = CARTESIAN_POINT ( 'NONE',  ( -9.378883735570120450, -9.663532471173841287, 16.16094754510674747 ) ) ;
#2395 = ORIENTED_EDGE ( 'NONE', *, *, #4423, .F. ) ;
#2396 = CARTESIAN_POINT ( 'NONE',  ( 14.14999999999999858, -18.33257888130140856, -22.64529946162074836 ) ) ;
#2397 = DIRECTION ( 'NONE',  ( 0.000000000000000000, 1.000000000000000000, 0.000000000000000000 ) ) ;
#2398 = CIRCLE ( 'NONE', #2472, 0.5000000000000004441 ) ;
#2399 = CARTESIAN_POINT ( 'NONE',  ( 13.94289321881344890, -6.000000000000024869, 2.500000000000001332 ) ) ;
#2400 = CARTESIAN_POINT ( 'NONE',  ( 14.14999999999999858, -6.950000000000011724, -22.64529946162074836 ) ) ;
#2401 = ADVANCED_FACE ( 'NONE', ( #3878 ), #350, .F. ) ;
#2402 = ADVANCED_FACE ( 'NONE', ( #2364 ), #4185, .T. ) ;
#2403 = CARTESIAN_POINT ( 'NONE',  ( 7.578718707889822603, -12.50000000000000888, 18.27407996053067407 ) ) ;
#2404 = VERTEX_POINT ( 'NONE', #2701 ) ;
#2405 = CARTESIAN_POINT ( 'NONE',  ( 0.000000000000000000, -8.115514777132741386, -10.49999999999999822 ) ) ;
#2406 = CARTESIAN_POINT ( 'NONE',  ( 13.89999999999999680, -6.950000000000011724, -13.65566243270259328 ) ) ;
#2407 = ADVANCED_FACE ( 'NONE', ( #3784 ), #24, .T. ) ;
#2408 = CARTESIAN_POINT ( 'NONE',  ( -12.14999999999999858, -12.50000000000001066, -23.80000000000000071 ) ) ;
#2409 = DIRECTION ( 'NONE',  ( 0.000000000000000000, -1.000000000000000000, 0.000000000000000000 ) ) ;
#2410 = CARTESIAN_POINT ( 'NONE',  ( -7.249999999999999112, -14.50000000000001066, 14.27693615844911257 ) ) ;
#2411 = DIRECTION ( 'NONE',  ( 0.000000000000000000, 0.7421158902050691841, 0.6702715908533924960 ) ) ;
#2412 = VERTEX_POINT ( 'NONE', #2388 ) ;
#2413 = DIRECTION ( 'NONE',  ( 0.000000000000000000, 0.000000000000000000, 1.000000000000000000 ) ) ;
#2414 = CARTESIAN_POINT ( 'NONE',  ( 14.14999999999999680, -6.950000000000011724, -14.08867513459481202 ) ) ;
#2415 = DIRECTION ( 'NONE',  ( -0.000000000000000000, -1.000000000000000000, -0.000000000000000000 ) ) ;
#2416 = ORIENTED_EDGE ( 'NONE', *, *, #558, .F. ) ;
#2417 = CARTESIAN_POINT ( 'NONE',  ( 11.91714574554354655, -5.200000000000010836, 12.03595442721022657 ) ) ;
#2418 = AXIS2_PLACEMENT_3D ( 'NONE', #2458, #1076, #66 ) ;
#2419 = CARTESIAN_POINT ( 'NONE',  ( 12.15000000000000036, -12.50000000000001066, 16.73357303036088339 ) ) ;
#2420 = DIRECTION ( 'NONE',  ( 0.000000000000000000, 0.000000000000000000, -1.000000000000000000 ) ) ;
#2421 = AXIS2_PLACEMENT_3D ( 'NONE', #2708, #4509, #714 ) ;
#2422 = CARTESIAN_POINT ( 'NONE',  ( 10.68287244362099742, -7.805841636522012017, 15.71253339731173959 ) ) ;
#2423 = VECTOR ( 'NONE', #4464, 1000.000000000000000 ) ;
#2424 = EDGE_CURVE ( 'NONE', #4133, #3752, #707, .T. ) ;
#2425 = EDGE_CURVE ( 'NONE', #3154, #2412, #293, .T. ) ;
#2426 = ORIENTED_EDGE ( 'NONE', *, *, #3395, .F. ) ;
#2427 = AXIS2_PLACEMENT_3D ( 'NONE', #3234, #1538, #1841 ) ;
#2428 = AXIS2_PLACEMENT_3D ( 'NONE', #1044, #3851, #3900 ) ;
#2429 = CARTESIAN_POINT ( 'NONE',  ( -10.44155542266410741, -5.324264068711939579, -23.80000000000000071 ) ) ;
#2430 = CARTESIAN_POINT ( 'NONE',  ( -8.132409060287709934, -11.54098017798615672, 18.12515796935439027 ) ) ;
#2431 = CYLINDRICAL_SURFACE ( 'NONE', #4218, 0.3000000000000013767 ) ;
#2432 = ORIENTED_EDGE ( 'NONE', *, *, #3569, .T. ) ;
#2433 = AXIS2_PLACEMENT_3D ( 'NONE', #727, #2881, #3278 ) ;
#2434 = EDGE_CURVE ( 'NONE', #2755, #3668, #1650, .T. ) ;
#2435 = CARTESIAN_POINT ( 'NONE',  ( 10.23452994616206624, -5.400000000000011902, -23.59999999999999787 ) ) ;
#2436 = DIRECTION ( 'NONE',  ( 0.000000000000000000, -0.000000000000000000, 1.000000000000000000 ) ) ;
#2437 = CARTESIAN_POINT ( 'NONE',  ( -10.47399188756785016, -5.396509518712553799, 12.65068362120860890 ) ) ;
#2438 = PLANE ( 'NONE',  #3548 ) ;
#2439 = ORIENTED_EDGE ( 'NONE', *, *, #3054, .T. ) ;
#2440 = DIRECTION ( 'NONE',  ( 0.000000000000000000, 0.000000000000000000, -1.000000000000000000 ) ) ;
#2441 = CARTESIAN_POINT ( 'NONE',  ( -10.15148502156587718, -8.043838028711391530, 16.17805054073019733 ) ) ;
#2442 = CIRCLE ( 'NONE', #2894, 0.5000000000000004441 ) ;
#2443 = CARTESIAN_POINT ( 'NONE',  ( 12.15000000000000036, 17.00105930301486623, 16.73357303036088339 ) ) ;
#2444 = EDGE_LOOP ( 'NONE', ( #1521, #437, #3897, #775 ) ) ;
#2445 = CARTESIAN_POINT ( 'NONE',  ( -14.14999999999999858, -6.249999999999997335, -22.35662432702594060 ) ) ;
#2446 = VECTOR ( 'NONE', #1667, 1000.000000000000114 ) ;
#2447 = CIRCLE ( 'NONE', #1071, 28.27412388186410297 ) ;
#2448 = CARTESIAN_POINT ( 'NONE',  ( 12.15000000000000036, -9.485856268752419496, 16.88928620401966540 ) ) ;
#2449 = AXIS2_PLACEMENT_3D ( 'NONE', #2116, #3259, #1105 ) ;
#2450 = ORIENTED_EDGE ( 'NONE', *, *, #2316, .T. ) ;
#2451 = DIRECTION ( 'NONE',  ( 1.000000000000000000, 0.000000000000000000, 0.000000000000000000 ) ) ;
#2452 = LINE ( 'NONE', #722, #1487 ) ;
#2453 = CARTESIAN_POINT ( 'NONE',  ( -9.371405873647740137, -9.394974746830641266, 17.63736291403408174 ) ) ;
#2454 = EDGE_CURVE ( 'NONE', #3587, #2533, #3478, .T. ) ;
#2455 = VERTEX_POINT ( 'NONE', #1048 ) ;
#2456 = CARTESIAN_POINT ( 'NONE',  ( 10.29226496929187995, -5.300000006563007737, -23.52625327276595968 ) ) ;
#2457 = CARTESIAN_POINT ( 'NONE',  ( -12.14999999999999858, -5.200000000000010836, -23.50000000000000000 ) ) ;
#2458 = CARTESIAN_POINT ( 'NONE',  ( -13.84999999999999787, -5.500000000000010658, -14.08867513459481202 ) ) ;
#2459 = CARTESIAN_POINT ( 'NONE',  ( -6.135343034915755389, -12.49999999999999467, -23.60000000000000142 ) ) ;
#2460 = EDGE_CURVE ( 'NONE', #1453, #1380, #1783, .T. ) ;
#2461 = EDGE_CURVE ( 'NONE', #4043, #2862, #439, .T. ) ;
#2462 = EDGE_LOOP ( 'NONE', ( #2511, #3394, #2450, #3209 ) ) ;
#2463 = ORIENTED_EDGE ( 'NONE', *, *, #1236, .T. ) ;
#2464 = DIRECTION ( 'NONE',  ( -0.000000000000000000, -1.000000000000000000, -0.000000000000000000 ) ) ;
#2465 = CARTESIAN_POINT ( 'NONE',  ( 10.65080291837920257, -7.953497228758835469, 15.88489490376062463 ) ) ;
#2466 = CARTESIAN_POINT ( 'NONE',  ( -10.08618780040050567, -8.156936133362876262, 16.06160488094658945 ) ) ;
#2467 = ORIENTED_EDGE ( 'NONE', *, *, #3594, .F. ) ;
#2468 = DIRECTION ( 'NONE',  ( 0.000000000000000000, -1.000000000000000000, 0.000000000000000000 ) ) ;
#2469 = ORIENTED_EDGE ( 'NONE', *, *, #1037, .F. ) ;
#2470 = CARTESIAN_POINT ( 'NONE',  ( 2.244298497044992995E-15, -6.950000000000011724, 3.449999999999997513 ) ) ;
#2471 = CARTESIAN_POINT ( 'NONE',  ( -13.64999999999999680, -5.500000000000011546, -14.08867513459481202 ) ) ;
#2472 = AXIS2_PLACEMENT_3D ( 'NONE', #3818, #2486, #2786 ) ;
#2473 = EDGE_LOOP ( 'NONE', ( #816, #3006, #2660, #2100 ) ) ;
#2474 = DIRECTION ( 'NONE',  ( 0.5000000000000001110, 0.000000000000000000, -0.8660254037844385966 ) ) ;
#2475 = DIRECTION ( 'NONE',  ( 1.000000000000000000, 0.000000000000000000, 6.505213034913026604E-16 ) ) ;
#2476 = VERTEX_POINT ( 'NONE', #46 ) ;
#2477 = DIRECTION ( 'NONE',  ( -0.000000000000000000, 1.000000000000000000, -0.000000000000000000 ) ) ;
#2478 = CARTESIAN_POINT ( 'NONE',  ( -3.500000000000000000, -12.50000000000001066, 10.52693615844911257 ) ) ;
#2479 = CARTESIAN_POINT ( 'NONE',  ( -10.47245814652242402, -5.484377484356593335, 12.88477304920239064 ) ) ;
#2480 = ORIENTED_EDGE ( 'NONE', *, *, #3921, .F. ) ;
#2481 = EDGE_CURVE ( 'NONE', #2382, #2510, #198, .T. ) ;
#2482 = CARTESIAN_POINT ( 'NONE',  ( 10.34999999999999787, -12.49999999999999645, -22.00000000000000355 ) ) ;
#2483 = CARTESIAN_POINT ( 'NONE',  ( -12.14999999999999858, -5.500000000000011546, 2.500000000000002220 ) ) ;
#2484 = DIRECTION ( 'NONE',  ( 0.01744974916068271764, -0.9996954598818874604, 0.01744974916068272111 ) ) ;
#2485 = VERTEX_POINT ( 'NONE', #817 ) ;
#2486 = DIRECTION ( 'NONE',  ( -0.000000000000000000, -1.000000000000000000, -0.000000000000000000 ) ) ;
#2487 = ADVANCED_FACE ( 'NONE', ( #1479 ), #2830, .T. ) ;
#2488 = ORIENTED_EDGE ( 'NONE', *, *, #1018, .T. ) ;
#2489 = DIRECTION ( 'NONE',  ( -1.000000000000000000, 0.000000000000000000, -6.505213034913027590E-16 ) ) ;
#2490 = ORIENTED_EDGE ( 'NONE', *, *, #3554, .T. ) ;
#2491 = CARTESIAN_POINT ( 'NONE',  ( 12.15000000000000036, -9.601932836802188120, 16.70922221307344202 ) ) ;
#2492 = FACE_OUTER_BOUND ( 'NONE', #239, .T. ) ;
#2493 = VECTOR ( 'NONE', #2749, 1000.000000000000000 ) ;
#2494 = VERTEX_POINT ( 'NONE', #3902 ) ;
#2495 = CARTESIAN_POINT ( 'NONE',  ( -13.89999999999999680, -18.33257888130140856, -13.65566243270259328 ) ) ;
#2496 = AXIS2_PLACEMENT_3D ( 'NONE', #3072, #281, #3490 ) ;
#2497 = DIRECTION ( 'NONE',  ( 0.000000000000000000, 1.000000000000000000, 0.000000000000000000 ) ) ;
#2498 = EDGE_LOOP ( 'NONE', ( #4250, #2361, #3519, #4205 ) ) ;
#2499 = DIRECTION ( 'NONE',  ( 0.000000000000000000, -0.7371742788776919353, -0.6757026583943229747 ) ) ;
#2500 = CARTESIAN_POINT ( 'NONE',  ( 10.69737327148842709, -7.061335993031185865, 14.90120623175214121 ) ) ;
#2501 = CARTESIAN_POINT ( 'NONE',  ( -10.28604253777595190, -5.310777574095213005, -23.55219893033251566 ) ) ;
#2503 = B_SPLINE_CURVE_WITH_KNOTS ( 'NONE', 3,
 ( #399, #3580, #1743, #726, #772, #2189, #3153, #1764, #3904, #3556 ),
 .UNSPECIFIED., .F., .F.,
 ( 4, 3, 3, 4 ),
 ( 0.000000000000000000, 0.0004000000391553308523, 0.002000005570894935504, 0.003651882043721354186 ),
 .UNSPECIFIED. ) ;
#2502 = AXIS2_PLACEMENT_3D ( 'NONE', #1875, #1543, #555 ) ;
#2504 = EDGE_LOOP ( 'NONE', ( #413, #4284, #187, #1646 ) ) ;
#2505 = CYLINDRICAL_SURFACE ( 'NONE', #4162, 0.5000000000000004441 ) ;
#2506 = DIRECTION ( 'NONE',  ( 1.482513615868391144E-16, -0.6546536707079813056, 0.7559289460184508425 ) ) ;
#2507 = FACE_OUTER_BOUND ( 'NONE', #3789, .T. ) ;
#2508 = EDGE_CURVE ( 'NONE', #1109, #372, #2525, .T. ) ;
#2509 = EDGE_CURVE ( 'NONE', #434, #3365, #1324, .T. ) ;
#2510 = VERTEX_POINT ( 'NONE', #1187 ) ;
#2511 = ORIENTED_EDGE ( 'NONE', *, *, #3758, .T. ) ;
#2512 = CARTESIAN_POINT ( 'NONE',  ( 7.360473291848471433, -10.77801214910260619, -22.23008787535179920 ) ) ;
#2513 = LINE ( 'NONE', #1113, #16 ) ;
#2514 = VECTOR ( 'NONE', #3742, 1000.000000000000000 ) ;
#2515 = ADVANCED_FACE ( 'NONE', ( #4280 ), #90, .T. ) ;
#2516 =( BOUNDED_SURFACE ( )  B_SPLINE_SURFACE ( 3, 2, ( 
 ( #3934, #1193, #1883 ),
 ( #1151, #3302, #3559 ),
 ( #4006, #2552, #3980 ),
 ( #3231, #2836, #1865 ) ),
 .UNSPECIFIED., .F., .F., .T. ) 
 B_SPLINE_SURFACE_WITH_KNOTS ( ( 4, 4 ),
 ( 3, 3 ),
 ( 0.000000000000000000, 0.0002824640380463416421 ),
 ( 0.000000000000000000, 1.000000000000000000 ),
 .UNSPECIFIED. ) 
 GEOMETRIC_REPRESENTATION_ITEM ( )  RATIONAL_B_SPLINE_SURFACE ( (
 ( 1.000000000000000000, 0.7605383704734893779, 1.000000000000000000),
 ( 1.000000000000000000, 0.7136289811653482307, 1.000000000000000000),
 ( 1.000000000000000000, 0.6583674148750082722, 1.000000000000000000),
 ( 1.000000000000000000, 0.6025698664749397082, 1.000000000000000000) ) ) 
 REPRESENTATION_ITEM ( '' )  SURFACE ( )  );
#2517 = ORIENTED_EDGE ( 'NONE', *, *, #736, .F. ) ;
#2518 = VECTOR ( 'NONE', #1256, 1000.000000000000000 ) ;
#2519 = B_SPLINE_CURVE_WITH_KNOTS ( 'NONE', 3,
 ( #4407, #4062, #1609, #4361, #3645, #2656, #149, #2313, #1852, #3271, #1203, #861, #1563, #112, #1527, #2964 ),
 .UNSPECIFIED., .F., .F.,
 ( 4, 3, 3, 3, 3, 4 ),
 ( 0.000000000000000000, 4.969276429719952205E-05, 6.045789584765042982E-05, 0.0001120064883672315539, 0.0001292972530014741602, 0.0001411732071954737756 ),
 .UNSPECIFIED. ) ;
#2520 = DIRECTION ( 'NONE',  ( 0.000000000000000000, 1.000000000000000000, 0.000000000000000000 ) ) ;
#2521 = CARTESIAN_POINT ( 'NONE',  ( -10.08618780039204843, -8.156936133377525877, 16.06160488096556094 ) ) ;
#2522 = VECTOR ( 'NONE', #3205, 1000.000000000000000 ) ;
#2523 = ORIENTED_EDGE ( 'NONE', *, *, #2251, .T. ) ;
#2524 = CYLINDRICAL_SURFACE ( 'NONE', #231, 0.2999999999999999334 ) ;
#2525 = LINE ( 'NONE', #2852, #2596 ) ;
#2526 = CARTESIAN_POINT ( 'NONE',  ( -7.730800266726701508, -12.50000000000001066, 18.46286697658359088 ) ) ;
#2527 = CARTESIAN_POINT ( 'NONE',  ( 11.95903609698376435, -5.346446609406734218, 12.41332053553019854 ) ) ;
#2528 = CARTESIAN_POINT ( 'NONE',  ( 10.34892114499130678, -5.395129914552751593, -22.06778493106949313 ) ) ;
#2529 = ORIENTED_EDGE ( 'NONE', *, *, #2699, .F. ) ;
#2530 = DIRECTION ( 'NONE',  ( 0.000000000000000000, 0.000000000000000000, 1.000000000000000000 ) ) ;
#2531 = ORIENTED_EDGE ( 'NONE', *, *, #986, .F. ) ;
#2532 = CARTESIAN_POINT ( 'NONE',  ( -10.20394472294224819, -5.452975160577568481, -22.28901896550645034 ) ) ;
#2533 = VERTEX_POINT ( 'NONE', #3998 ) ;
#2534 = ORIENTED_EDGE ( 'NONE', *, *, #2211, .T. ) ;
#2535 = ORIENTED_EDGE ( 'NONE', *, *, #228, .T. ) ;
#2536 = DIRECTION ( 'NONE',  ( -4.259132699590121732E-17, 0.000000000000000000, -1.000000000000000000 ) ) ;
#2537 = FACE_OUTER_BOUND ( 'NONE', #546, .T. ) ;
#2538 = EDGE_CURVE ( 'NONE', #1844, #2551, #3196, .T. ) ;
#2539 = CARTESIAN_POINT ( 'NONE',  ( 7.578718707889822603, -12.50000000000000888, 16.81977793090867479 ) ) ;
#2540 = DIRECTION ( 'NONE',  ( -1.000000000000000000, 0.000000000000000000, -0.000000000000000000 ) ) ;
#2541 = DIRECTION ( 'NONE',  ( 0.8660254037844395958, 0.000000000000000000, 0.4999999999999983347 ) ) ;
#2542 =( BOUNDED_CURVE ( )  B_SPLINE_CURVE ( 3, ( #1896, #2399, #3797, #2025 ),
 .UNSPECIFIED., .F., .F. ) 
 B_SPLINE_CURVE_WITH_KNOTS ( ( 4, 4 ),
 ( 6.505213034913012799E-16, 1.570796326794893005 ),
 .UNSPECIFIED. ) 
 CURVE ( )  GEOMETRIC_REPRESENTATION_ITEM ( )  RATIONAL_B_SPLINE_CURVE ( ( 1.000000000000000000, 0.8047378541243659367, 0.8047378541243659367, 1.000000000000000000 ) ) 
 REPRESENTATION_ITEM ( '' )  );
#2543 = ORIENTED_EDGE ( 'NONE', *, *, #3913, .F. ) ;
#2544 = CARTESIAN_POINT ( 'NONE',  ( 11.95141991795080294, -5.382468417544121309, 12.45792855727844994 ) ) ;
#2545 = FACE_OUTER_BOUND ( 'NONE', #2195, .T. ) ;
#2546 = ORIENTED_EDGE ( 'NONE', *, *, #479, .T. ) ;
#2547 = ADVANCED_FACE ( 'NONE', ( #2545 ), #1785, .F. ) ;
#2548 = CARTESIAN_POINT ( 'NONE',  ( 9.339234158555832721, -9.450697791936459424, 17.70711755517668351 ) ) ;
#2549 = LINE ( 'NONE', #3977, #4137 ) ;
#2550 = LINE ( 'NONE', #3528, #1561 ) ;
#2551 = VERTEX_POINT ( 'NONE', #3524 ) ;
#2552 = CARTESIAN_POINT ( 'NONE',  ( -9.339004429810360719, -9.451095693795808828, 17.97446478357360888 ) ) ;
#2553 = FACE_OUTER_BOUND ( 'NONE', #4309, .T. ) ;
#2554 = EDGE_LOOP ( 'NONE', ( #1450, #712, #4210, #3589 ) ) ;
#2555 = FACE_OUTER_BOUND ( 'NONE', #4066, .T. ) ;
#2556 = VERTEX_POINT ( 'NONE', #373 ) ;
#2557 = EDGE_LOOP ( 'NONE', ( #4415, #1419, #3284, #4461 ) ) ;
#2558 = LINE ( 'NONE', #3964, #2955 ) ;
#2559 = DIRECTION ( 'NONE',  ( 0.000000000000000000, 0.000000000000000000, -1.000000000000000000 ) ) ;
#2560 = VERTEX_POINT ( 'NONE', #2163 ) ;
#2561 = LINE ( 'NONE', #3290, #1906 ) ;
#2562 = PLANE ( 'NONE',  #2502 ) ;
#2563 = CARTESIAN_POINT ( 'NONE',  ( -10.47591618945277681, -5.286266337559126782, 13.06375955672772271 ) ) ;
#2564 = ADVANCED_FACE ( 'NONE', ( #2136 ), #3553, .F. ) ;
#2565 = EDGE_CURVE ( 'NONE', #1617, #3273, #2906, .T. ) ;
#2566 = VERTEX_POINT ( 'NONE', #4327 ) ;
#2567 = CARTESIAN_POINT ( 'NONE',  ( 12.15000000000000036, -8.256658748908494161, 15.24156266887024458 ) ) ;
#2568 = ORIENTED_EDGE ( 'NONE', *, *, #2654, .F. ) ;
#2569 = LINE ( 'NONE', #843, #3641 ) ;
#2570 = AXIS2_PLACEMENT_3D ( 'NONE', #511, #1963, #4093 ) ;
#2571 = DIRECTION ( 'NONE',  ( -1.000000000000000000, 0.000000000000000000, -6.505213034913027590E-16 ) ) ;
#2572 = DIRECTION ( 'NONE',  ( -0.8660254037844395958, 0.000000000000000000, 0.4999999999999983347 ) ) ;
#2573 = EDGE_LOOP ( 'NONE', ( #4559, #2296, #3409, #2568 ) ) ;
#2574 = EDGE_CURVE ( 'NONE', #2560, #3465, #3597, .T. ) ;
#2575 = TOROIDAL_SURFACE ( 'NONE', #1692, 25.49289321881341053, 0.5000000000000000000 ) ;
#2576 = DIRECTION ( 'NONE',  ( -0.8660254037844383745, 0.000000000000000000, 0.5000000000000003331 ) ) ;
#2577 = AXIS2_PLACEMENT_3D ( 'NONE', #1002, #2698, #2340 ) ;
#2578 = CARTESIAN_POINT ( 'NONE',  ( -7.752668494999186422, -12.49999999999999645, 16.61339394481344911 ) ) ;
#2579 = VECTOR ( 'NONE', #797, 1000.000000000000000 ) ;
#2580 = EDGE_LOOP ( 'NONE', ( #499, #4346, #1156, #1353 ) ) ;
#2581 = AXIS2_PLACEMENT_3D ( 'NONE', #3143, #3945, #40 ) ;
#2582 = VERTEX_POINT ( 'NONE', #2878 ) ;
#2583 = FACE_OUTER_BOUND ( 'NONE', #2498, .T. ) ;
#2584 = CARTESIAN_POINT ( 'NONE',  ( 9.371405873647741913, -9.394974746830643042, 17.63736291403408529 ) ) ;
#2585 = FACE_OUTER_BOUND ( 'NONE', #469, .T. ) ;
#2586 = CARTESIAN_POINT ( 'NONE',  ( -12.15000000000000036, -9.601857314077355099, 16.70913968760111601 ) ) ;
#2587 = ORIENTED_EDGE ( 'NONE', *, *, #3820, .F. ) ;
#2588 = CIRCLE ( 'NONE', #1216, 0.3000000000000003220 ) ;
#2589 = CARTESIAN_POINT ( 'NONE',  ( -14.14999999999999858, -6.500000000000024869, 2.999999999999999112 ) ) ;
#2590 = EDGE_LOOP ( 'NONE', ( #4245, #1604, #78, #1854 ) ) ;
#2591 = FACE_BOUND ( 'NONE', #502, .T. ) ;
#2592 = CARTESIAN_POINT ( 'NONE',  ( -11.94778268881369776, -5.419739984612487405, 12.50182191988739433 ) ) ;
#2593 = FACE_OUTER_BOUND ( 'NONE', #2504, .T. ) ;
#2594 = VECTOR ( 'NONE', #2751, 1000.000000000000000 ) ;
#2595 = ORIENTED_EDGE ( 'NONE', *, *, #262, .F. ) ;
#2596 = VECTOR ( 'NONE', #1827, 1000.000000000000000 ) ;
#2597 = DIRECTION ( 'NONE',  ( 0.000000000000000000, 0.000000000000000000, 1.000000000000000000 ) ) ;
#2598 = DIRECTION ( 'NONE',  ( 0.000000000000000000, 1.000000000000000000, 0.000000000000000000 ) ) ;
#2599 = ADVANCED_FACE ( 'NONE', ( #4306 ), #4021, .T. ) ;
#2600 = ORIENTED_EDGE ( 'NONE', *, *, #4095, .T. ) ;
#2601 = ADVANCED_FACE ( 'NONE', ( #464 ), #3952, .T. ) ;
#2602 = VERTEX_POINT ( 'NONE', #3667 ) ;
#2603 = ORIENTED_EDGE ( 'NONE', *, *, #4363, .F. ) ;
#2604 = CARTESIAN_POINT ( 'NONE',  ( -3.500000000000000000, -12.50000000000001066, 14.27693615844911257 ) ) ;
#2605 = SURFACE_STYLE_FILL_AREA ( #3402 ) ;
#2606 = EDGE_CURVE ( 'NONE', #1725, #430, #826, .T. ) ;
#2607 = CARTESIAN_POINT ( 'NONE',  ( -12.14999999999999858, -5.500000000000011546, 2.500000000000002220 ) ) ;
#2608 = SHAPE_DEFINITION_REPRESENTATION ( #3149, #3070 ) ;
#2609 = CARTESIAN_POINT ( 'NONE',  ( -6.135343034915755389, -12.49999999999999467, -23.60000000000000142 ) ) ;
#2610 = CARTESIAN_POINT ( 'NONE',  ( -10.42952924663998893, -7.943772511471866693, 15.58157060627143764 ) ) ;
#2611 = VERTEX_POINT ( 'NONE', #936 ) ;
#2612 = VERTEX_POINT ( 'NONE', #1206 ) ;
#2613 = CARTESIAN_POINT ( 'NONE',  ( -10.67396142659912606, -5.200000000000010836, -21.82403757902093133 ) ) ;
#2614 = ORIENTED_EDGE ( 'NONE', *, *, #2872, .T. ) ;
#2615 = FACE_OUTER_BOUND ( 'NONE', #1513, .T. ) ;
#2616 = CARTESIAN_POINT ( 'NONE',  ( -13.64999999999999858, -5.500000000000011546, -22.35662432702594060 ) ) ;
#2617 = FACE_OUTER_BOUND ( 'NONE', #2590, .T. ) ;
#2618 = ORIENTED_EDGE ( 'NONE', *, *, #2103, .F. ) ;
#2619 = CIRCLE ( 'NONE', #874, 0.5000000000000004441 ) ;
#2620 = ORIENTED_EDGE ( 'NONE', *, *, #3395, .T. ) ;
#2621 = CARTESIAN_POINT ( 'NONE',  ( 7.578718707889822603, -12.50000000000000888, 36.89604415459112374 ) ) ;
#2622 = CARTESIAN_POINT ( 'NONE',  ( -10.15809406311464969, -12.49999999999999645, 15.80690261138537700 ) ) ;
#2623 = ORIENTED_EDGE ( 'NONE', *, *, #3578, .T. ) ;
#2624 = EDGE_CURVE ( 'NONE', #2646, #3975, #1749, .T. ) ;
#2625 = FACE_OUTER_BOUND ( 'NONE', #3622, .T. ) ;
#2626 = VERTEX_POINT ( 'NONE', #4044 ) ;
#2627 = DIRECTION ( 'NONE',  ( 0.000000000000000000, 1.000000000000000000, 0.000000000000000000 ) ) ;
#2628 = CARTESIAN_POINT ( 'NONE',  ( -10.41675812862979100, -8.675429372258010474, 15.57283016422047872 ) ) ;
#2629 = DIRECTION ( 'NONE',  ( 0.000000000000000000, 0.000000000000000000, 1.000000000000000000 ) ) ;
#2630 = ADVANCED_FACE ( 'NONE', ( #3296 ), #1254, .F. ) ;
#2631 = ORIENTED_EDGE ( 'NONE', *, *, #103, .T. ) ;
#2632 = CARTESIAN_POINT ( 'NONE',  ( 0.000000000000000000, -5.500000000000010658, -23.50000000000000000 ) ) ;
#2633 = CARTESIAN_POINT ( 'NONE',  ( -10.73114418875766241, -5.346446609406744876, 13.01342907219199674 ) ) ;
#2634 = VERTEX_POINT ( 'NONE', #864 ) ;
#2635 = CARTESIAN_POINT ( 'NONE',  ( 10.18734261305178102, -8.253445652066474736, 15.87506647899323475 ) ) ;
#2636 = EDGE_LOOP ( 'NONE', ( #4454, #408, #159, #559 ) ) ;
#2637 = LINE ( 'NONE', #614, #3940 ) ;
#2638 = DIRECTION ( 'NONE',  ( 1.000000000000000000, 0.000000000000000000, 0.000000000000000000 ) ) ;
#2639 = VERTEX_POINT ( 'NONE', #2948 ) ;
#2640 = AXIS2_PLACEMENT_3D ( 'NONE', #1569, #576, #223 ) ;
#2641 = ORIENTED_EDGE ( 'NONE', *, *, #3267, .T. ) ;
#2642 = DIRECTION ( 'NONE',  ( 0.000000000000000000, -1.000000000000000000, 0.000000000000000000 ) ) ;
#2643 = CARTESIAN_POINT ( 'NONE',  ( -10.16160829594789305, -12.30004509320114536, 15.80928702216485071 ) ) ;
#2644 = AXIS2_PLACEMENT_3D ( 'NONE', #2405, #3038, #3061 ) ;
#2645 =( BOUNDED_CURVE ( )  B_SPLINE_CURVE ( 3, ( #276, #1026, #653, #2346 ),
 .UNSPECIFIED., .F., .F. ) 
 B_SPLINE_CURVE_WITH_KNOTS ( ( 4, 4 ),
 ( 5.497939437029717880, 7.068431177329454584 ),
 .UNSPECIFIED. ) 
 CURVE ( )  GEOMETRIC_REPRESENTATION_ITEM ( )  RATIONAL_B_SPLINE_CURVE ( ( 1.000000000000000000, 0.8048096403827851297, 0.8048096403827851297, 1.000000000000000000 ) ) 
 REPRESENTATION_ITEM ( '' )  );
#2646 = VERTEX_POINT ( 'NONE', #1293 ) ;
#2647 = CIRCLE ( 'NONE', #3247, 0.5000000000000004441 ) ;
#2648 = VECTOR ( 'NONE', #1116, 1000.000000000000000 ) ;
#2649 = CARTESIAN_POINT ( 'NONE',  ( -10.63175406741612861, -7.986993225563390197, 15.92870034198860729 ) ) ;
#2650 = AXIS2_PLACEMENT_3D ( 'NONE', #2704, #1701, #1993 ) ;
#2651 = EDGE_LOOP ( 'NONE', ( #3658, #4336, #1472 ) ) ;
#2652 = DIRECTION ( 'NONE',  ( 0.000000000000000000, 0.000000000000000000, 1.000000000000000000 ) ) ;
#2653 = EDGE_CURVE ( 'NONE', #3144, #595, #901, .T. ) ;
#2654 = EDGE_CURVE ( 'NONE', #465, #4043, #829, .T. ) ;
#2655 = VECTOR ( 'NONE', #1291, 1000.000000000000000 ) ;
#2656 = CARTESIAN_POINT ( 'NONE',  ( -12.16555604641199828, -5.520814454914106939, 12.23298235420870306 ) ) ;
#2657 = ADVANCED_FACE ( 'NONE', ( #4068 ), #2687, .T. ) ;
#2658 = ORIENTED_EDGE ( 'NONE', *, *, #3288, .F. ) ;
#2659 = CARTESIAN_POINT ( 'NONE',  ( 10.08618780040567131, -8.156936133353932306, 16.06160488095258287 ) ) ;
#2660 = ORIENTED_EDGE ( 'NONE', *, *, #1244, .T. ) ;
#2661 = DIRECTION ( 'NONE',  ( -2.061858463601975203E-16, 0.000000000000000000, 1.000000000000000000 ) ) ;
#2662 = CARTESIAN_POINT ( 'NONE',  ( 9.590040606654733679, -9.353553390593297934, 17.77128881405504401 ) ) ;
#2663 = AXIS2_PLACEMENT_3D ( 'NONE', #97, #850, #4334 ) ;
#2664 =( BOUNDED_SURFACE ( )  B_SPLINE_SURFACE ( 3, 2, ( 
 ( #2101, #1708, #965 ),
 ( #4487, #4147, #3510 ),
 ( #360, #3112, #633 ),
 ( #1747, #3156, #3771 ) ),
 .UNSPECIFIED., .F., .F., .F. ) 
 B_SPLINE_SURFACE_WITH_KNOTS ( ( 4, 4 ),
 ( 3, 3 ),
 ( 0.000000000000000000, 0.0002549414714929217020 ),
 ( 0.000000000000000000, 1.000000000000000000 ),
 .UNSPECIFIED. ) 
 GEOMETRIC_REPRESENTATION_ITEM ( )  RATIONAL_B_SPLINE_SURFACE ( (
 ( 1.000000000000000000, 0.7132504491541806768, 1.000000000000000000),
 ( 1.000000000000000000, 0.6754107310576011880, 1.000000000000000000),
 ( 1.000000000000000000, 0.6337069308146420221, 1.000000000000000000),
 ( 1.000000000000000000, 0.5995010062373578030, 1.000000000000000000) ) ) 
 REPRESENTATION_ITEM ( '' )  SURFACE ( )  );
#2665 = ORIENTED_EDGE ( 'NONE', *, *, #4003, .F. ) ;
#2666 = FACE_OUTER_BOUND ( 'NONE', #1081, .T. ) ;
#2667 = CARTESIAN_POINT ( 'NONE',  ( -10.21811344379195496, -9.084932629211820654, 15.84759482045143564 ) ) ;
#2668 = AXIS2_PLACEMENT_3D ( 'NONE', #258, #2982, #2310 ) ;
#2669 = VECTOR ( 'NONE', #2376, 1000.000000000000000 ) ;
#2670 = ORIENTED_EDGE ( 'NONE', *, *, #2315, .T. ) ;
#2671 = CARTESIAN_POINT ( 'NONE',  ( -10.34525875983736576, -8.207637963111459101, 15.78462235440940198 ) ) ;
#2672 = ORIENTED_EDGE ( 'NONE', *, *, #215, .F. ) ;
#2673 = CARTESIAN_POINT ( 'NONE',  ( -10.39121589536010681, -10.13874293624220435, 15.55533608781952282 ) ) ;
#2674 = LINE ( 'NONE', #4175, #3471 ) ;
#2675 = CARTESIAN_POINT ( 'NONE',  ( 13.64999999999999858, -5.500000000000010658, 2.800000000000001155 ) ) ;
#2676 = ORIENTED_EDGE ( 'NONE', *, *, #4480, .T. ) ;
#2677 = ADVANCED_FACE ( 'NONE', ( #3733 ), #3312, .T. ) ;
#2678 = VERTEX_POINT ( 'NONE', #2613 ) ;
#2679 = DIRECTION ( 'NONE',  ( -0.000000000000000000, -1.000000000000000000, -0.000000000000000000 ) ) ;
#2680 = EDGE_LOOP ( 'NONE', ( #4094, #630, #1219, #3472, #447, #4390 ) ) ;
#2681 = CARTESIAN_POINT ( 'NONE',  ( 9.832275401830901984, -8.937075689673417145, 17.24933239036518628 ) ) ;
#2682 = CARTESIAN_POINT ( 'NONE',  ( 13.89999999999999503, -5.500000000000011546, 11.05773502691896759 ) ) ;
#2683 = EDGE_CURVE ( 'NONE', #518, #1968, #1400, .T. ) ;
#2684 = CARTESIAN_POINT ( 'NONE',  ( -12.14999999999999858, -5.500000000000011546, -12.35662432702593350 ) ) ;
#2685 = DIRECTION ( 'NONE',  ( 0.000000000000000000, 1.000000000000000000, 0.000000000000000000 ) ) ;
#2686 = CARTESIAN_POINT ( 'NONE',  ( -7.862072633119802312, -12.50000000000001066, 18.45147343247918670 ) ) ;
#2687 =( BOUNDED_SURFACE ( )  B_SPLINE_SURFACE ( 3, 2, ( 
 ( #3364, #536, #841 ),
 ( #2230, #3649, #1921 ),
 ( #1546, #1230, #2253 ),
 ( #2659, #2968, #2635 ) ),
 .UNSPECIFIED., .F., .F., .F. ) 
 B_SPLINE_SURFACE_WITH_KNOTS ( ( 4, 4 ),
 ( 3, 3 ),
 ( 4.959101723883049928, 5.052623624958902049 ),
 ( 0.000000000000000000, 1.000000000000000000 ),
 .UNSPECIFIED. ) 
 GEOMETRIC_REPRESENTATION_ITEM ( )  RATIONAL_B_SPLINE_SURFACE ( (
 ( 1.000000000000000000, 0.7888692658683965631, 1.000000000000000000),
 ( 1.000000000000000000, 0.7970360810350028968, 1.000000000000000000),
 ( 1.000000000000000000, 0.8049575221825703286, 1.000000000000000000),
 ( 1.000000000000000000, 0.8126232263126943467, 1.000000000000000000) ) ) 
 REPRESENTATION_ITEM ( '' )  SURFACE ( )  );
#2688 = ORIENTED_EDGE ( 'NONE', *, *, #1696, .F. ) ;
#2689 = CARTESIAN_POINT ( 'NONE',  ( -10.57884094609547532, -8.045223483014064314, 16.01262946627107198 ) ) ;
#2690 = VERTEX_POINT ( 'NONE', #2275 ) ;
#2691 = CYLINDRICAL_SURFACE ( 'NONE', #2022, 0.5000000000000000000 ) ;
#2692 = CARTESIAN_POINT ( 'NONE',  ( 12.15000000000000036, -8.256661700923091374, 15.24156588959170122 ) ) ;
#2693 = CARTESIAN_POINT ( 'NONE',  ( 13.64999999999999680, -6.950000000000011724, -14.08867513459481202 ) ) ;
#2694 = ORIENTED_EDGE ( 'NONE', *, *, #411, .T. ) ;
#2695 = CARTESIAN_POINT ( 'NONE',  ( -12.15000000000000036, -9.653374539291524670, 16.73357303036088695 ) ) ;
#2696 = ORIENTED_EDGE ( 'NONE', *, *, #1812, .T. ) ;
#2697 = DIRECTION ( 'NONE',  ( -0.8660254037844395958, 0.000000000000000000, -0.4999999999999983347 ) ) ;
#2698 = DIRECTION ( 'NONE',  ( 0.000000000000000000, 1.000000000000000000, 0.000000000000000000 ) ) ;
#2699 = EDGE_CURVE ( 'NONE', #2244, #1086, #3687, .T. ) ;
#2700 = EDGE_CURVE ( 'NONE', #3389, #1259, #491, .T. ) ;
#2701 = CARTESIAN_POINT ( 'NONE',  ( -10.31034787501301686, -8.115514777132741386, 16.19352754239337244 ) ) ;
#2702 = CARTESIAN_POINT ( 'NONE',  ( 10.34892114499130678, -5.395129914552753370, -22.06778493106949313 ) ) ;
#2703 = CARTESIAN_POINT ( 'NONE',  ( 10.46033576698813228, -8.105554666161417288, 16.12445953182264091 ) ) ;
#2704 = CARTESIAN_POINT ( 'NONE',  ( -13.64999999999999858, -5.500000000000011546, -22.35662432702594060 ) ) ;
#2705 = EDGE_CURVE ( 'NONE', #2646, #1675, #2787, .T. ) ;
#2706 = ORIENTED_EDGE ( 'NONE', *, *, #1831, .T. ) ;
#2707 = DIRECTION ( 'NONE',  ( 0.000000000000000000, 1.000000000000000000, 0.000000000000000000 ) ) ;
#2708 = CARTESIAN_POINT ( 'NONE',  ( -10.67396142659912606, -5.400000000000011013, 0.000000000000000000 ) ) ;
#2709 = CARTESIAN_POINT ( 'NONE',  ( -7.578718707889819051, -12.50000000000001066, 36.89604415459112374 ) ) ;
#2710 = AXIS2_PLACEMENT_3D ( 'NONE', #1572, #2257, #540 ) ;
#2711 = CARTESIAN_POINT ( 'NONE',  ( 12.15216470827777329, -5.594615697377718355, 12.30240533300265682 ) ) ;
#2712 = VECTOR ( 'NONE', #2234, 1000.000000000000114 ) ;
#2713 = CIRCLE ( 'NONE', #3021, 0.1999999999999982903 ) ;
#2714 = EDGE_CURVE ( 'NONE', #743, #1391, #3833, .T. ) ;
#2715 = CYLINDRICAL_SURFACE ( 'NONE', #4520, 0.2999999999999994338 ) ;
#2716 = CARTESIAN_POINT ( 'NONE',  ( -9.371405873647740137, -9.394974746830641266, 17.63736291403408174 ) ) ;
#2717 = DIRECTION ( 'NONE',  ( 0.000000000000000000, 0.000000000000000000, -1.000000000000000000 ) ) ;
#2719 = B_SPLINE_CURVE_WITH_KNOTS ( 'NONE', 3,
 ( #307, #3866, #3137, #990 ),
 .UNSPECIFIED., .F., .F.,
 ( 4, 4 ),
 ( 3.670846212002981710E-15, 0.0004216201598569350268 ),
 .UNSPECIFIED. ) ;
#2718 = CIRCLE ( 'NONE', #4435, 0.2000000000000004552 ) ;
#2720 = ORIENTED_EDGE ( 'NONE', *, *, #2115, .T. ) ;
#2721 = ADVANCED_FACE ( 'NONE', ( #4132 ), #697, .T. ) ;
#2722 = DIRECTION ( 'NONE',  ( -0.000000000000000000, -0.000000000000000000, -1.000000000000000000 ) ) ;
#2723 = CARTESIAN_POINT ( 'NONE',  ( -12.15000000000000213, -5.510182038911515257, 12.49885748518421558 ) ) ;
#2724 = ORIENTED_EDGE ( 'NONE', *, *, #19, .T. ) ;
#2725 = CARTESIAN_POINT ( 'NONE',  ( 10.29226497308102850, -5.300000000000011369, -23.50000000000000000 ) ) ;
#2726 = CARTESIAN_POINT ( 'NONE',  ( -10.23272644311155233, -8.253445652082598727, 15.85749211946089332 ) ) ;
#2727 = CARTESIAN_POINT ( 'NONE',  ( 10.39796183985483857, -8.124212891944893045, 15.71026935781471856 ) ) ;
#2728 = CARTESIAN_POINT ( 'NONE',  ( -10.67242768555369992, -5.487867965644054102, 12.88477304920240130 ) ) ;
#2729 = AXIS2_PLACEMENT_3D ( 'NONE', #3453, #324, #374 ) ;
#2730 = ORIENTED_EDGE ( 'NONE', *, *, #3350, .T. ) ;
#2731 = AXIS2_PLACEMENT_3D ( 'NONE', #550, #1096, #647 ) ;
#2732 = EDGE_CURVE ( 'NONE', #1737, #3939, #2, .T. ) ;
#2733 = DIRECTION ( 'NONE',  ( 0.000000000000000000, 0.000000000000000000, 1.000000000000000000 ) ) ;
#2734 = CARTESIAN_POINT ( 'NONE',  ( 12.15000000000000036, -5.324264068711941356, -23.79999999999999716 ) ) ;
#2735 = EDGE_CURVE ( 'NONE', #2634, #3811, #3518, .T. ) ;
#2736 = FACE_OUTER_BOUND ( 'NONE', #3871, .T. ) ;
#2737 = CARTESIAN_POINT ( 'NONE',  ( -10.34952282459233075, -12.52733736079663984, 15.52675730902373985 ) ) ;
#2738 = CARTESIAN_POINT ( 'NONE',  ( 12.16571923294070423, -5.520073227551207218, 12.23214887145149277 ) ) ;
#2739 = CARTESIAN_POINT ( 'NONE',  ( 12.14999999999912816, -5.670226432448307818, 12.35677313259570376 ) ) ;
#2740 = AXIS2_PLACEMENT_3D ( 'NONE', #581, #1578, #3352 ) ;
#2741 = B_SPLINE_CURVE_WITH_KNOTS ( 'NONE', 3,
 ( #3155, #4507, #3089, #685, #2373, #357 ),
 .UNSPECIFIED., .F., .F.,
 ( 4, 2, 4 ),
 ( 8.673617379884035472E-19, 0.0001436609695793181630, 0.0002873219391586354587 ),
 .UNSPECIFIED. ) ;
#2742 = EDGE_CURVE ( 'NONE', #4411, #3637, #500, .T. ) ;
#2743 = CARTESIAN_POINT ( 'NONE',  ( -10.29226497308102850, -5.300000000000011369, -22.23024303063489171 ) ) ;
#2744 = DIRECTION ( 'NONE',  ( 0.000000000000000000, 1.000000000000000000, 0.000000000000000000 ) ) ;
#2745 = CARTESIAN_POINT ( 'NONE',  ( 10.42952924663998537, -7.943772511471864917, 15.58157060627144119 ) ) ;
#2746 = VERTEX_POINT ( 'NONE', #3473 ) ;
#2747 = CARTESIAN_POINT ( 'NONE',  ( -10.40773502691895480, -5.500000000000010658, -23.80000000000000071 ) ) ;
#2748 = DIRECTION ( 'NONE',  ( -0.3327589341027959446, -0.5763553805385063233, 0.7463819177197991150 ) ) ;
#2749 = DIRECTION ( 'NONE',  ( -0.000000000000000000, -1.000000000000000000, -0.000000000000000000 ) ) ;
#2750 = EDGE_LOOP ( 'NONE', ( #1493, #3891, #341, #2161 ) ) ;
#2751 = DIRECTION ( 'NONE',  ( -1.000000000000000000, -0.000000000000000000, -0.000000000000000000 ) ) ;
#2752 = DIRECTION ( 'NONE',  ( -0.000000000000000000, -1.000000000000000000, -0.000000000000000000 ) ) ;
#2753 = CARTESIAN_POINT ( 'NONE',  ( 10.21914566197887453, -7.783026335511844529, 15.87231437719631089 ) ) ;
#2754 = DIRECTION ( 'NONE',  ( 0.000000000000000000, 1.000000000000000000, 0.000000000000000000 ) ) ;
#2755 = VERTEX_POINT ( 'NONE', #2056 ) ;
#2756 = DIRECTION ( 'NONE',  ( 0.000000000000000000, 1.000000000000000000, 0.000000000000000000 ) ) ;
#2757 = CARTESIAN_POINT ( 'NONE',  ( -12.14999999999999858, -5.500000000000011546, -23.80000000000000071 ) ) ;
#2758 = DIRECTION ( 'NONE',  ( 0.000000000000000000, 0.000000000000000000, -1.000000000000000000 ) ) ;
#2759 = ORIENTED_EDGE ( 'NONE', *, *, #1237, .F. ) ;
#2760 = CARTESIAN_POINT ( 'NONE',  ( 10.62949878567126483, -7.947262992759324796, 15.58157060627144297 ) ) ;
#2761 = CARTESIAN_POINT ( 'NONE',  ( -9.832350853873927932, -8.936945963952929617, 17.24916980980830417 ) ) ;
#2762 = ADVANCED_FACE ( 'NONE', ( #2337 ), #4494, .T. ) ;
#2763 = ORIENTED_EDGE ( 'NONE', *, *, #164, .T. ) ;
#2764 = CARTESIAN_POINT ( 'NONE',  ( -13.74999999999999822, -5.200000000000010836, -22.52982940778283094 ) ) ;
#2765 = CYLINDRICAL_SURFACE ( 'NONE', #995, 0.5000000000000004441 ) ;
#2766 = CARTESIAN_POINT ( 'NONE',  ( 10.46547005383791706, -5.400000000000011013, -22.23024303063488816 ) ) ;
#2767 = DIRECTION ( 'NONE',  ( 0.000000000000000000, 0.000000000000000000, 1.000000000000000000 ) ) ;
#2768 = EDGE_CURVE ( 'NONE', #1109, #4485, #3753, .T. ) ;
#2769 = ORIENTED_EDGE ( 'NONE', *, *, #3403, .T. ) ;
#2770 = CARTESIAN_POINT ( 'NONE',  ( -7.583689575955566475, -12.49139020395242206, 18.52644007311270258 ) ) ;
#2771 = CARTESIAN_POINT ( 'NONE',  ( -10.46547005383791706, -5.400000000000011013, -22.23024303063489171 ) ) ;
#2772 = ORIENTED_EDGE ( 'NONE', *, *, #3825, .F. ) ;
#2773 = CARTESIAN_POINT ( 'NONE',  ( 0.000000000000000000, -12.49999999999999645, -10.49999999999999822 ) ) ;
#2774 = DIRECTION ( 'NONE',  ( -0.000000000000000000, 0.000000000000000000, 1.000000000000000000 ) ) ;
#2775 = DIRECTION ( 'NONE',  ( 1.363447906558135361E-16, 0.000000000000000000, 1.000000000000000000 ) ) ;
#2776 = CARTESIAN_POINT ( 'NONE',  ( -10.35000000000000142, -7.700000000000049027, 36.89604415459112374 ) ) ;
#2777 = CIRCLE ( 'NONE', #516, 28.61551477713268099 ) ;
#2778 = VERTEX_POINT ( 'NONE', #3498 ) ;
#2779 = CYLINDRICAL_SURFACE ( 'NONE', #3415, 0.5000000000000004441 ) ;
#2780 = CARTESIAN_POINT ( 'NONE',  ( -14.14999999999999858, -18.33257888130140856, 3.000000000000001332 ) ) ;
#2781 = EDGE_LOOP ( 'NONE', ( #2222, #1995, #3013, #2730 ) ) ;
#2782 = CARTESIAN_POINT ( 'NONE',  ( 14.14999999999999680, -5.500000000000011546, 10.62472232502674885 ) ) ;
#2783 = CARTESIAN_POINT ( 'NONE',  ( 12.16000887268056552, -5.538020167914554648, 12.25663522077027068 ) ) ;
#2784 = CARTESIAN_POINT ( 'NONE',  ( -9.676298072043305609, -8.866885968379103033, 17.23012284896787349 ) ) ;
#2785 = EDGE_LOOP ( 'NONE', ( #224, #1229, #1091, #3026 ) ) ;
#2786 = DIRECTION ( 'NONE',  ( 0.000000000000000000, 0.000000000000000000, 1.000000000000000000 ) ) ;
#2787 = CIRCLE ( 'NONE', #527, 0.2000000000000005662 ) ;
#2788 = EDGE_CURVE ( 'NONE', #2778, #1391, #4065, .T. ) ;
#2789 = ORIENTED_EDGE ( 'NONE', *, *, #1157, .F. ) ;
#2790 = CARTESIAN_POINT ( 'NONE',  ( 10.37635068636853930, -10.99037018900208373, 15.54515673261440512 ) ) ;
#2791 = VECTOR ( 'NONE', #2661, 1000.000000000000000 ) ;
#2792 = EDGE_LOOP ( 'NONE', ( #856, #3515, #3605, #4022, #1253, #4387, #780, #406, #2706, #4111, #4452, #2936, #1022, #649, #3256, #887, #748, #2724 ) ) ;
#2793 = VECTOR ( 'NONE', #4345, 1000.000000000000000 ) ;
#2794 = AXIS2_PLACEMENT_3D ( 'NONE', #837, #391, #3571 ) ;
#2795 = ADVANCED_FACE ( 'NONE', ( #3779 ), #675, .T. ) ;
#2796 = CARTESIAN_POINT ( 'NONE',  ( 10.36373863071948875, -11.71291437322112650, 15.53650685251342978 ) ) ;
#2797 = ADVANCED_FACE ( 'NONE', ( #2360 ), #2010, .F. ) ;
#2798 = AXIS2_PLACEMENT_3D ( 'NONE', #629, #709, #3417 ) ;
#2799 = CARTESIAN_POINT ( 'NONE',  ( 12.15680221654958792, -5.558578643762701610, 12.27457856830089966 ) ) ;
#2800 = AXIS2_PLACEMENT_3D ( 'NONE', #2675, #1327, #2717 ) ;
#2801 = ORIENTED_EDGE ( 'NONE', *, *, #4256, .F. ) ;
#2802 = DIRECTION ( 'NONE',  ( -0.000000000000000000, -1.000000000000000000, -0.000000000000000000 ) ) ;
#2803 = CARTESIAN_POINT ( 'NONE',  ( -11.95696492528948163, -9.446377105032963684, 16.95572358367657273 ) ) ;
#2804 = LINE ( 'NONE', #1510, #1829 ) ;
#2805 = DIRECTION ( 'NONE',  ( -0.01169883348870331963, 0.6702257216923915850, -0.7420651044732642365 ) ) ;
#2806 = EDGE_CURVE ( 'NONE', #1550, #1259, #3168, .T. ) ;
#2807 = ORIENTED_EDGE ( 'NONE', *, *, #4512, .F. ) ;
#2808 = CARTESIAN_POINT ( 'NONE',  ( 12.14999999999999858, -5.500000000000011546, -23.80000000000000071 ) ) ;
#2809 = AXIS2_PLACEMENT_3D ( 'NONE', #3391, #982, #3414 ) ;
#2810 = CARTESIAN_POINT ( 'NONE',  ( -10.42996363617292488, -7.918886351797306489, 15.78715144562704964 ) ) ;
#2811 = CYLINDRICAL_SURFACE ( 'NONE', #4296, 0.3000000000000016542 ) ;
#2812 = VERTEX_POINT ( 'NONE', #287 ) ;
#2813 = CIRCLE ( 'NONE', #929, 0.5000000000000004441 ) ;
#2814 = ORIENTED_EDGE ( 'NONE', *, *, #19, .F. ) ;
#2815 =( BOUNDED_CURVE ( )  B_SPLINE_CURVE ( 3, ( #2837, #2117, #4266, #2483 ),
 .UNSPECIFIED., .F., .F. ) 
 B_SPLINE_CURVE_WITH_KNOTS ( ( 4, 4 ),
 ( 4.712388980384688786, 6.283185307179586232 ),
 .UNSPECIFIED. ) 
 CURVE ( )  GEOMETRIC_REPRESENTATION_ITEM ( )  RATIONAL_B_SPLINE_CURVE ( ( 1.000000000000000000, 0.8047378541243648264, 0.8047378541243648264, 1.000000000000000000 ) ) 
 REPRESENTATION_ITEM ( '' )  );
#2816 = CARTESIAN_POINT ( 'NONE',  ( -10.47245814652242402, -5.484377484356599552, 12.88477304920239952 ) ) ;
#2817 = ORIENTED_EDGE ( 'NONE', *, *, #2460, .T. ) ;
#2818 = CARTESIAN_POINT ( 'NONE',  ( 10.67242768555369459, -5.487867965644045221, 12.88477304920238709 ) ) ;
#2819 = VECTOR ( 'NONE', #1316, 1000.000000000000000 ) ;
#2820 = VECTOR ( 'NONE', #1939, 1000.000000000000000 ) ;
#2821 = CARTESIAN_POINT ( 'NONE',  ( 11.96969706992319971, -9.572719452851238486, 17.00865958301624659 ) ) ;
#2822 = AXIS2_PLACEMENT_3D ( 'NONE', #397, #2497, #3576 ) ;
#2823 = ORIENTED_EDGE ( 'NONE', *, *, #599, .F. ) ;
#2824 = DIRECTION ( 'NONE',  ( 0.000000000000000000, -0.000000000000000000, 1.000000000000000000 ) ) ;
#2825 = CARTESIAN_POINT ( 'NONE',  ( -10.07369368237359275, -8.178576580581252031, 15.92036420284061826 ) ) ;
#2826 = CARTESIAN_POINT ( 'NONE',  ( 8.156727255689142808, -11.49885982800219963, 18.37675228078314404 ) ) ;
#2827 =( BOUNDED_SURFACE ( )  B_SPLINE_SURFACE ( 3, 2, ( 
 ( #2662, #4002, #2301 ),
 ( #562, #3318, #541 ),
 ( #494, #867, #918 ),
 ( #2258, #138, #162 ) ),
 .UNSPECIFIED., .F., .F., .F. ) 
 B_SPLINE_SURFACE_WITH_KNOTS ( ( 4, 4 ),
 ( 3, 3 ),
 ( -5.551115123125782702E-17, 0.002125195646117478392 ),
 ( 0.000000000000000000, 1.000000000000000000 ),
 .UNSPECIFIED. ) 
 GEOMETRIC_REPRESENTATION_ITEM ( )  RATIONAL_B_SPLINE_SURFACE ( (
 ( 1.000000000000000000, 0.7605383704734883787, 1.000000000000000000),
 ( 1.000000000000000000, 0.7580021453288711131, 1.000000000000000000),
 ( 1.000000000000000000, 0.7553695717178352531, 1.000000000000000000),
 ( 1.000000000000000000, 0.7526326444328981236, 1.000000000000000000) ) ) 
 REPRESENTATION_ITEM ( '' )  SURFACE ( )  );
#2828 = EDGE_CURVE ( 'NONE', #791, #1834, #3916, .T. ) ;
#2829 = EDGE_LOOP ( 'NONE', ( #3720, #3937, #1504, #2883 ) ) ;
#2830 = PLANE ( 'NONE',  #2004 ) ;
#2831 = DIRECTION ( 'NONE',  ( 1.000000000000000000, 0.000000000000000000, 0.000000000000000000 ) ) ;
#2832 = DIRECTION ( 'NONE',  ( -0.000000000000000000, -1.000000000000000000, -0.000000000000000000 ) ) ;
#2833 = CARTESIAN_POINT ( 'NONE',  ( -10.29226497308102850, -5.300000000000011369, -23.50000000000000000 ) ) ;
#2834 = ORIENTED_EDGE ( 'NONE', *, *, #2788, .F. ) ;
#2835 = EDGE_CURVE ( 'NONE', #1086, #1857, #1482, .T. ) ;
#2836 = CARTESIAN_POINT ( 'NONE',  ( -9.270701380825547844, -9.569400044949134099, 18.03253052484732066 ) ) ;
#2837 = CARTESIAN_POINT ( 'NONE',  ( -11.85000000000000142, -5.200000000000010836, 2.800000000000002487 ) ) ;
#2838 = ORIENTED_EDGE ( 'NONE', *, *, #2185, .T. ) ;
#2839 = DIRECTION ( 'NONE',  ( -0.000000000000000000, -0.000000000000000000, -1.000000000000000000 ) ) ;
#2840 = VERTEX_POINT ( 'NONE', #3172 ) ;
#2841 = DIRECTION ( 'NONE',  ( 0.5000000000000022204, 0.000000000000000000, -0.8660254037844372643 ) ) ;
#2842 = VERTEX_POINT ( 'NONE', #3613 ) ;
#2843 = CARTESIAN_POINT ( 'NONE',  ( -7.249999999999999112, -12.50000000000001066, 14.27693615844911257 ) ) ;
#2844 = CARTESIAN_POINT ( 'NONE',  ( -13.74999999999999645, -5.200000000000010836, -13.91547005383792524 ) ) ;
#2845 = AXIS2_PLACEMENT_3D ( 'NONE', #4172, #2397, #3816 ) ;
#2846 = EDGE_LOOP ( 'NONE', ( #3086, #395, #3037, #818, #2960, #4289, #2676, #3817 ) ) ;
#2847 = DIRECTION ( 'NONE',  ( 0.000000000000000000, 0.000000000000000000, -1.000000000000000000 ) ) ;
#2848 = CARTESIAN_POINT ( 'NONE',  ( 12.16254750833685883, -5.513933942899976515, 12.24010469281933844 ) ) ;
#2849 = DIRECTION ( 'NONE',  ( 0.000000000000000000, -0.7772896257502454054, -0.6291429390059491977 ) ) ;
#2850 = VERTEX_POINT ( 'NONE', #458 ) ;
#2851 = CARTESIAN_POINT ( 'NONE',  ( 7.250000000000000888, -15.00000000000001421, 14.27693615844911257 ) ) ;
#2852 = CARTESIAN_POINT ( 'NONE',  ( 0.000000000000000000, -14.50000000000001066, 10.52693615844911257 ) ) ;
#2853 = ORIENTED_EDGE ( 'NONE', *, *, #1186, .T. ) ;
#2854 = FACE_OUTER_BOUND ( 'NONE', #3740, .T. ) ;
#2855 = CARTESIAN_POINT ( 'NONE',  ( 10.72937262712905770, -5.435760009566577899, 13.11241271702175126 ) ) ;
#2856 = EDGE_CURVE ( 'NONE', #2862, #570, #1850, .T. ) ;
#2857 = EDGE_CURVE ( 'NONE', #3249, #1053, #1599, .T. ) ;
#2858 =( BOUNDED_SURFACE ( )  B_SPLINE_SURFACE ( 3, 2, ( 
 ( #2089, #2723, #2032 ),
 ( #3804, #1356, #1990 ),
 ( #3411, #4158, #1658 ),
 ( #644, #598, #4478 ) ),
 .UNSPECIFIED., .F., .F., .F. ) 
 B_SPLINE_SURFACE_WITH_KNOTS ( ( 4, 4 ),
 ( 3, 3 ),
 ( -2.493664996716660198E-18, 0.0001728551505897207581 ),
 ( 0.000000000000000000, 1.000000000000000000 ),
 .UNSPECIFIED. ) 
 GEOMETRIC_REPRESENTATION_ITEM ( )  RATIONAL_B_SPLINE_SURFACE ( (
 ( 1.000000000000000000, 0.8140815235037958120, 1.000000000000000000),
 ( 1.000000000000000000, 0.8246360015466178695, 1.000000000000000000),
 ( 1.000000000000000000, 0.8347166773776448778, 1.000000000000000000),
 ( 1.000000000000000000, 0.8443262081572264766, 1.000000000000000000) ) ) 
 REPRESENTATION_ITEM ( '' )  SURFACE ( )  );
#2859 = VERTEX_POINT ( 'NONE', #1474 ) ;
#2860 = CARTESIAN_POINT ( 'NONE',  ( 6.364267912280689110, -12.49999999999999645, -22.00000000000000355 ) ) ;
#2861 = DIRECTION ( 'NONE',  ( 4.259132699590121732E-17, -0.000000000000000000, 1.000000000000000000 ) ) ;
#2862 = VERTEX_POINT ( 'NONE', #4298 ) ;
#2863 = CARTESIAN_POINT ( 'NONE',  ( -9.991746918085103957, -5.820512539844733269, -22.31487584642018973 ) ) ;
#2864 = EDGE_CURVE ( 'NONE', #38, #88, #1141, .T. ) ;
#2865 = ORIENTED_EDGE ( 'NONE', *, *, #2425, .T. ) ;
#2866 = ORIENTED_EDGE ( 'NONE', *, *, #3428, .T. ) ;
#2867 = CARTESIAN_POINT ( 'NONE',  ( -9.485372282483417905, -9.707106781186604749, 17.96098579920757032 ) ) ;
#2868 = DIRECTION ( 'NONE',  ( 4.599880250050122907E-16, -0.7071067811865475727, -0.7071067811865475727 ) ) ;
#2869 = ORIENTED_EDGE ( 'NONE', *, *, #3427, .F. ) ;
#2870 = CARTESIAN_POINT ( 'NONE',  ( -2.244298497044992995E-15, -6.950000000000011724, 3.449999999999997513 ) ) ;
#2871 =( BOUNDED_SURFACE ( )  B_SPLINE_SURFACE ( 3, 2, ( 
 ( #1579, #2326, #4397 ),
 ( #3371, #1317, #235 ),
 ( #254, #4052, #1240 ),
 ( #2702, #1640, #2365 ) ),
 .UNSPECIFIED., .F., .F., .T. ) 
 B_SPLINE_SURFACE_WITH_KNOTS ( ( 4, 4 ),
 ( 3, 3 ),
 ( 4.722365819152900990, 5.344576894708497505 ),
 ( 0.000000000000000000, 1.000000000000000000 ),
 .UNSPECIFIED. ) 
 GEOMETRIC_REPRESENTATION_ITEM ( )  RATIONAL_B_SPLINE_SURFACE ( (
 ( 1.000000000000000000, 0.7101852586539093570, 1.000000000000000000),
 ( 1.000000000000000000, 0.7740883081529209564, 1.000000000000000000),
 ( 1.000000000000000000, 0.8289055785289121125, 1.000000000000000000),
 ( 1.000000000000000000, 0.8708750750942284569, 1.000000000000000000) ) ) 
 REPRESENTATION_ITEM ( '' )  SURFACE ( )  );
#2872 = EDGE_CURVE ( 'NONE', #3351, #2228, #353, .T. ) ;
#2873 = AXIS2_PLACEMENT_3D ( 'NONE', #73, #732, #1082 ) ;
#2874 = AXIS2_PLACEMENT_3D ( 'NONE', #4181, #319, #699 ) ;
#2875 = ORIENTED_EDGE ( 'NONE', *, *, #215, .T. ) ;
#2876 = CARTESIAN_POINT ( 'NONE',  ( -9.248931386510712116, -9.607106781182915611, 17.77124589387928211 ) ) ;
#2877 = AXIS2_PLACEMENT_3D ( 'NONE', #2760, #2074, #1665 ) ;
#2878 = CARTESIAN_POINT ( 'NONE',  ( -10.16495199884199252, -5.917022058557272146, -22.11490630738891028 ) ) ;
#2879 = CARTESIAN_POINT ( 'NONE',  ( 10.18734261304261679, -8.253445652082413986, 15.87506647899648193 ) ) ;
#2880 = DIRECTION ( 'NONE',  ( -0.8660254037844395958, -0.000000000000000000, -0.4999999999999983347 ) ) ;
#2881 = DIRECTION ( 'NONE',  ( 0.000000000000000000, 1.000000000000000000, 0.000000000000000000 ) ) ;
#2882 = CIRCLE ( 'NONE', #1697, 25.49289321881341053 ) ;
#2883 = ORIENTED_EDGE ( 'NONE', *, *, #387, .F. ) ;
#2884 = DIRECTION ( 'NONE',  ( 0.000000000000000000, 1.000000000000000000, 0.000000000000000000 ) ) ;
#2885 = AXIS2_PLACEMENT_3D ( 'NONE', #3076, #1374, #1631 ) ;
#2886 = CARTESIAN_POINT ( 'NONE',  ( 12.84320230503482740, -7.000000000000011546, -22.24507892420601962 ) ) ;
#2887 = DIRECTION ( 'NONE',  ( -0.3535533905932760068, -0.7071067811865436870, -0.6123724356957978010 ) ) ;
#2888 = ORIENTED_EDGE ( 'NONE', *, *, #4544, .T. ) ;
#2889 = EDGE_CURVE ( 'NONE', #91, #2404, #1265, .T. ) ;
#2890 = EDGE_CURVE ( 'NONE', #1, #1309, #2804, .T. ) ;
#2891 = ORIENTED_EDGE ( 'NONE', *, *, #3896, .F. ) ;
#2892 = ORIENTED_EDGE ( 'NONE', *, *, #2060, .F. ) ;
#2893 = CARTESIAN_POINT ( 'NONE',  ( 10.35009133421096905, -12.49476746655797754, -21.70013702566405200 ) ) ;
#2894 = AXIS2_PLACEMENT_3D ( 'NONE', #1884, #4376, #2978 ) ;
#2895 = EDGE_CURVE ( 'NONE', #534, #1964, #317, .T. ) ;
#2896 = ORIENTED_EDGE ( 'NONE', *, *, #2509, .T. ) ;
#2897 = CIRCLE ( 'NONE', #1713, 0.5000000000000004441 ) ;
#2898 = CARTESIAN_POINT ( 'NONE',  ( 8.425997353070147966, -11.03247033837956614, 16.60599164072876377 ) ) ;
#2899 = LINE ( 'NONE', #3990, #3841 ) ;
#2900 = B_SPLINE_CURVE_WITH_KNOTS ( 'NONE', 3,
 ( #203, #3624, #2971, #161, #2233, #3652 ),
 .UNSPECIFIED., .F., .F.,
 ( 4, 2, 4 ),
 ( 0.000000000000000000, 0.0001920306450422357332, 0.0003840612900844714663 ),
 .UNSPECIFIED. ) ;
#2901 = CARTESIAN_POINT ( 'NONE',  ( -10.23150752732803959, -5.727989418313939929, -22.11820588439790924 ) ) ;
#2902 = CARTESIAN_POINT ( 'NONE',  ( 11.86088354647933940, -5.558578643762699834, 12.22526182972406517 ) ) ;
#2903 = CIRCLE ( 'NONE', #3194, 0.2999999999999999334 ) ;
#2904 = VERTEX_POINT ( 'NONE', #1809 ) ;
#2905 = LINE ( 'NONE', #2495, #1984 ) ;
#2906 = LINE ( 'NONE', #419, #35 ) ;
#2907 = ORIENTED_EDGE ( 'NONE', *, *, #4480, .F. ) ;
#2908 = DIRECTION ( 'NONE',  ( -1.000000000000000000, 0.000000000000000000, 6.505213034913027590E-16 ) ) ;
#2909 = CARTESIAN_POINT ( 'NONE',  ( -10.15809406311464969, -12.49999999999999645, 15.80690261138537700 ) ) ;
#2910 = DIRECTION ( 'NONE',  ( 0.000000000000000000, 0.000000000000000000, 1.000000000000000000 ) ) ;
#2911 = ORIENTED_EDGE ( 'NONE', *, *, #3769, .T. ) ;
#2912 = CARTESIAN_POINT ( 'NONE',  ( 10.69595927441265815, -5.200000000000009948, 12.78517472848842651 ) ) ;
#2913 = DIRECTION ( 'NONE',  ( -0.000000000000000000, 1.000000000000000000, -0.000000000000000000 ) ) ;
#2914 = CARTESIAN_POINT ( 'NONE',  ( -12.84320230503482740, -7.000000000000011546, -22.24507892420601962 ) ) ;
#2915 = ORIENTED_EDGE ( 'NONE', *, *, #1211, .F. ) ;
#2916 = ORIENTED_EDGE ( 'NONE', *, *, #3197, .F. ) ;
#2917 = CARTESIAN_POINT ( 'NONE',  ( -11.95903609698376080, -5.346446609406741324, 12.41332053553020565 ) ) ;
#2918 = EDGE_CURVE ( 'NONE', #3922, #2626, #2503, .T. ) ;
#2919 = EDGE_CURVE ( 'NONE', #1333, #3450, #796, .T. ) ;
#2920 = CYLINDRICAL_SURFACE ( 'NONE', #703, 0.2999999999999999334 ) ;
#2921 = B_SPLINE_CURVE_WITH_KNOTS ( 'NONE', 3,
 ( #4372, #579, #1966, #3386 ),
 .UNSPECIFIED., .F., .F.,
 ( 4, 4 ),
 ( 0.000000000000000000, 0.0004218076517905878738 ),
 .UNSPECIFIED. ) ;
#2922 = ORIENTED_EDGE ( 'NONE', *, *, #2857, .F. ) ;
#2923 = DIRECTION ( 'NONE',  ( 0.4999428824215579326, -0.8659264732365768991, 0.01511480281340694433 ) ) ;
#2924 = DIRECTION ( 'NONE',  ( -0.8660254037844384856, 0.000000000000000000, 0.5000000000000003331 ) ) ;
#2925 = EDGE_CURVE ( 'NONE', #3273, #2476, #4426, .T. ) ;
#2926 = CARTESIAN_POINT ( 'NONE',  ( -10.71496903991017469, -6.161917841488262937, 13.91719395696547501 ) ) ;
#2927 = ORIENTED_EDGE ( 'NONE', *, *, #4423, .T. ) ;
#2928 = CARTESIAN_POINT ( 'NONE',  ( 0.000000000000000000, -16.69999999999999929, 0.000000000000000000 ) ) ;
#2929 = ORIENTED_EDGE ( 'NONE', *, *, #2946, .F. ) ;
#2930 = CARTESIAN_POINT ( 'NONE',  ( 0.000000000000000000, -12.50000000000001066, 0.000000000000000000 ) ) ;
#2931 = CARTESIAN_POINT ( 'NONE',  ( -10.40773502691895480, -5.500000000000010658, -23.79999999999999716 ) ) ;
#2932 = ORIENTED_EDGE ( 'NONE', *, *, #4060, .F. ) ;
#2933 = CARTESIAN_POINT ( 'NONE',  ( 10.33125400502672342, -12.50000000000001066, 15.64749543366212059 ) ) ;
#2934 = CARTESIAN_POINT ( 'NONE',  ( 11.85000000000000142, -5.500000000000010658, -5.047072249014294413E-16 ) ) ;
#2935 = DIRECTION ( 'NONE',  ( 2.061858463601975203E-16, 0.000000000000000000, 1.000000000000000000 ) ) ;
#2936 = ORIENTED_EDGE ( 'NONE', *, *, #3288, .T. ) ;
#2937 = ORIENTED_EDGE ( 'NONE', *, *, #498, .T. ) ;
#2938 = CARTESIAN_POINT ( 'NONE',  ( 13.84999999999999964, -5.200000000000010836, -22.35662432702594060 ) ) ;
#2939 = CARTESIAN_POINT ( 'NONE',  ( -8.415649201159817849, -11.05039386325269213, 16.60910349640825245 ) ) ;
#2940 = CARTESIAN_POINT ( 'NONE',  ( 12.14999999999999858, -6.000000000000023981, 2.500000000000002220 ) ) ;
#2941 = EDGE_CURVE ( 'NONE', #4337, #1844, #3880, .T. ) ;
#2942 = ORIENTED_EDGE ( 'NONE', *, *, #1488, .T. ) ;
#2943 = DIRECTION ( 'NONE',  ( 0.000000000000000000, 1.000000000000000000, 0.000000000000000000 ) ) ;
#2944 = CARTESIAN_POINT ( 'NONE',  ( 10.42952924663998537, -7.943772511471866693, 15.58157060627144119 ) ) ;
#2945 = ORIENTED_EDGE ( 'NONE', *, *, #67, .T. ) ;
#2946 = EDGE_CURVE ( 'NONE', #2128, #743, #1360, .T. ) ;
#2947 = EDGE_CURVE ( 'NONE', #2228, #4337, #1978, .T. ) ;
#2948 = CARTESIAN_POINT ( 'NONE',  ( -10.47245814652242402, -5.484377484356599552, 12.88477304920239952 ) ) ;
#2949 = VERTEX_POINT ( 'NONE', #47 ) ;
#2950 = PLANE ( 'NONE',  #1861 ) ;
#2951 = AXIS2_PLACEMENT_3D ( 'NONE', #4330, #3317, #1924 ) ;
#2952 = DIRECTION ( 'NONE',  ( 0.000000000000000000, 1.000000000000000000, 0.000000000000000000 ) ) ;
#2953 = CARTESIAN_POINT ( 'NONE',  ( 13.84999999999999432, -5.500000000000010658, 2.716235922427032418E-15 ) ) ;
#2954 = ORIENTED_EDGE ( 'NONE', *, *, #4558, .F. ) ;
#2955 = VECTOR ( 'NONE', #1397, 1000.000000000000000 ) ;
#2956 = CARTESIAN_POINT ( 'NONE',  ( -11.95903609698376435, -5.346446609406751094, 12.41332053553020742 ) ) ;
#2957 = DIRECTION ( 'NONE',  ( 0.8660254037844383745, 0.000000000000000000, 0.5000000000000003331 ) ) ;
#2958 = CIRCLE ( 'NONE', #3251, 25.49289321881341053 ) ;
#2959 = ORIENTED_EDGE ( 'NONE', *, *, #1252, .T. ) ;
#2960 = ORIENTED_EDGE ( 'NONE', *, *, #2508, .T. ) ;
#2961 = CARTESIAN_POINT ( 'NONE',  ( 13.84999999999999787, -5.200000000000010836, -14.08867513459481202 ) ) ;
#2962 = CARTESIAN_POINT ( 'NONE',  ( 9.296136608738377660, -9.525344937902024967, 17.75551351167489145 ) ) ;
#2963 = AXIS2_PLACEMENT_3D ( 'NONE', #3303, #4312, #1552 ) ;
#2964 = CARTESIAN_POINT ( 'NONE',  ( -12.19196609096476536, -5.500000000000011546, 12.15626144172972189 ) ) ;
#2965 = DIRECTION ( 'NONE',  ( -0.000000000000000000, -1.000000000000000000, -0.000000000000000000 ) ) ;
#2966 = ORIENTED_EDGE ( 'NONE', *, *, #2654, .T. ) ;
#2967 = CIRCLE ( 'NONE', #4091, 0.2999999999999999334 ) ;
#2968 = CARTESIAN_POINT ( 'NONE',  ( 10.07369368238303231, -8.178576580564902443, 15.92036420283732134 ) ) ;
#2969 = ORIENTED_EDGE ( 'NONE', *, *, #1952, .T. ) ;
#2970 = DIRECTION ( 'NONE',  ( 3.011661613853541685E-17, 0.7071067811865474617, -0.7071067811865474617 ) ) ;
#2971 = CARTESIAN_POINT ( 'NONE',  ( 7.731267705033071813, -12.50000000000001421, 18.46307651163428787 ) ) ;
#2972 = DIRECTION ( 'NONE',  ( 0.000000000000000000, 1.000000000000000000, 0.000000000000000000 ) ) ;
#2973 = AXIS2_PLACEMENT_3D ( 'NONE', #873, #3675, #1769 ) ;
#2974 = ADVANCED_FACE ( 'NONE', ( #1100 ), #4127, .T. ) ;
#2975 = ORIENTED_EDGE ( 'NONE', *, *, #4512, .T. ) ;
#2976 = EDGE_LOOP ( 'NONE', ( #892, #45, #2174, #2149, #2869, #1480, #3313, #95, #1061, #2246, #2875, #4082, #338, #3999, #1659 ) ) ;
#2977 = CARTESIAN_POINT ( 'NONE',  ( -12.15680221654958792, -5.558578643762707827, 12.27457856830089966 ) ) ;
#2978 = DIRECTION ( 'NONE',  ( 0.000000000000000000, 0.000000000000000000, 1.000000000000000000 ) ) ;
#2979 = ADVANCED_FACE ( 'NONE', ( #1830 ), #3161, .T. ) ;
#2980 = ORIENTED_EDGE ( 'NONE', *, *, #962, .F. ) ;
#2981 = CARTESIAN_POINT ( 'NONE',  ( 10.46547005383791706, -5.200000000000010836, -23.50000000000000000 ) ) ;
#2982 = DIRECTION ( 'NONE',  ( -0.3390101823093081279, 0.5871828600429044309, -0.7350431178933958254 ) ) ;
#2983 = ORIENTED_EDGE ( 'NONE', *, *, #1079, .T. ) ;
#2984 = CARTESIAN_POINT ( 'NONE',  ( 10.47399188756784660, -5.396509518712553799, 12.65068362120861600 ) ) ;
#2985 = CARTESIAN_POINT ( 'NONE',  ( 0.000000000000000000, -12.50000000000001066, -10.49999999999999822 ) ) ;
#2986 = CARTESIAN_POINT ( 'NONE',  ( 9.611841582914536275, -8.978527882426696749, 17.11604932932550227 ) ) ;
#2987 = DIRECTION ( 'NONE',  ( 0.000000000000000000, 0.000000000000000000, -1.000000000000000000 ) ) ;
#2988 = CARTESIAN_POINT ( 'NONE',  ( -10.45822404000374917, -6.299848900659603679, 13.78765227637494739 ) ) ;
#2989 = ADVANCED_FACE ( 'NONE', ( #4047 ), #1233, .T. ) ;
#2990 = ORIENTED_EDGE ( 'NONE', *, *, #4449, .F. ) ;
#2991 = DIRECTION ( 'NONE',  ( 0.000000000000000000, 0.000000000000000000, -1.000000000000000000 ) ) ;
#2992 = ORIENTED_EDGE ( 'NONE', *, *, #1244, .F. ) ;
#2993 = DIRECTION ( 'NONE',  ( 0.5000000000000022204, 0.000000000000000000, 0.8660254037844372643 ) ) ;
#2994 = CARTESIAN_POINT ( 'NONE',  ( 12.65000000000000036, -5.500000000000011546, -12.35662432702593172 ) ) ;
#2995 = DIRECTION ( 'NONE',  ( -3.019806626980425790E-14, 0.000000000000000000, 1.000000000000000000 ) ) ;
#2996 = ORIENTED_EDGE ( 'NONE', *, *, #2461, .T. ) ;
#2997 =( BOUNDED_CURVE ( )  B_SPLINE_CURVE ( 3, ( #2403, #574, #3056, #1654 ),
 .UNSPECIFIED., .F., .F. ) 
 B_SPLINE_CURVE_WITH_KNOTS ( ( 4, 4 ),
 ( 1.833954892589385821, 1.892495557933565165 ),
 .UNSPECIFIED. ) 
 CURVE ( )  GEOMETRIC_REPRESENTATION_ITEM ( )  RATIONAL_B_SPLINE_CURVE ( ( 1.000000000000000000, 0.9997144362640791870, 0.9997144362640791870, 1.000000000000000000 ) ) 
 REPRESENTATION_ITEM ( '' )  );
#2998 = EDGE_CURVE ( 'NONE', #4080, #3042, #3933, .T. ) ;
#2999 = ADVANCED_FACE ( 'NONE', ( #1209 ), #137, .T. ) ;
#3000 = ORIENTED_EDGE ( 'NONE', *, *, #4064, .F. ) ;
#3001 = CARTESIAN_POINT ( 'NONE',  ( -2.588075286112623719, -5.500000000000010658, -4.482677889360415335 ) ) ;
#3002 = CARTESIAN_POINT ( 'NONE',  ( -10.44390727800191776, -7.120055646421229234, 14.68621274616882033 ) ) ;
#3003 = ORIENTED_EDGE ( 'NONE', *, *, #3446, .F. ) ;
#3004 = DIRECTION ( 'NONE',  ( -0.8660254037844405950, 0.4999999999999966693, 0.000000000000000000 ) ) ;
#3005 = EDGE_CURVE ( 'NONE', #3236, #3162, #1549, .T. ) ;
#3006 = ORIENTED_EDGE ( 'NONE', *, *, #4374, .T. ) ;
#3007 =( LENGTH_UNIT ( ) NAMED_UNIT ( * ) SI_UNIT ( .MILLI., .METRE. ) );
#3008 = CARTESIAN_POINT ( 'NONE',  ( 9.850188743700579508, -8.565698490105480900, 16.59095333854626730 ) ) ;
#3009 = APPLICATION_PROTOCOL_DEFINITION ( 'draft international standard', 'automotive_design', 1998, #197 ) ;
#3010 = CARTESIAN_POINT ( 'NONE',  ( -11.96969696969697061, -9.707106781186599420, 17.00865962662716058 ) ) ;
#3011 = CARTESIAN_POINT ( 'NONE',  ( -12.15000000000000036, -5.670226432448638221, 12.35677313259561494 ) ) ;
#3012 = CARTESIAN_POINT ( 'NONE',  ( -13.74999999999999645, -5.500000000000010658, -13.91547005383792524 ) ) ;
#3013 = ORIENTED_EDGE ( 'NONE', *, *, #3794, .F. ) ;
#3014 = CARTESIAN_POINT ( 'NONE',  ( 13.64999999999999858, -5.500000000000011546, 2.500000000000001332 ) ) ;
#3015 = PLANE ( 'NONE',  #3248 ) ;
#3016 = ORIENTED_EDGE ( 'NONE', *, *, #3423, .T. ) ;
#3017 = VECTOR ( 'NONE', #2209, 1000.000000000000000 ) ;
#3018 = ORIENTED_EDGE ( 'NONE', *, *, #3744, .F. ) ;
#3019 = CARTESIAN_POINT ( 'NONE',  ( -11.91714574554362294, -5.200000000000010836, 12.03595442721018571 ) ) ;
#3020 = CARTESIAN_POINT ( 'NONE',  ( -10.18269359468370894, -11.10031560736828560, 15.82358985559976006 ) ) ;
#3021 = AXIS2_PLACEMENT_3D ( 'NONE', #4457, #2748, #1274 ) ;
#3022 =( BOUNDED_CURVE ( )  B_SPLINE_CURVE ( 3, ( #4402, #1955, #569, #1645 ),
 .UNSPECIFIED., .F., .F. ) 
 B_SPLINE_CURVE_WITH_KNOTS ( ( 4, 4 ),
 ( 6.257011679223343670, 7.819081692050691146 ),
 .UNSPECIFIED. ) 
 CURVE ( )  GEOMETRIC_REPRESENTATION_ITEM ( )  RATIONAL_B_SPLINE_CURVE ( ( 1.000000000000000000, 0.8067901724359309856, 0.8067901724359309856, 1.000000000000000000 ) ) 
 REPRESENTATION_ITEM ( '' )  );
#3023 = ORIENTED_EDGE ( 'NONE', *, *, #1622, .T. ) ;
#3024 = AXIS2_PLACEMENT_3D ( 'NONE', #969, #997, #2052 ) ;
#3025 = AXIS2_PLACEMENT_3D ( 'NONE', #461, #2943, #3291 ) ;
#3026 = ORIENTED_EDGE ( 'NONE', *, *, #910, .T. ) ;
#3027 = DIRECTION ( 'NONE',  ( 0.000000000000000000, 0.000000000000000000, 1.000000000000000000 ) ) ;
#3028 = LINE ( 'NONE', #3115, #2669 ) ;
#3029 = ADVANCED_FACE ( 'NONE', ( #3690 ), #450, .T. ) ;
#3030 = VECTOR ( 'NONE', #4261, 1000.000000000000000 ) ;
#3031 = DIRECTION ( 'NONE',  ( 5.782411586589324901E-15, 0.000000000000000000, 1.000000000000000000 ) ) ;
#3032 = CARTESIAN_POINT ( 'NONE',  ( 0.000000000000000000, -12.49999999999999645, -10.49999999999999822 ) ) ;
#3033 = EDGE_CURVE ( 'NONE', #492, #2755, #3342, .T. ) ;
#3034 = ORIENTED_EDGE ( 'NONE', *, *, #479, .F. ) ;
#3035 = AXIS2_PLACEMENT_3D ( 'NONE', #2934, #2861, #4355 ) ;
#3036 = DIRECTION ( 'NONE',  ( 0.5000000000000022204, 0.000000000000000000, -0.8660254037844372643 ) ) ;
#3037 = ORIENTED_EDGE ( 'NONE', *, *, #3138, .T. ) ;
#3038 = DIRECTION ( 'NONE',  ( 0.000000000000000000, -1.000000000000000000, 0.000000000000000000 ) ) ;
#3039 = FACE_OUTER_BOUND ( 'NONE', #2108, .T. ) ;
#3040 = CIRCLE ( 'NONE', #1778, 0.1999999999999987899 ) ;
#3041 = EDGE_LOOP ( 'NONE', ( #76, #3928, #4131, #4232 ) ) ;
#3042 = VERTEX_POINT ( 'NONE', #866 ) ;
#3043 = CARTESIAN_POINT ( 'NONE',  ( -12.16086426535278342, -5.246991144120585204, 12.22730814831259671 ) ) ;
#3044 = LINE ( 'NONE', #3760, #924 ) ;
#3045 = CIRCLE ( 'NONE', #3713, 3.750000000000000000 ) ;
#3046 = CARTESIAN_POINT ( 'NONE',  ( 10.31617397413260662, -7.833688325888655157, 15.89037142890639664 ) ) ;
#3047 = ORIENTED_EDGE ( 'NONE', *, *, #2828, .T. ) ;
#3048 = CIRCLE ( 'NONE', #4384, 0.2000000000000005107 ) ;
#3049 = LINE ( 'NONE', #4467, #776 ) ;
#3050 = EDGE_LOOP ( 'NONE', ( #84, #2199, #1793, #895, #59 ) ) ;
#3051 = DIRECTION ( 'NONE',  ( -1.000000000000000000, 0.000000000000000000, 0.000000000000000000 ) ) ;
#3052 = CARTESIAN_POINT ( 'NONE',  ( -10.35627968409102984, -8.115514777132741386, 16.17574098436971752 ) ) ;
#3053 = EDGE_CURVE ( 'NONE', #3285, #1567, #4016, .T. ) ;
#3054 = EDGE_CURVE ( 'NONE', #434, #2859, #1045, .T. ) ;
#3055 = CARTESIAN_POINT ( 'NONE',  ( 0.000000000000000000, -5.500000000000010658, -23.50000000000000000 ) ) ;
#3056 = CARTESIAN_POINT ( 'NONE',  ( 8.697180082514467614, -10.56276807284679364, 17.95513153166680809 ) ) ;
#3057 = ORIENTED_EDGE ( 'NONE', *, *, #2700, .F. ) ;
#3058 = CARTESIAN_POINT ( 'NONE',  ( 10.42678230221828883, -5.394874044271940505, -22.01193430355088054 ) ) ;
#3059 = ORIENTED_EDGE ( 'NONE', *, *, #1338, .T. ) ;
#3060 = ADVANCED_FACE ( 'NONE', ( #1257 ), #3670, .T. ) ;
#3061 = DIRECTION ( 'NONE',  ( -1.334932164809288426E-12, 0.000000000000000000, 1.000000000000000000 ) ) ;
#3062 = CARTESIAN_POINT ( 'NONE',  ( 10.17694098435702799, -11.42763299610149730, 15.81968793684647423 ) ) ;
#3063 = LINE ( 'NONE', #676, #2819 ) ;
#3064 = CARTESIAN_POINT ( 'NONE',  ( 7.578718707889822603, -12.50000000000000888, 16.81977793090867479 ) ) ;
#3065 = CARTESIAN_POINT ( 'NONE',  ( 10.26026307958301942, -7.832187760662372433, 15.91034379142756450 ) ) ;
#3066 = DIRECTION ( 'NONE',  ( -0.8660254037844405950, 0.4999999999999966693, 0.000000000000000000 ) ) ;
#3067 = VECTOR ( 'NONE', #4223, 1000.000000000000000 ) ;
#3068 = EDGE_LOOP ( 'NONE', ( #803, #1294, #1276, #1339 ) ) ;
#3069 = CARTESIAN_POINT ( 'NONE',  ( 12.15680221654958792, -5.558578643762699834, 12.27457856830089966 ) ) ;
#3070 = ADVANCED_BREP_SHAPE_REPRESENTATION ( '260810_1958_21-001_C_DIY_Wallmount', ( #3387, #834 ), #3546 ) ;
#3071 = CARTESIAN_POINT ( 'NONE',  ( -10.43000642219119989, -7.916435142451952345, 15.58189717902246763 ) ) ;
#3072 = CARTESIAN_POINT ( 'NONE',  ( 13.74999999999999645, -5.500000000000011546, 10.79792740578363563 ) ) ;
#3073 = DIRECTION ( 'NONE',  ( -0.8660254037844423713, -0.4999999999999933942, 0.000000000000000000 ) ) ;
#3074 = LINE ( 'NONE', #4490, #2229 ) ;
#3075 = DIRECTION ( 'NONE',  ( 1.000000000000000000, 0.000000000000000000, 0.000000000000000000 ) ) ;
#3076 = CARTESIAN_POINT ( 'NONE',  ( -3.500000000000000000, -15.00000000000001421, 14.27693615844911257 ) ) ;
#3077 = ORIENTED_EDGE ( 'NONE', *, *, #1425, .T. ) ;
#3078 = DIRECTION ( 'NONE',  ( 0.000000000000000000, -0.000000000000000000, 1.000000000000000000 ) ) ;
#3079 = FACE_OUTER_BOUND ( 'NONE', #3242, .T. ) ;
#3080 = EDGE_CURVE ( 'NONE', #3330, #2404, #4177, .T. ) ;
#3081 = ORIENTED_EDGE ( 'NONE', *, *, #363, .F. ) ;
#3082 = ADVANCED_FACE ( 'NONE', ( #820 ), #3717, .T. ) ;
#3083 = CARTESIAN_POINT ( 'NONE',  ( 10.34999999874070120, -5.200000002180863667, -23.56106876610947509 ) ) ;
#3084 = PLANE ( 'NONE',  #4233 ) ;
#3085 = LINE ( 'NONE', #2036, #2423 ) ;
#3086 = ORIENTED_EDGE ( 'NONE', *, *, #1133, .F. ) ;
#3087 = EDGE_CURVE ( 'NONE', #1078, #3389, #2900, .T. ) ;
#3088 = DIRECTION ( 'NONE',  ( 0.000000000000000000, 1.000000000000000000, 0.000000000000000000 ) ) ;
#3089 = CARTESIAN_POINT ( 'NONE',  ( -7.663334826746565298, -12.50000000000000711, 16.65247318668881249 ) ) ;
#3090 = CARTESIAN_POINT ( 'NONE',  ( -10.37635068636851798, -10.99037018900347817, 15.54515673263255593 ) ) ;
#3091 = CARTESIAN_POINT ( 'NONE',  ( 12.18244855890327116, -5.501682704684731640, 12.17958495599128455 ) ) ;
#3092 = FACE_OUTER_BOUND ( 'NONE', #4050, .T. ) ;
#3093 = VECTOR ( 'NONE', #3470, 1000.000000000000000 ) ;
#3094 = AXIS2_PLACEMENT_3D ( 'NONE', #2953, #4048, #890 ) ;
#3095 = CARTESIAN_POINT ( 'NONE',  ( -13.64999999999999858, -18.33257888130140856, -22.35662432702594060 ) ) ;
#3096 = DIRECTION ( 'NONE',  ( -1.961181171427461100E-16, 0.000000000000000000, 1.000000000000000000 ) ) ;
#3097 = FACE_OUTER_BOUND ( 'NONE', #4422, .T. ) ;
#3098 = CIRCLE ( 'NONE', #1497, 0.5000000000000004441 ) ;
#3099 = EDGE_LOOP ( 'NONE', ( #1919, #18, #1893, #404 ) ) ;
#3100 = DIRECTION ( 'NONE',  ( -0.8660254037844405950, -0.4999999999999966693, 0.000000000000000000 ) ) ;
#3101 = LINE ( 'NONE', #3474, #2791 ) ;
#3102 = LINE ( 'NONE', #4135, #908 ) ;
#3103 = DIRECTION ( 'NONE',  ( 8.380306647230952385E-17, 1.000000000000000000, -0.000000000000000000 ) ) ;
#3104 = DIRECTION ( 'NONE',  ( 0.000000000000000000, 1.000000000000000000, 0.000000000000000000 ) ) ;
#3105 = CARTESIAN_POINT ( 'NONE',  ( 10.42952924663998715, -7.943772511471866693, 15.58157060627144119 ) ) ;
#3106 = EDGE_CURVE ( 'NONE', #1309, #2611, #2549, .T. ) ;
#3107 = LINE ( 'NONE', #4142, #2062 ) ;
#3108 = AXIS2_PLACEMENT_3D ( 'NONE', #2169, #2598, #1839 ) ;
#3109 = EDGE_LOOP ( 'NONE', ( #716, #661, #2061, #1540, #577, #4377, #4427, #2959, #2395, #2546, #2688, #2888, #2896 ) ) ;
#3110 = CARTESIAN_POINT ( 'NONE',  ( -10.47399188756785016, -5.396509518712553799, -21.82403757902093133 ) ) ;
#3111 = CARTESIAN_POINT ( 'NONE',  ( -12.15000000000000213, -9.400304317291476863, 16.82126749423582623 ) ) ;
#3112 = CARTESIAN_POINT ( 'NONE',  ( 10.47735889826473255, -5.203613605094919770, 12.93875286172916539 ) ) ;
#3113 = FACE_OUTER_BOUND ( 'NONE', #2781, .T. ) ;
#3114 = ADVANCED_FACE ( 'NONE', ( #4518 ), #670, .F. ) ;
#3115 = CARTESIAN_POINT ( 'NONE',  ( 10.34999999999999787, -12.49999999999999645, -22.00000000000000355 ) ) ;
#3116 = AXIS2_PLACEMENT_3D ( 'NONE', #1721, #4545, #705 ) ;
#3117 = ORIENTED_EDGE ( 'NONE', *, *, #2895, .F. ) ;
#3118 = PLANE ( 'NONE',  #2155 ) ;
#3119 = DIRECTION ( 'NONE',  ( 0.000000000000000000, 1.000000000000000000, 0.000000000000000000 ) ) ;
#3120 = CARTESIAN_POINT ( 'NONE',  ( 10.73114418875765885, -5.346446609406733330, 13.01342907219198608 ) ) ;
#3121 =( BOUNDED_CURVE ( )  B_SPLINE_CURVE ( 3, ( #318, #125, #4541, #1427 ),
 .UNSPECIFIED., .F., .T. ) 
 B_SPLINE_CURVE_WITH_KNOTS ( ( 4, 4 ),
 ( 4.959659508581315102, 5.052623624958293647 ),
 .UNSPECIFIED. ) 
 CURVE ( )  GEOMETRIC_REPRESENTATION_ITEM ( )  RATIONAL_B_SPLINE_CURVE ( ( 1.000000000000000000, 0.9992799357493329371, 0.9992799357493329371, 1.000000000000000000 ) ) 
 REPRESENTATION_ITEM ( '' )  );
#3122 = ORIENTED_EDGE ( 'NONE', *, *, #613, .T. ) ;
#3123 = DIRECTION ( 'NONE',  ( 0.9998476951563912696, 0.01745240643728354982, 0.000000000000000000 ) ) ;
#3124 = CARTESIAN_POINT ( 'NONE',  ( -13.84999999999999787, -5.200000000000010836, 10.62472232502674885 ) ) ;
#3125 = CYLINDRICAL_SURFACE ( 'NONE', #2428, 0.2999999999999999334 ) ;
#3126 = CARTESIAN_POINT ( 'NONE',  ( 10.40773502691895480, -5.500000000000010658, -23.79999999999999716 ) ) ;
#3127 = DIRECTION ( 'NONE',  ( 0.000000000000000000, 0.000000000000000000, 1.000000000000000000 ) ) ;
#3128 = CARTESIAN_POINT ( 'NONE',  ( -7.249999999999997335, -15.00000000000001421, 27.00000000000000355 ) ) ;
#3129 = DIRECTION ( 'NONE',  ( -0.000000000000000000, 1.000000000000000000, -0.000000000000000000 ) ) ;
#3130 = VERTEX_POINT ( 'NONE', #1355 ) ;
#3131 = ADVANCED_FACE ( 'NONE', ( #3432 ), #4096, .T. ) ;
#3132 = EDGE_CURVE ( 'NONE', #2949, #3238, #2124, .T. ) ;
#3133 = CARTESIAN_POINT ( 'NONE',  ( 10.10046024019477429, -5.632215542491178617, -22.31816258273477516 ) ) ;
#3134 = CARTESIAN_POINT ( 'NONE',  ( 10.67396142659912428, -5.400000000000011013, -21.82403757902092778 ) ) ;
#3135 = LINE ( 'NONE', #2780, #4517 ) ;
#3136 = CARTESIAN_POINT ( 'NONE',  ( 6.231001559610984231, -12.50000000000001421, -23.80000000000000071 ) ) ;
#3137 = CARTESIAN_POINT ( 'NONE',  ( -9.569429319156510516, -9.447036286180907183, 17.87699533908300964 ) ) ;
#3138 = EDGE_CURVE ( 'NONE', #1333, #920, #3385, .T. ) ;
#3139 = ADVANCED_FACE ( 'NONE', ( #249 ), #4291, .T. ) ;
#3140 =( BOUNDED_SURFACE ( )  B_SPLINE_SURFACE ( 3, 2, ( 
 ( #3071, #2810, #3814 ),
 ( #4193, #658, #1683 ),
 ( #3090, #1322, #1342 ),
 ( #2737, #4169, #4214 ) ),
 .UNSPECIFIED., .F., .F., .F. ) 
 B_SPLINE_SURFACE_WITH_KNOTS ( ( 4, 4 ),
 ( 3, 3 ),
 ( 0.03886546131044497920, 0.04347739550902557371 ),
 ( 0.000000000000000000, 1.000000000000000000 ),
 .UNSPECIFIED. ) 
 GEOMETRIC_REPRESENTATION_ITEM ( )  RATIONAL_B_SPLINE_SURFACE ( (
 ( 1.000000000000000000, 0.8252998903128201391, 1.000000000000000000),
 ( 1.000000000000000000, 0.8251146552068956419, 1.000000000000000000),
 ( 1.000000000000000000, 0.8249288249512021221, 1.000000000000000000),
 ( 1.000000000000000000, 0.8247423937089948254, 1.000000000000000000) ) ) 
 REPRESENTATION_ITEM ( '' )  SURFACE ( )  );
#3141 = ORIENTED_EDGE ( 'NONE', *, *, #4108, .T. ) ;
#3142 = CARTESIAN_POINT ( 'NONE',  ( -2.186655558190168769, -19.73583685161223400, -21.87369799794511849 ) ) ;
#3143 = CARTESIAN_POINT ( 'NONE',  ( 10.34999999999999964, -5.199999999999996625, -18.80000000000000071 ) ) ;
#3144 = VERTEX_POINT ( 'NONE', #1673 ) ;
#3145 = CARTESIAN_POINT ( 'NONE',  ( -6.308548115672643952, -12.59999999999999432, -23.60000000000000142 ) ) ;
#3146 = DIRECTION ( 'NONE',  ( 4.259132699590121732E-17, 0.000000000000000000, -1.000000000000000000 ) ) ;
#3147 = FACE_OUTER_BOUND ( 'NONE', #2829, .T. ) ;
#3148 = ADVANCED_FACE ( 'NONE', ( #2058 ), #4157, .T. ) ;
#3149 = PRODUCT_DEFINITION_SHAPE ( 'NONE', 'NONE',  #1666 ) ;
#3150 = ORIENTED_EDGE ( 'NONE', *, *, #4374, .F. ) ;
#3151 = CARTESIAN_POINT ( 'NONE',  ( 10.43787209339785171, -5.343403209002464571, -23.76766727771438070 ) ) ;
#3152 = DIRECTION ( 'NONE',  ( -4.259132699590121732E-17, -0.000000000000000000, -1.000000000000000000 ) ) ;
#3153 = CARTESIAN_POINT ( 'NONE',  ( -10.70924895405081756, -6.455803960670494668, 14.23716544000661877 ) ) ;
#3154 = VERTEX_POINT ( 'NONE', #3014 ) ;
#3155 = CARTESIAN_POINT ( 'NONE',  ( -7.752668494999186422, -12.49999999999999645, 16.61339394481344911 ) ) ;
#3156 = CARTESIAN_POINT ( 'NONE',  ( 10.47591618945277325, -5.286266337559117012, 13.06375955672770317 ) ) ;
#3157 = CARTESIAN_POINT ( 'NONE',  ( 13.89999999999999503, -6.950000000000011724, 11.05773502691896759 ) ) ;
#3158 = CARTESIAN_POINT ( 'NONE',  ( 13.89999999999999503, -18.33257888130140856, 11.05773502691896759 ) ) ;
#3159 = ORIENTED_EDGE ( 'NONE', *, *, #4030, .F. ) ;
#3160 = CARTESIAN_POINT ( 'NONE',  ( 10.29226497308103028, -5.300000000000010481, -22.23024303063488816 ) ) ;
#3161 = TOROIDAL_SURFACE ( 'NONE', #592, 0.7999999999999999334, 0.2999999999999999889 ) ;
#3162 = VERTEX_POINT ( 'NONE', #288 ) ;
#3163 = CARTESIAN_POINT ( 'NONE',  ( 10.37630171660711653, -10.99317566450557493, 15.75069622914797840 ) ) ;
#3164 = ADVANCED_FACE ( 'NONE', ( #2384 ), #4076, .T. ) ;
#3165 = AXIS2_PLACEMENT_3D ( 'NONE', #3865, #3836, #2073 ) ;
#3166 = DIRECTION ( 'NONE',  ( 0.000000000000000000, 0.000000000000000000, 1.000000000000000000 ) ) ;
#3167 = CIRCLE ( 'NONE', #596, 0.2999999999999999334 ) ;
#3168 =( BOUNDED_CURVE ( )  B_SPLINE_CURVE ( 3, ( #3898, #3947, #2898, #2539 ),
 .UNSPECIFIED., .F., .F. ) 
 B_SPLINE_CURVE_WITH_KNOTS ( ( 4, 4 ),
 ( 1.230561682220554731, 1.323525798598271352 ),
 .UNSPECIFIED. ) 
 CURVE ( )  GEOMETRIC_REPRESENTATION_ITEM ( )  RATIONAL_B_SPLINE_CURVE ( ( 1.000000000000000000, 0.9992799357493213908, 0.9992799357493213908, 1.000000000000000000 ) ) 
 REPRESENTATION_ITEM ( '' )  );
#3169 = ORIENTED_EDGE ( 'NONE', *, *, #3427, .T. ) ;
#3170 = AXIS2_PLACEMENT_3D ( 'NONE', #459, #1851, #435 ) ;
#3171 = CIRCLE ( 'NONE', #383, 0.3000000000000003220 ) ;
#3172 = CARTESIAN_POINT ( 'NONE',  ( 12.24999999999999822, -5.200000000000010836, -13.04944465005348420 ) ) ;
#3173 = CIRCLE ( 'NONE', #83, 0.3000000000000016542 ) ;
#3174 = FACE_OUTER_BOUND ( 'NONE', #1115, .T. ) ;
#3175 = DIRECTION ( 'NONE',  ( 6.505213034913027590E-16, 0.000000000000000000, -1.000000000000000000 ) ) ;
#3176 = EDGE_CURVE ( 'NONE', #492, #2612, #3410, .T. ) ;
#3177 = AXIS2_PLACEMENT_3D ( 'NONE', #2471, #2176, #3166 ) ;
#3178 = ORIENTED_EDGE ( 'NONE', *, *, #988, .T. ) ;
#3179 = CARTESIAN_POINT ( 'NONE',  ( -10.26835034190722062, -5.341421356237320950, -23.59999999999999787 ) ) ;
#3180 = CARTESIAN_POINT ( 'NONE',  ( 14.14999999999999680, -18.33257888130140856, -14.08867513459481202 ) ) ;
#3181 = DIRECTION ( 'NONE',  ( 0.3327589341027959446, -0.5763553805385063233, 0.7463819177197991150 ) ) ;
#3182 = LINE ( 'NONE', #4331, #3030 ) ;
#3183 = ORIENTED_EDGE ( 'NONE', *, *, #407, .F. ) ;
#3184 = CARTESIAN_POINT ( 'NONE',  ( -10.47851538718936126, -5.199999999999872280, -21.92079602225477331 ) ) ;
#3185 = CARTESIAN_POINT ( 'NONE',  ( -10.67396142659912606, -5.200000000000010836, -21.82746766542907579 ) ) ;
#3186 = AXIS2_PLACEMENT_3D ( 'NONE', #2343, #582, #943 ) ;
#3187 = ORIENTED_EDGE ( 'NONE', *, *, #3204, .F. ) ;
#3188 = DIRECTION ( 'NONE',  ( 0.000000000000000000, 0.000000000000000000, 1.000000000000000000 ) ) ;
#3189 = ORIENTED_EDGE ( 'NONE', *, *, #788, .T. ) ;
#3190 = AXIS2_PLACEMENT_3D ( 'NONE', #2930, #3225, #3579 ) ;
#3191 = UNCERTAINTY_MEASURE_WITH_UNIT (LENGTH_MEASURE( 1.000000000000000082E-05 ), #1475, 'distance_accuracy_value', 'NONE');
#3192 = ORIENTED_EDGE ( 'NONE', *, *, #3246, .F. ) ;
#3193 = CARTESIAN_POINT ( 'NONE',  ( 10.34947985711649565, -12.52979896583828889, 15.73244629957128460 ) ) ;
#3194 = AXIS2_PLACEMENT_3D ( 'NONE', #3, #1080, #657 ) ;
#3195 = CARTESIAN_POINT ( 'NONE',  ( 13.64999999999999680, -5.500000000000011546, 10.62472232502674885 ) ) ;
#3196 = CIRCLE ( 'NONE', #251, 0.8000000000000003775 ) ;
#3197 = EDGE_CURVE ( 'NONE', #3654, #3130, #1980, .T. ) ;
#3198 = EDGE_CURVE ( 'NONE', #1380, #1550, #2713, .T. ) ;
#3199 = VERTEX_POINT ( 'NONE', #1693 ) ;
#3200 = DIRECTION ( 'NONE',  ( 1.000000000000000000, 0.000000000000000000, 0.000000000000000000 ) ) ;
#3201 = CARTESIAN_POINT ( 'NONE',  ( 8.113139720814380951, -5.500000000000010658, 14.05237020535574644 ) ) ;
#3202 = DIRECTION ( 'NONE',  ( 1.000000000000000000, 0.000000000000000000, -0.000000000000000000 ) ) ;
#3203 = EDGE_LOOP ( 'NONE', ( #3305, #1255, #2392, #3304, #1598 ) ) ;
#3204 = EDGE_CURVE ( 'NONE', #1380, #1817, #1041, .T. ) ;
#3205 = DIRECTION ( 'NONE',  ( 0.000000000000000000, 1.000000000000000000, 0.000000000000000000 ) ) ;
#3206 = DIRECTION ( 'NONE',  ( -0.8660254037844383745, 0.000000000000000000, -0.5000000000000003331 ) ) ;
#3207 = CARTESIAN_POINT ( 'NONE',  ( -10.47781095381669481, -5.177715359845242560, 12.78848267537065375 ) ) ;
#3208 = DIRECTION ( 'NONE',  ( -0.8660254037844383745, 0.000000000000000000, -0.5000000000000003331 ) ) ;
#3209 = ORIENTED_EDGE ( 'NONE', *, *, #4315, .T. ) ;
#3210 = FACE_OUTER_BOUND ( 'NONE', #2154, .T. ) ;
#3211 = CARTESIAN_POINT ( 'NONE',  ( 12.14999999999999858, -5.500000000000011546, 2.500000000000002220 ) ) ;
#3212 = ORIENTED_EDGE ( 'NONE', *, *, #2509, .F. ) ;
#3213 = DIRECTION ( 'NONE',  ( -1.000000000000000000, 0.000000000000000000, 4.259132699590121732E-17 ) ) ;
#3214 = EDGE_CURVE ( 'NONE', #1, #88, #3101, .T. ) ;
#3215 = EDGE_LOOP ( 'NONE', ( #4248, #3178, #4184, #2259 ) ) ;
#3216 = EDGE_LOOP ( 'NONE', ( #2114, #1825, #1771, #4196 ) ) ;
#3217 = FACE_OUTER_BOUND ( 'NONE', #3068, .T. ) ;
#3218 = AXIS2_PLACEMENT_3D ( 'NONE', #1013, #635, #3073 ) ;
#3219 = ORIENTED_EDGE ( 'NONE', *, *, #1303, .F. ) ;
#3220 = CYLINDRICAL_SURFACE ( 'NONE', #2354, 0.2999999999999998779 ) ;
#3221 = CARTESIAN_POINT ( 'NONE',  ( 11.95903609698376258, -5.346446609406739547, 12.41332053553019854 ) ) ;
#3222 = ORIENTED_EDGE ( 'NONE', *, *, #3087, .T. ) ;
#3223 = DIRECTION ( 'NONE',  ( 0.000000000000000000, 0.000000000000000000, 1.000000000000000000 ) ) ;
#3224 = DIRECTION ( 'NONE',  ( -2.168404344971007685E-15, 0.000000000000000000, 1.000000000000000000 ) ) ;
#3225 = DIRECTION ( 'NONE',  ( 0.000000000000000000, 1.000000000000000000, 0.000000000000000000 ) ) ;
#3226 = CARTESIAN_POINT ( 'NONE',  ( 10.71169349288612160, -6.330887670382906229, 14.10045256842415640 ) ) ;
#3227 = CARTESIAN_POINT ( 'NONE',  ( 0.000000000000000000, -8.256936133370048836, -10.49999999999999822 ) ) ;
#3228 = EDGE_CURVE ( 'NONE', #1139, #3162, #3735, .T. ) ;
#3229 = EDGE_CURVE ( 'NONE', #4213, #1380, #4070, .T. ) ;
#3230 = ORIENTED_EDGE ( 'NONE', *, *, #3228, .F. ) ;
#3231 = CARTESIAN_POINT ( 'NONE',  ( -9.485372282482018136, -9.707106781186606526, 17.96098579920804283 ) ) ;
#3232 = CARTESIAN_POINT ( 'NONE',  ( -14.14999999999999680, -11.28539094912924234, -16.54225568711645522 ) ) ;
#3233 = ORIENTED_EDGE ( 'NONE', *, *, #845, .T. ) ;
#3234 = CARTESIAN_POINT ( 'NONE',  ( 0.000000000000000000, -6.950000000000011724, 0.000000000000000000 ) ) ;
#3235 = EDGE_CURVE ( 'NONE', #822, #191, #4477, .T. ) ;
#3236 = VERTEX_POINT ( 'NONE', #4134 ) ;
#3237 = ORIENTED_EDGE ( 'NONE', *, *, #2123, .T. ) ;
#3238 = VERTEX_POINT ( 'NONE', #976 ) ;
#3239 = CARTESIAN_POINT ( 'NONE',  ( 10.42901224293476226, -5.394866716148116303, -22.01033474360647801 ) ) ;
#3240 = CARTESIAN_POINT ( 'NONE',  ( 11.95652544579692567, -9.444536176174549880, 16.95390685557929089 ) ) ;
#3241 = VECTOR ( 'NONE', #740, 1000.000000000000000 ) ;
#3242 = EDGE_LOOP ( 'NONE', ( #56, #2335, #3961, #3081 ) ) ;
#3243 = CARTESIAN_POINT ( 'NONE',  ( 11.91714574554362649, -5.500000000000011546, 12.03595442721018394 ) ) ;
#3244 = CARTESIAN_POINT ( 'NONE',  ( 8.719483347878965063, -10.52413768406343486, 18.21160274304830295 ) ) ;
#3245 = MECHANICAL_DESIGN_GEOMETRIC_PRESENTATION_REPRESENTATION (  '', ( #1556 ), #4216 ) ;
#3246 = EDGE_CURVE ( 'NONE', #985, #91, #3121, .T. ) ;
#3247 = AXIS2_PLACEMENT_3D ( 'NONE', #932, #556, #200 ) ;
#3248 = AXIS2_PLACEMENT_3D ( 'NONE', #3347, #184, #4072 ) ;
#3249 = VERTEX_POINT ( 'NONE', #1178 ) ;
#3250 = CARTESIAN_POINT ( 'NONE',  ( -12.86820230503482598, -6.950000000000011724, -22.28838019439523777 ) ) ;
#3251 = AXIS2_PLACEMENT_3D ( 'NONE', #4548, #3857, #1680 ) ;
#3252 = DIRECTION ( 'NONE',  ( 0.4999999999999983347, -0.000000000000000000, 0.8660254037844395958 ) ) ;
#3253 = CARTESIAN_POINT ( 'NONE',  ( -12.14999999999999858, 17.00105930301486623, -23.80000000000000071 ) ) ;
#3254 = CARTESIAN_POINT ( 'NONE',  ( -10.46547005004877562, -5.200000000000010836, -23.57875981847504576 ) ) ;
#3255 = AXIS2_PLACEMENT_3D ( 'NONE', #4283, #3905, #2139 ) ;
#3256 = ORIENTED_EDGE ( 'NONE', *, *, #3825, .T. ) ;
#3257 = ADVANCED_FACE ( 'NONE', ( #1199 ), #1140, .T. ) ;
#3258 = EDGE_CURVE ( 'NONE', #3685, #2812, #2558, .T. ) ;
#3259 = DIRECTION ( 'NONE',  ( 0.000000000000000000, 0.000000000000000000, 1.000000000000000000 ) ) ;
#3260 = CARTESIAN_POINT ( 'NONE',  ( -7.249999999999997335, -12.50000000000001066, 25.61030066203830913 ) ) ;
#3261 = CARTESIAN_POINT ( 'NONE',  ( -10.08618780039204843, -8.156936133377525877, 16.06160488096556094 ) ) ;
#3262 = ORIENTED_EDGE ( 'NONE', *, *, #3737, .F. ) ;
#3263 = ADVANCED_FACE ( 'NONE', ( #2583 ), #810, .T. ) ;
#3264 = VERTEX_POINT ( 'NONE', #3124 ) ;
#3265 = CYLINDRICAL_SURFACE ( 'NONE', #1402, 0.2000000000000005107 ) ;
#3266 = VECTOR ( 'NONE', #497, 1000.000000000000000 ) ;
#3267 = EDGE_CURVE ( 'NONE', #143, #1636, #3986, .T. ) ;
#3268 = CONICAL_SURFACE ( 'NONE', #3412, 25.49999999999996447, 0.7853981633974459475 ) ;
#3269 = VECTOR ( 'NONE', #3662, 1000.000000000000000 ) ;
#3270 = CARTESIAN_POINT ( 'NONE',  ( 3.500000000000000000, -12.50000000000001066, 10.52693615844911257 ) ) ;
#3271 = CARTESIAN_POINT ( 'NONE',  ( -12.18097396468373894, -5.502318843224811573, 12.18352597332451381 ) ) ;
#3272 = AXIS2_PLACEMENT_3D ( 'NONE', #3759, #1260, #4098 ) ;
#3273 = VERTEX_POINT ( 'NONE', #1067 ) ;
#3274 = DIRECTION ( 'NONE',  ( -0.8660254037844384856, 0.000000000000000000, -0.5000000000000003331 ) ) ;
#3275 = ORIENTED_EDGE ( 'NONE', *, *, #1289, .T. ) ;
#3276 = CARTESIAN_POINT ( 'NONE',  ( 9.295577081290593568, -9.526314067869817492, 17.75569977388242648 ) ) ;
#3277 = DIRECTION ( 'NONE',  ( 1.000000000000000000, 0.000000000000000000, 0.000000000000000000 ) ) ;
#3278 = DIRECTION ( 'NONE',  ( 0.000000000000000000, 0.000000000000000000, 1.000000000000000000 ) ) ;
#3279 = VERTEX_POINT ( 'NONE', #2088 ) ;
#3280 = CARTESIAN_POINT ( 'NONE',  ( 10.21464459558242233, -12.49999999999999289, 15.78506630337857963 ) ) ;
#3281 = DIRECTION ( 'NONE',  ( 0.000000000000000000, 0.000000000000000000, 1.000000000000000000 ) ) ;
#3282 = LINE ( 'NONE', #100, #3463 ) ;
#3283 = ADVANCED_FACE ( 'NONE', ( #4254 ), #4202, .T. ) ;
#3284 = ORIENTED_EDGE ( 'NONE', *, *, #1751, .F. ) ;
#3285 = VERTEX_POINT ( 'NONE', #2917 ) ;
#3286 = CARTESIAN_POINT ( 'NONE',  ( -8.528423394881654573, -11.14690338621080024, 16.41838332728008965 ) ) ;
#3287 = ADVANCED_FACE ( 'NONE', ( #3174 ), #151, .T. ) ;
#3288 = EDGE_CURVE ( 'NONE', #2812, #2318, #2452, .T. ) ;
#3289 = ORIENTED_EDGE ( 'NONE', *, *, #3921, .T. ) ;
#3290 = CARTESIAN_POINT ( 'NONE',  ( 12.15000000000000036, 17.00105930301486623, 12.35677313259562382 ) ) ;
#3291 = DIRECTION ( 'NONE',  ( 1.000000000000000000, 0.000000000000000000, 0.000000000000000000 ) ) ;
#3292 = CARTESIAN_POINT ( 'NONE',  ( 10.42832801935804099, -8.012590776364435285, 15.62636333505265362 ) ) ;
#3293 = ORIENTED_EDGE ( 'NONE', *, *, #1695, .T. ) ;
#3294 = CARTESIAN_POINT ( 'NONE',  ( -12.15000000000000036, -5.510182038911517033, 12.49885748518421025 ) ) ;
#3295 =( BOUNDED_SURFACE ( )  B_SPLINE_SURFACE ( 3, 2, ( 
 ( #1456, #493, #1858 ),
 ( #4000, #1167, #3276 ),
 ( #1879, #116, #2548 ),
 ( #1121, #2164, #3953 ) ),
 .UNSPECIFIED., .F., .F., .F. ) 
 B_SPLINE_SURFACE_WITH_KNOTS ( ( 4, 4 ),
 ( 3, 3 ),
 ( 0.000000000000000000, 0.0002822332103018445758 ),
 ( 0.000000000000000000, 1.000000000000000000 ),
 .UNSPECIFIED. ) 
 GEOMETRIC_REPRESENTATION_ITEM ( )  RATIONAL_B_SPLINE_SURFACE ( (
 ( 1.000000000000000000, 0.6025698664749397082, 1.000000000000000000),
 ( 1.000000000000000000, 0.6581238434452887365, 1.000000000000000000),
 ( 1.000000000000000000, 0.7133830243302120566, 1.000000000000000000),
 ( 1.000000000000000000, 0.7605383704734883787, 1.000000000000000000) ) ) 
 REPRESENTATION_ITEM ( '' )  SURFACE ( )  );
#3296 = FACE_OUTER_BOUND ( 'NONE', #2785, .T. ) ;
#3297 = ORIENTED_EDGE ( 'NONE', *, *, #2315, .F. ) ;
#3298 = CARTESIAN_POINT ( 'NONE',  ( -7.618730523177163150, -12.50000000000001243, 18.39995206888687562 ) ) ;
#3299 = CARTESIAN_POINT ( 'NONE',  ( 10.34892114499130678, -5.395129914552751593, -22.06778493106949313 ) ) ;
#3300 = DIRECTION ( 'NONE',  ( -0.000000000000000000, -1.000000000000000000, -0.000000000000000000 ) ) ;
#3301 = VERTEX_POINT ( 'NONE', #2200 ) ;
#3302 = CARTESIAN_POINT ( 'NONE',  ( -9.396615312652922825, -9.351310717642626003, 17.87342829794743437 ) ) ;
#3303 = CARTESIAN_POINT ( 'NONE',  ( 10.30509768964151540, -8.256936133370050612, 16.04390622626636542 ) ) ;
#3304 = ORIENTED_EDGE ( 'NONE', *, *, #240, .T. ) ;
#3305 = ORIENTED_EDGE ( 'NONE', *, *, #2454, .T. ) ;
#3306 = DIRECTION ( 'NONE',  ( 1.961181171427461100E-16, 0.000000000000000000, -1.000000000000000000 ) ) ;
#3307 = CARTESIAN_POINT ( 'NONE',  ( 10.73114418875765708, -5.346446609406734218, 13.01342907219198430 ) ) ;
#3308 = EDGE_CURVE ( 'NONE', #1834, #4080, #754, .T. ) ;
#3309 = CARTESIAN_POINT ( 'NONE',  ( 10.25939288115332992, -8.256936133369920938, 16.06160488095585492 ) ) ;
#3310 = CARTESIAN_POINT ( 'NONE',  ( -10.68287244362100097, -7.805841636522013793, 15.71253339731173604 ) ) ;
#3311 = ORIENTED_EDGE ( 'NONE', *, *, #2351, .F. ) ;
#3312 = CYLINDRICAL_SURFACE ( 'NONE', #2640, 0.2000000000000005107 ) ;
#3313 = ORIENTED_EDGE ( 'NONE', *, *, #3758, .F. ) ;
#3314 = ADVANCED_FACE ( 'NONE', ( #1847 ), #3265, .T. ) ;
#3315 = CARTESIAN_POINT ( 'NONE',  ( -12.14999999999999858, 18.65052965150742281, -22.15052965150744413 ) ) ;
#3316 = AXIS2_PLACEMENT_3D ( 'NONE', #1001, #597, #2362 ) ;
#3317 = DIRECTION ( 'NONE',  ( 1.961181171427461100E-16, -0.000000000000000000, 1.000000000000000000 ) ) ;
#3318 = CARTESIAN_POINT ( 'NONE',  ( 9.676298072040115272, -8.866885968384529804, 17.23012284896903168 ) ) ;
#3319 = ORIENTED_EDGE ( 'NONE', *, *, #2925, .F. ) ;
#3320 = VECTOR ( 'NONE', #1965, 999.9999999999998863 ) ;
#3321 =( BOUNDED_CURVE ( )  B_SPLINE_CURVE ( 3, ( #3664, #1916, #4090, #1853 ),
 .UNSPECIFIED., .F., .T. ) 
 B_SPLINE_CURVE_WITH_KNOTS ( ( 4, 4 ),
 ( 1.570796326794896558, 3.141592653589793116 ),
 .UNSPECIFIED. ) 
 CURVE ( )  GEOMETRIC_REPRESENTATION_ITEM ( )  RATIONAL_B_SPLINE_CURVE ( ( 1.000000000000000000, 0.8047378541243649375, 0.8047378541243649375, 1.000000000000000000 ) ) 
 REPRESENTATION_ITEM ( '' )  );
#3322 = ORIENTED_EDGE ( 'NONE', *, *, #2732, .F. ) ;
#3323 = CARTESIAN_POINT ( 'NONE',  ( 6.135343034915744731, -12.50000000000001066, -22.08192339052969189 ) ) ;
#3324 = DIRECTION ( 'NONE',  ( 0.000000000000000000, 1.000000000000000000, 0.000000000000000000 ) ) ;
#3325 = CIRCLE ( 'NONE', #535, 0.3000000000000016542 ) ;
#3326 = ORIENTED_EDGE ( 'NONE', *, *, #1303, .T. ) ;
#3327 = TOROIDAL_SURFACE ( 'NONE', #3177, 0.2000000000000000389, 0.2999999999999999889 ) ;
#3328 = CARTESIAN_POINT ( 'NONE',  ( 10.46547005383791706, -5.200000000000010836, -23.67573593128805953 ) ) ;
#3329 = CARTESIAN_POINT ( 'NONE',  ( -13.89999999999999680, -5.500000000000011546, -13.65566243270259328 ) ) ;
#3330 = VERTEX_POINT ( 'NONE', #4104 ) ;
#3331 = CARTESIAN_POINT ( 'NONE',  ( 12.14999999999999858, 17.00105930301486623, -12.35662432702593172 ) ) ;
#3332 = CARTESIAN_POINT ( 'NONE',  ( -10.36373863071949231, -11.71291437322118867, 15.53650685251342978 ) ) ;
#3333 = DIRECTION ( 'NONE',  ( 0.000000000000000000, 1.000000000000000000, 0.000000000000000000 ) ) ;
#3334 = TOROIDAL_SURFACE ( 'NONE', #3560, 0.7999999999999999334, 0.2999999999999999889 ) ;
#3335 = DIRECTION ( 'NONE',  ( 0.000000000000000000, 0.000000000000000000, -1.000000000000000000 ) ) ;
#3336 = DIRECTION ( 'NONE',  ( 0.8660254037844382635, -0.000000000000000000, 0.5000000000000006661 ) ) ;
#3337 = EDGE_CURVE ( 'NONE', #3341, #1885, #1911, .T. ) ;
#3338 = EDGE_CURVE ( 'NONE', #979, #492, #3619, .T. ) ;
#3339 = ORIENTED_EDGE ( 'NONE', *, *, #2454, .F. ) ;
#3340 = AXIS2_PLACEMENT_3D ( 'NONE', #2902, #86, #2849 ) ;
#3341 = VERTEX_POINT ( 'NONE', #2961 ) ;
#3342 = B_SPLINE_CURVE_WITH_KNOTS ( 'NONE', 3,
 ( #4351, #4026, #4371, #844, #1880, #2909 ),
 .UNSPECIFIED., .F., .F.,
 ( 4, 2, 4 ),
 ( 0.000000000000000000, 0.0001792791599960073172, 0.0003585583199920146344 ),
 .UNSPECIFIED. ) ;
#3343 = CARTESIAN_POINT ( 'NONE',  ( 10.34999999999999964, -5.200000000000010836, -23.50000000000000000 ) ) ;
#3344 = VERTEX_POINT ( 'NONE', #948 ) ;
#3345 = DIRECTION ( 'NONE',  ( 0.000000000000000000, 1.000000000000000000, 0.000000000000000000 ) ) ;
#3346 = CARTESIAN_POINT ( 'NONE',  ( -9.590040606654714139, -9.353553390593331684, 17.77128881405509020 ) ) ;
#3347 = CARTESIAN_POINT ( 'NONE',  ( 10.34999999999999787, -12.49999999999999645, -22.00000000000000355 ) ) ;
#3348 = CIRCLE ( 'NONE', #1716, 0.5000000000000004441 ) ;
#3349 = ORIENTED_EDGE ( 'NONE', *, *, #2946, .T. ) ;
#3350 = EDGE_CURVE ( 'NONE', #2551, #3285, #4240, .T. ) ;
#3351 = VERTEX_POINT ( 'NONE', #4381 ) ;
#3352 = DIRECTION ( 'NONE',  ( -1.000000000000000000, 0.000000000000000000, 6.505213034913027590E-16 ) ) ;
#3353 = CARTESIAN_POINT ( 'NONE',  ( -10.45822403555044922, -6.299849155788868060, 13.78765255900150777 ) ) ;
#3354 =( BOUNDED_SURFACE ( )  B_SPLINE_SURFACE ( 3, 2, ( 
 ( #462, #531, #4081 ),
 ( #1997, #896, #2264 ),
 ( #171, #964, #4441 ),
 ( #3374, #586, #1321 ),
 ( #2649, #1936, #1974 ),
 ( #2689, #4034, #3356 ),
 ( #1282, #3420, #2671 ),
 ( #4101, #1605, #4486 ),
 ( #1907, #2328, #3768 ),
 ( #548, #4421, #2287 ) ),
 .UNSPECIFIED., .F., .F., .T. ) 
 B_SPLINE_SURFACE_WITH_KNOTS ( ( 4, 2, 2, 2, 4 ),
 ( 3, 3 ),
 ( 0.002087944751830929542, 0.002258860715905171637, 0.002429776679979413732, 0.002600692644053655828, 0.002771608608127897489 ),
 ( 0.000000000000000000, 1.000000000000000000 ),
 .UNSPECIFIED. ) 
 GEOMETRIC_REPRESENTATION_ITEM ( )  RATIONAL_B_SPLINE_SURFACE ( (
 ( 1.000000000000000000, 0.6105379064907838771, 1.000000000000000000),
 ( 1.000000000000000000, 0.5879244389228500678, 1.000000000000000000),
 ( 1.000000000000000000, 0.5650532298375251505, 1.000000000000000000),
 ( 1.000000000000000000, 0.5189647464453553960, 1.000000000000000000),
 ( 1.000000000000000000, 0.4954393220193107350, 1.000000000000000000),
 ( 1.000000000000000000, 0.4519253708310733142, 1.000000000000000000),
 ( 1.000000000000000000, 0.4313715373866425784, 1.000000000000000000),
 ( 1.000000000000000000, 0.4009941994005511989, 1.000000000000000000),
 ( 1.000000000000000000, 0.3911180873342683384, 1.000000000000000000),
 ( 1.000000000000000000, 0.3907311284892749370, 1.000000000000000000) ) ) 
 REPRESENTATION_ITEM ( '' )  SURFACE ( )  );
#3355 = ORIENTED_EDGE ( 'NONE', *, *, #3372, .F. ) ;
#3356 = CARTESIAN_POINT ( 'NONE',  ( -10.36603008290414962, -8.182399194594363934, 15.76026019759689945 ) ) ;
#3357 = ORIENTED_EDGE ( 'NONE', *, *, #1107, .F. ) ;
#3358 = DIRECTION ( 'NONE',  ( -0.000000000000000000, -1.000000000000000000, -0.000000000000000000 ) ) ;
#3359 = DIRECTION ( 'NONE',  ( 0.000000000000000000, 1.000000000000000000, 0.000000000000000000 ) ) ;
#3360 = EDGE_CURVE ( 'NONE', #3273, #518, #975, .T. ) ;
#3361 = LINE ( 'NONE', #199, #2358 ) ;
#3362 = CARTESIAN_POINT ( 'NONE',  ( -12.15000000000000213, -9.595455996185974001, 16.93020514758842410 ) ) ;
#3363 = ORIENTED_EDGE ( 'NONE', *, *, #1138, .F. ) ;
#3364 = CARTESIAN_POINT ( 'NONE',  ( 7.563472112180225082, -12.52640787841149361, 16.82362044815841173 ) ) ;
#3365 = VERTEX_POINT ( 'NONE', #877 ) ;
#3366 = CARTESIAN_POINT ( 'NONE',  ( -7.549999999999998046, -16.69999999999999929, 25.61030066203830913 ) ) ;
#3367 = DIRECTION ( 'NONE',  ( -0.000000000000000000, -1.000000000000000000, -0.000000000000000000 ) ) ;
#3368 = EDGE_LOOP ( 'NONE', ( #1392, #2173, #3795, #30 ) ) ;
#3369 = VERTEX_POINT ( 'NONE', #217 ) ;
#3370 = DIRECTION ( 'NONE',  ( 0.000000000000000000, 1.000000000000000000, 0.000000000000000000 ) ) ;
#3371 = CARTESIAN_POINT ( 'NONE',  ( 10.23049603023491017, -5.730862297103382907, -22.11815573811210811 ) ) ;
#3372 = EDGE_CURVE ( 'NONE', #4033, #3264, #2267, .T. ) ;
#3373 = VERTEX_POINT ( 'NONE', #1938 ) ;
#3374 = CARTESIAN_POINT ( 'NONE',  ( -10.65091079533472929, -7.953264720943374222, 15.88460055627421674 ) ) ;
#3375 = VERTEX_POINT ( 'NONE', #3661 ) ;
#3376 = DIRECTION ( 'NONE',  ( -0.8660254037844398178, 0.000000000000000000, -0.4999999999999979461 ) ) ;
#3377 = EDGE_CURVE ( 'NONE', #1292, #366, #3838, .T. ) ;
#3378 = VECTOR ( 'NONE', #4326, 1000.000000000000000 ) ;
#3379 = CARTESIAN_POINT ( 'NONE',  ( 0.000000000000000000, -5.200000000000010836, -10.49999999999999822 ) ) ;
#3380 = CARTESIAN_POINT ( 'NONE',  ( 10.45822404000375272, -6.299848900659133832, 13.78765227637543411 ) ) ;
#3381 = ORIENTED_EDGE ( 'NONE', *, *, #4535, .F. ) ;
#3382 = EDGE_LOOP ( 'NONE', ( #2975, #2658, #2469, #4297 ) ) ;
#3383 = CARTESIAN_POINT ( 'NONE',  ( -13.64999999999999680, -6.950000000000011724, -14.08867513459481202 ) ) ;
#3384 = ORIENTED_EDGE ( 'NONE', *, *, #1347, .T. ) ;
#3385 = LINE ( 'NONE', #226, #1904 ) ;
#3386 = CARTESIAN_POINT ( 'NONE',  ( 9.485372282482018136, -9.707106781186604749, 17.96098579920803573 ) ) ;
#3387 = MANIFOLD_SOLID_BREP ( 'Move Face7', #971 ) ;
#3388 = AXIS2_PLACEMENT_3D ( 'NONE', #1000, #3123, #316 ) ;
#3389 = VERTEX_POINT ( 'NONE', #4083 ) ;
#3390 = PLANE ( 'NONE',  #4320 ) ;
#3391 = CARTESIAN_POINT ( 'NONE',  ( 9.544610954404632253, -9.494974746830640910, 17.63736291403408885 ) ) ;
#3392 = DIRECTION ( 'NONE',  ( 1.363447906558135361E-16, -0.000000000000000000, 1.000000000000000000 ) ) ;
#3393 = AXIS2_PLACEMENT_3D ( 'NONE', #3834, #2756, #768 ) ;
#3394 = ORIENTED_EDGE ( 'NONE', *, *, #3572, .T. ) ;
#3395 = EDGE_CURVE ( 'NONE', #1078, #3939, #4430, .T. ) ;
#3396 = EDGE_CURVE ( 'NONE', #4549, #2028, #2331, .T. ) ;
#3397 = AXIS2_PLACEMENT_3D ( 'NONE', #1971, #1951, #2935 ) ;
#3398 = CIRCLE ( 'NONE', #2794, 0.2999999999999999334 ) ;
#3399 = DIRECTION ( 'NONE',  ( 1.000000000000000000, -0.000000000000000000, 2.061858463601975203E-16 ) ) ;
#3400 = AXIS2_PLACEMENT_3D ( 'NONE', #4188, #1384, #2095 ) ;
#3401 = ORIENTED_EDGE ( 'NONE', *, *, #814, .F. ) ;
#3402 = FILL_AREA_STYLE ('',( #3749 ) ) ;
#3403 = EDGE_CURVE ( 'NONE', #565, #366, #2312, .T. ) ;
#3404 = PRODUCT_CONTEXT ( 'NONE', #197, 'mechanical' ) ;
#3405 = CARTESIAN_POINT ( 'NONE',  ( 12.15000000000000213, -6.802313515245347553, 13.96021784842020175 ) ) ;
#3406 = DIRECTION ( 'NONE',  ( 0.000000000000000000, 0.000000000000000000, -1.000000000000000000 ) ) ;
#3407 = AXIS2_PLACEMENT_3D ( 'NONE', #3584, #2194, #1172 ) ;
#3408 = CARTESIAN_POINT ( 'NONE',  ( 10.59523085546623022, -5.200000000000010836, -22.13715145843737986 ) ) ;
#3409 = ORIENTED_EDGE ( 'NONE', *, *, #2461, .F. ) ;
#3410 = LINE ( 'NONE', #3803, #1267 ) ;
#3411 = CARTESIAN_POINT ( 'NONE',  ( -11.95141709519055873, -5.382481851295160880, 12.45794518394850670 ) ) ;
#3412 = AXIS2_PLACEMENT_3D ( 'NONE', #4380, #4338, #2266 ) ;
#3413 = DIRECTION ( 'NONE',  ( -0.01745240643728354635, -0.9998476951563911586, 0.000000000000000000 ) ) ;
#3414 = DIRECTION ( 'NONE',  ( 0.000000000000000000, 0.7813101949131537882, 0.6241429157851343668 ) ) ;
#3415 = AXIS2_PLACEMENT_3D ( 'NONE', #3835, #2707, #1029 ) ;
#3416 = CARTESIAN_POINT ( 'NONE',  ( 10.42884923906420269, -7.982730119397233537, 15.60692750119798511 ) ) ;
#3417 = DIRECTION ( 'NONE',  ( 0.000000000000000000, 0.000000000000000000, 1.000000000000000000 ) ) ;
#3418 = AXIS2_PLACEMENT_3D ( 'NONE', #835, #3640, #2629 ) ;
#3419 = EDGE_LOOP ( 'NONE', ( #2432, #2009, #2907, #913 ) ) ;
#3420 = CARTESIAN_POINT ( 'NONE',  ( -10.23498011539162356, -7.821672074773515781, 15.90860383877281592 ) ) ;
#3421 = LINE ( 'NONE', #4554, #904 ) ;
#3422 = DIRECTION ( 'NONE',  ( 0.000000000000000000, 0.000000000000000000, -1.000000000000000000 ) ) ;
#3423 = EDGE_CURVE ( 'NONE', #3351, #1844, #533, .T. ) ;
#3424 = CARTESIAN_POINT ( 'NONE',  ( 12.15680221654958792, -5.558578643762698057, 12.27457856830090144 ) ) ;
#3425 = DIRECTION ( 'NONE',  ( -0.000000000000000000, 1.000000000000000000, -0.000000000000000000 ) ) ;
#3426 = FACE_OUTER_BOUND ( 'NONE', #453, .T. ) ;
#3427 = EDGE_CURVE ( 'NONE', #1213, #985, #1731, .T. ) ;
#3428 = EDGE_CURVE ( 'NONE', #3654, #1155, #4510, .T. ) ;
#3429 = CARTESIAN_POINT ( 'NONE',  ( 10.69888367347563829, -6.982124869514517052, 14.81651003587376181 ) ) ;
#3430 = ORIENTED_EDGE ( 'NONE', *, *, #2872, .F. ) ;
#3431 = CARTESIAN_POINT ( 'NONE',  ( -12.15000000000000036, -9.601945625106312221, 16.70923616478542328 ) ) ;
#3432 = FACE_OUTER_BOUND ( 'NONE', #2473, .T. ) ;
#3433 = DIRECTION ( 'NONE',  ( 0.000000000000000000, 0.000000000000000000, 1.000000000000000000 ) ) ;
#3434 = DIRECTION ( 'NONE',  ( 0.000000000000000000, 0.000000000000000000, 1.000000000000000000 ) ) ;
#3435 = LINE ( 'NONE', #4546, #4378 ) ;
#3436 = CARTESIAN_POINT ( 'NONE',  ( -7.249999999999997335, -12.50000000000001066, 27.00000000000000355 ) ) ;
#3437 = DIRECTION ( 'NONE',  ( -0.000000000000000000, -1.000000000000000000, -0.000000000000000000 ) ) ;
#3438 = ORIENTED_EDGE ( 'NONE', *, *, #2179, .F. ) ;
#3439 = CARTESIAN_POINT ( 'NONE',  ( -10.42952924663998893, -7.943772511471870246, 15.58157060627143586 ) ) ;
#3440 = CARTESIAN_POINT ( 'NONE',  ( -10.67396142659912783, -5.200000000000010836, -21.82403757902093133 ) ) ;
#3441 = DIRECTION ( 'NONE',  ( -0.8660254037844383745, 0.000000000000000000, -0.5000000000000003331 ) ) ;
#3442 = CARTESIAN_POINT ( 'NONE',  ( 7.634831460674160297, -16.69999999999999929, 25.89805684925223161 ) ) ;
#3443 = DIRECTION ( 'NONE',  ( -0.4999999999999981126, -0.8660254037844397068, 0.000000000000000000 ) ) ;
#3444 = CARTESIAN_POINT ( 'NONE',  ( 11.93855100110222622, -8.044528275048538291, 15.43437364207852625 ) ) ;
#3445 = CARTESIAN_POINT ( 'NONE',  ( 10.71496903991379490, -6.161917841489141345, 13.91719395696478934 ) ) ;
#3446 = EDGE_CURVE ( 'NONE', #2690, #1968, #4194, .T. ) ;
#3447 = ORIENTED_EDGE ( 'NONE', *, *, #3912, .F. ) ;
#3448 = CARTESIAN_POINT ( 'NONE',  ( 11.96969696969697061, -9.574892384934830858, 17.00865962662715347 ) ) ;
#3449 = CARTESIAN_POINT ( 'NONE',  ( -10.03110706658982387, -13.57975736982441894, -21.68110706658982068 ) ) ;
#3450 = VERTEX_POINT ( 'NONE', #335 ) ;
#3451 = EDGE_CURVE ( 'NONE', #1725, #3330, #2719, .T. ) ;
#3452 = CARTESIAN_POINT ( 'NONE',  ( -7.549999999999998046, -14.50000000000001066, 25.61030066203830913 ) ) ;
#3453 = CARTESIAN_POINT ( 'NONE',  ( 10.25939288115325354, -8.256936133370050612, 16.06160488095588335 ) ) ;
#3454 = CARTESIAN_POINT ( 'NONE',  ( 10.46547005383791706, -5.400000000000010125, -22.23024303063488816 ) ) ;
#3455 = ORIENTED_EDGE ( 'NONE', *, *, #3883, .T. ) ;
#3456 = AXIS2_PLACEMENT_3D ( 'NONE', #4112, #953, #3802 ) ;
#3457 = CARTESIAN_POINT ( 'NONE',  ( 11.94763723614615714, -5.458094398092683264, 12.54509989680543924 ) ) ;
#3458 = CARTESIAN_POINT ( 'NONE',  ( -10.46547005383791529, -5.200000000000010836, -22.23024303063489171 ) ) ;
#3459 = CARTESIAN_POINT ( 'NONE',  ( -10.08221126397094025, -5.663823696497617632, -22.15241571883736071 ) ) ;
#3460 = CARTESIAN_POINT ( 'NONE',  ( 6.366283142591593780, -12.50000000000001066, -23.80000000000000071 ) ) ;
#3461 = CARTESIAN_POINT ( 'NONE',  ( 14.05849364905389010, -5.999999999999991118, -22.69813067797204909 ) ) ;
#3462 = VECTOR ( 'NONE', #2880, 1000.000000000000114 ) ;
#3463 = VECTOR ( 'NONE', #2484, 1000.000000000000114 ) ;
#3464 = AXIS2_PLACEMENT_3D ( 'NONE', #2771, #956, #3827 ) ;
#3465 = VERTEX_POINT ( 'NONE', #1057 ) ;
#3466 = AXIS2_PLACEMENT_3D ( 'NONE', #4163, #1007, #603 ) ;
#3467 =( BOUNDED_CURVE ( )  B_SPLINE_CURVE ( 3, ( #1730, #1416, #3136, #3460 ),
 .UNSPECIFIED., .F., .F. ) 
 B_SPLINE_CURVE_WITH_KNOTS ( ( 4, 4 ),
 ( 0.000000000000000000, 1.570796326794892783 ),
 .UNSPECIFIED. ) 
 CURVE ( )  GEOMETRIC_REPRESENTATION_ITEM ( )  RATIONAL_B_SPLINE_CURVE ( ( 1.000000000000000000, 0.8047378541243658256, 0.8047378541243658256, 1.000000000000000000 ) ) 
 REPRESENTATION_ITEM ( '' )  );
#3468 = DIRECTION ( 'NONE',  ( 0.000000000000000000, 0.000000000000000000, 1.000000000000000000 ) ) ;
#3469 = DIRECTION ( 'NONE',  ( -0.1284668894941705108, 0.6239297338944622684, -0.7708488473534085283 ) ) ;
#3470 = DIRECTION ( 'NONE',  ( -2.061858463601975203E-16, -0.000000000000000000, 1.000000000000000000 ) ) ;
#3471 = VECTOR ( 'NONE', #1326, 1000.000000000000000 ) ;
#3472 = ORIENTED_EDGE ( 'NONE', *, *, #3176, .T. ) ;
#3473 = CARTESIAN_POINT ( 'NONE',  ( 13.74999999999999645, -5.200000000000010836, -13.91547005383792524 ) ) ;
#3474 = CARTESIAN_POINT ( 'NONE',  ( 14.14999999999999858, -6.950000000000011724, 2.500000000000000888 ) ) ;
#3475 = DIRECTION ( 'NONE',  ( 0.000000000000000000, 1.000000000000000000, 0.000000000000000000 ) ) ;
#3476 = EDGE_CURVE ( 'NONE', #4317, #2221, #1908, .T. ) ;
#3477 = EDGE_CURVE ( 'NONE', #1262, #1998, #4400, .T. ) ;
#3478 = LINE ( 'NONE', #2408, #2594 ) ;
#3479 = DIRECTION ( 'NONE',  ( 2.930988785010413267E-14, 0.000000000000000000, 1.000000000000000000 ) ) ;
#3480 = DIRECTION ( 'NONE',  ( -0.8660254037844383745, -0.000000000000000000, 0.5000000000000003331 ) ) ;
#3481 = CYLINDRICAL_SURFACE ( 'NONE', #2798, 0.5000000000000004441 ) ;
#3482 = VECTOR ( 'NONE', #1742, 1000.000000000000000 ) ;
#3483 = ADVANCED_FACE ( 'NONE', ( #1684 ), #2811, .T. ) ;
#3484 = ORIENTED_EDGE ( 'NONE', *, *, #4449, .T. ) ;
#3485 = AXIS2_PLACEMENT_3D ( 'NONE', #2256, #3425, #2353 ) ;
#3486 = CARTESIAN_POINT ( 'NONE',  ( 10.67396142659912606, -5.200000000000010836, -21.98833493005069784 ) ) ;
#3487 = DIRECTION ( 'NONE',  ( 1.000000000000000000, 0.000000000000000000, 0.000000000000000000 ) ) ;
#3488 = CARTESIAN_POINT ( 'NONE',  ( 11.85000000000000142, -5.200000000000010836, 2.800000000000002043 ) ) ;
#3489 = VERTEX_POINT ( 'NONE', #3157 ) ;
#3490 = DIRECTION ( 'NONE',  ( 0.4999999999999978906, 0.000000000000000000, 0.8660254037844398178 ) ) ;
#3491 = CIRCLE ( 'NONE', #617, 0.2000000000000000944 ) ;
#3492 = ORIENTED_EDGE ( 'NONE', *, *, #336, .T. ) ;
#3493 = FACE_OUTER_BOUND ( 'NONE', #4539, .T. ) ;
#3494 = DIRECTION ( 'NONE',  ( -0.01181714442706120576, 0.6770037508129334025, -0.7358846896646304980 ) ) ;
#3495 = FACE_OUTER_BOUND ( 'NONE', #3946, .T. ) ;
#3496 = VERTEX_POINT ( 'NONE', #2414 ) ;
#3497 = EDGE_CURVE ( 'NONE', #1882, #4054, #1111, .T. ) ;
#3498 = CARTESIAN_POINT ( 'NONE',  ( 12.40000000000000213, -5.500000000000011546, 11.92376043070339975 ) ) ;
#3499 = CARTESIAN_POINT ( 'NONE',  ( -9.257779350884186798, -9.591781657344496281, 16.35472816745588531 ) ) ;
#3500 = CARTESIAN_POINT ( 'NONE',  ( -11.85000000000000142, -9.565685424949293747, 16.66967721593322693 ) ) ;
#3501 = DIRECTION ( 'NONE',  ( 0.000000000000000000, 0.000000000000000000, 1.000000000000000000 ) ) ;
#3502 = VERTEX_POINT ( 'NONE', #3511 ) ;
#3503 = DIRECTION ( 'NONE',  ( 0.000000000000000000, 0.000000000000000000, 1.000000000000000000 ) ) ;
#3504 = CARTESIAN_POINT ( 'NONE',  ( 10.70464758765131030, -6.690286419702184517, 14.49444329465309877 ) ) ;
#3505 = DIRECTION ( 'NONE',  ( -0.5000000000000001110, 0.8660254037844385966, 0.000000000000000000 ) ) ;
#3506 = EDGE_LOOP ( 'NONE', ( #3529, #2937, #3989, #2618 ) ) ;
#3507 = ADVANCED_FACE ( 'NONE', ( #3113 ), #2575, .T. ) ;
#3508 = DIRECTION ( 'NONE',  ( -0.9322125145085438103, 2.175181806941164392E-12, -0.3619113535020117012 ) ) ;
#3509 = EDGE_LOOP ( 'NONE', ( #1421, #2670, #3629, #1570 ) ) ;
#3510 = CARTESIAN_POINT ( 'NONE',  ( 10.69565831163036407, -5.200000000000010836, 12.78333471013296752 ) ) ;
#3511 = CARTESIAN_POINT ( 'NONE',  ( -12.24999999999999822, -5.200000000000010836, -13.04944465005348597 ) ) ;
#3512 = CARTESIAN_POINT ( 'NONE',  ( -10.31034787501719308, -8.115514777125566681, 16.19352754238407144 ) ) ;
#3513 = EDGE_LOOP ( 'NONE', ( #785, #4341, #691, #2631 ) ) ;
#3514 = ADVANCED_FACE ( 'NONE', ( #260 ), #3792, .T. ) ;
#3515 = ORIENTED_EDGE ( 'NONE', *, *, #4117, .T. ) ;
#3516 = DIRECTION ( 'NONE',  ( 0.000000000000000000, 1.000000000000000000, 0.000000000000000000 ) ) ;
#3517 = DIRECTION ( 'NONE',  ( -0.4923539030666295169, 0.8527819754162518917, -0.1742140537965041480 ) ) ;
#3518 = B_SPLINE_CURVE_WITH_KNOTS ( 'NONE', 3,
 ( #669, #2695, #3431, #4179 ),
 .UNSPECIFIED., .F., .F.,
 ( 4, 4 ),
 ( 0.000000000000000000, 0.0001607790648963708835 ),
 .UNSPECIFIED. ) ;
#3519 = ORIENTED_EDGE ( 'NONE', *, *, #2606, .F. ) ;
#3520 = CARTESIAN_POINT ( 'NONE',  ( 10.46547005383791706, -5.400000000000011013, -23.50000000000000000 ) ) ;
#3521 = CARTESIAN_POINT ( 'NONE',  ( -7.792086060030878336, -12.62041216510141517, 18.47038824097930743 ) ) ;
#3522 = CARTESIAN_POINT ( 'NONE',  ( 11.91714574554362649, -5.199999999999902478, 12.03595442721018038 ) ) ;
#3523 = ORIENTED_EDGE ( 'NONE', *, *, #845, .F. ) ;
#3524 = CARTESIAN_POINT ( 'NONE',  ( -11.91714574554355011, -5.200000000000010836, 12.03595442721022302 ) ) ;
#3525 = ORIENTED_EDGE ( 'NONE', *, *, #1103, .T. ) ;
#3526 = SPHERICAL_SURFACE ( 'NONE', #2729, 0.2000000000000000111 ) ;
#3527 = DIRECTION ( 'NONE',  ( 0.8660254037844395958, -0.000000000000000000, 0.4999999999999983347 ) ) ;
#3528 = CARTESIAN_POINT ( 'NONE',  ( -14.14999999999999858, -6.950000000000011724, -22.64529946162074836 ) ) ;
#3529 = ORIENTED_EDGE ( 'NONE', *, *, #934, .F. ) ;
#3530 = CARTESIAN_POINT ( 'NONE',  ( -7.634831460674155856, -16.69999999999999929, 25.89805684925222806 ) ) ;
#3531 = DIRECTION ( 'NONE',  ( -0.000000000000000000, -1.000000000000000000, -0.000000000000000000 ) ) ;
#3532 = VERTEX_POINT ( 'NONE', #3815 ) ;
#3533 = DIRECTION ( 'NONE',  ( 0.000000000000000000, 0.000000000000000000, -1.000000000000000000 ) ) ;
#3534 = CARTESIAN_POINT ( 'NONE',  ( 10.67588132324112138, -7.882584065457422184, 15.79823974235710438 ) ) ;
#3535 = EDGE_CURVE ( 'NONE', #1053, #344, #3895, .T. ) ;
#3536 = EDGE_CURVE ( 'NONE', #1964, #1053, #299, .T. ) ;
#3537 = ORIENTED_EDGE ( 'NONE', *, *, #3912, .T. ) ;
#3538 = CARTESIAN_POINT ( 'NONE',  ( -10.47399188756785016, -5.396509518712552911, 12.73659050946309179 ) ) ;
#3539 = AXIS2_PLACEMENT_3D ( 'NONE', #27, #421, #4260 ) ;
#3540 = ORIENTED_EDGE ( 'NONE', *, *, #2434, .F. ) ;
#3541 = CARTESIAN_POINT ( 'NONE',  ( 9.590040606654715916, -9.353553390593331684, 17.77128881405509020 ) ) ;
#3542 = CARTESIAN_POINT ( 'NONE',  ( -10.35000000000000142, -12.49999999999999467, 15.52708456944178472 ) ) ;
#3543 = EDGE_CURVE ( 'NONE', #1964, #4213, #2237, .T. ) ;
#3544 = AXIS2_PLACEMENT_3D ( 'NONE', #938, #2319, #643 ) ;
#3545 = EDGE_LOOP ( 'NONE', ( #2033, #1961, #2490, #4144 ) ) ;
#3546 =( GEOMETRIC_REPRESENTATION_CONTEXT ( 3 ) GLOBAL_UNCERTAINTY_ASSIGNED_CONTEXT ( ( #3191 ) ) GLOBAL_UNIT_ASSIGNED_CONTEXT ( ( #1475, #3899, #787 ) ) REPRESENTATION_CONTEXT ( 'NONE', 'WORKASPACE' ) );
#3547 = LINE ( 'NONE', #2130, #2140 ) ;
#3548 = AXIS2_PLACEMENT_3D ( 'NONE', #256, #3788, #118 ) ;
#3549 = CARTESIAN_POINT ( 'NONE',  ( 8.132315294984055143, -11.54114258425607176, 18.12518617639208074 ) ) ;
#3550 = CARTESIAN_POINT ( 'NONE',  ( -6.364267912280684669, -12.49999999999999467, -22.00000000000000355 ) ) ;
#3551 = VECTOR ( 'NONE', #2084, 1000.000000000000114 ) ;
#3552 = ORIENTED_EDGE ( 'NONE', *, *, #1889, .T. ) ;
#3553 = PLANE ( 'NONE',  #2822 ) ;
#3554 = EDGE_CURVE ( 'NONE', #2862, #390, #3167, .T. ) ;
#3555 = FACE_OUTER_BOUND ( 'NONE', #1816, .T. ) ;
#3556 = CARTESIAN_POINT ( 'NONE',  ( -10.73114418875766418, -5.346446609406741324, 13.01342907219199141 ) ) ;
#3557 = CARTESIAN_POINT ( 'NONE',  ( -11.93855155538479451, -8.044334552868596333, 15.43416205439699773 ) ) ;
#3558 = EDGE_LOOP ( 'NONE', ( #10, #3192, #4224, #1196 ) ) ;
#3559 = CARTESIAN_POINT ( 'NONE',  ( -9.339394668681602951, -9.450419780243496604, 17.70676951785481634 ) ) ;
#3560 = AXIS2_PLACEMENT_3D ( 'NONE', #1992, #2015, #922 ) ;
#3561 = CARTESIAN_POINT ( 'NONE',  ( -13.84999999999999964, -5.500000000000010658, 3.000000000000001332 ) ) ;
#3562 = VERTEX_POINT ( 'NONE', #2410 ) ;
#3563 = VECTOR ( 'NONE', #4037, 1000.000000000000000 ) ;
#3564 = ORIENTED_EDGE ( 'NONE', *, *, #3535, .T. ) ;
#3565 = CARTESIAN_POINT ( 'NONE',  ( 10.46547005383791706, -5.200000000000010836, -22.23024303063488816 ) ) ;
#3566 = CIRCLE ( 'NONE', #2973, 0.2999999999999999334 ) ;
#3567 = CARTESIAN_POINT ( 'NONE',  ( -9.248931386510712116, -9.607106781182915611, 17.77124589387928211 ) ) ;
#3568 = EDGE_LOOP ( 'NONE', ( #563, #205, #3322, #1773 ) ) ;
#3569 = EDGE_CURVE ( 'NONE', #1805, #1163, #1700, .T. ) ;
#3570 = CARTESIAN_POINT ( 'NONE',  ( 10.42952924663998537, -7.943772511471866693, 15.58157060627144119 ) ) ;
#3571 = DIRECTION ( 'NONE',  ( 1.000000000000000000, 0.000000000000000000, 0.000000000000000000 ) ) ;
#3572 = EDGE_CURVE ( 'NONE', #3369, #1725, #4406, .T. ) ;
#3573 = FACE_OUTER_BOUND ( 'NONE', #123, .T. ) ;
#3574 = EDGE_LOOP ( 'NONE', ( #1800, #2308, #2945, #618, #3925, #3748, #62, #2263 ) ) ;
#3575 = LINE ( 'NONE', #3250, #1408 ) ;
#3576 = DIRECTION ( 'NONE',  ( 0.000000000000000000, -0.000000000000000000, 1.000000000000000000 ) ) ;
#3577 = EDGE_LOOP ( 'NONE', ( #1320, #286, #1184, #248 ) ) ;
#3578 = EDGE_CURVE ( 'NONE', #549, #4110, #912, .T. ) ;
#3579 = DIRECTION ( 'NONE',  ( 0.000000000000000000, -0.000000000000000000, 1.000000000000000000 ) ) ;
#3580 = CARTESIAN_POINT ( 'NONE',  ( -10.68462630206357922, -7.715612302629073049, 15.61438365179982135 ) ) ;
#3581 = CARTESIAN_POINT ( 'NONE',  ( -10.29226496929187995, -5.300000006563007737, -23.52625327276596678 ) ) ;
#3582 = EDGE_LOOP ( 'NONE', ( #1486, #3564, #3552, #144, #2311, #2517 ) ) ;
#3583 = DIRECTION ( 'NONE',  ( 0.000000000000000000, 1.000000000000000000, 0.000000000000000000 ) ) ;
#3584 = CARTESIAN_POINT ( 'NONE',  ( 12.65000000000000213, 17.00105930301486623, 12.35677313259562382 ) ) ;
#3585 = ORIENTED_EDGE ( 'NONE', *, *, #1379, .F. ) ;
#3586 = DIRECTION ( 'NONE',  ( -1.000000000000000000, 0.000000000000000000, -6.505213034913027590E-16 ) ) ;
#3587 = VERTEX_POINT ( 'NONE', #4121 ) ;
#3588 = ORIENTED_EDGE ( 'NONE', *, *, #1607, .T. ) ;
#3589 = ORIENTED_EDGE ( 'NONE', *, *, #3602, .F. ) ;
#3590 = CARTESIAN_POINT ( 'NONE',  ( 10.15761360547726078, -12.52733736079479421, 15.80657661833877903 ) ) ;
#3591 = DIRECTION ( 'NONE',  ( -0.8660254037844405950, -0.4999999999999966693, 0.000000000000000000 ) ) ;
#3592 = CARTESIAN_POINT ( 'NONE',  ( -6.109663765195902485, -12.54447779985604683, -22.19750859623161077 ) ) ;
#3593 = DIRECTION ( 'NONE',  ( -0.4999999999999983347, 0.000000000000000000, 0.8660254037844395958 ) ) ;
#3594 = EDGE_CURVE ( 'NONE', #1311, #2862, #1495, .T. ) ;
#3595 = EDGE_LOOP ( 'NONE', ( #4379, #1448, #1329, #135 ) ) ;
#3596 = CARTESIAN_POINT ( 'NONE',  ( -3.500000000000000000, -15.00000000000001421, 10.52693615844911257 ) ) ;
#3597 = LINE ( 'NONE', #64, #1224 ) ;
#3598 = CARTESIAN_POINT ( 'NONE',  ( -7.249999999999997335, -14.50000000000001066, 25.61030066203830913 ) ) ;
#3599 = CARTESIAN_POINT ( 'NONE',  ( -10.47345911936885621, -5.427031788391023071, 12.82128031676458058 ) ) ;
#3600 = DIRECTION ( 'NONE',  ( -1.961181171427461100E-16, 0.000000000000000000, -1.000000000000000000 ) ) ;
#3601 = ORIENTED_EDGE ( 'NONE', *, *, #2624, .F. ) ;
#3602 = EDGE_CURVE ( 'NONE', #366, #2634, #3085, .T. ) ;
#3603 = CARTESIAN_POINT ( 'NONE',  ( 12.06961524227066640, -5.200000000000010836, -23.50000000000000000 ) ) ;
#3604 = CARTESIAN_POINT ( 'NONE',  ( -10.46407078921473577, -8.115514777132695201, 16.13389341834432500 ) ) ;
#3605 = ORIENTED_EDGE ( 'NONE', *, *, #962, .T. ) ;
#3606 = EDGE_LOOP ( 'NONE', ( #1192, #423, #1717, #4124, #512, #1768, #3585, #348 ) ) ;
#3607 = EDGE_LOOP ( 'NONE', ( #1273, #3003, #605, #1404 ) ) ;
#3608 = DIRECTION ( 'NONE',  ( 0.8125314260817289025, -0.000000000000000000, 0.5829173883403994116 ) ) ;
#3609 = CARTESIAN_POINT ( 'NONE',  ( 0.000000000000000000, -8.253445652082413986, -10.49999999999999822 ) ) ;
#3610 = B_SPLINE_CURVE_WITH_KNOTS ( 'NONE', 3,
 ( #473, #3604, #825, #425, #1813, #1492, #446, #1152 ),
 .UNSPECIFIED., .F., .F.,
 ( 4, 2, 2, 4 ),
 ( 4.737826525552786913E-05, 0.0003980996191016713615, 0.0005734602960247482542, 0.0007488209729478252554 ),
 .UNSPECIFIED. ) ;
#3611 = AXIS2_PLACEMENT_3D ( 'NONE', #1593, #3716, #4368 ) ;
#3612 = ORIENTED_EDGE ( 'NONE', *, *, #1603, .F. ) ;
#3613 = CARTESIAN_POINT ( 'NONE',  ( 6.364267912280689110, -12.49999999999999645, -22.00000000000000355 ) ) ;
#3614 = CARTESIAN_POINT ( 'NONE',  ( 12.15000000000000036, -9.707106781186604749, 16.73357303036088339 ) ) ;
#3615 = CARTESIAN_POINT ( 'NONE',  ( -10.29485797038549322, -5.548273964701646577, -22.10197946746987796 ) ) ;
#3616 = PRESENTATION_LAYER_ASSIGNMENT (  '', '', ( #1556 ) ) ;
#3617 = ORIENTED_EDGE ( 'NONE', *, *, #1804, .T. ) ;
#3619 = B_SPLINE_CURVE_WITH_KNOTS ( 'NONE', 3,
 ( #1248, #2628, #2291, #2673, #4443, #3332, #4038 ),
 .UNSPECIFIED., .F., .F.,
 ( 4, 3, 4 ),
 ( 0.0003481728243791319612, 0.002543634354093734281, 0.004905420080917985599 ),
 .UNSPECIFIED. ) ;
#3618 = CIRCLE ( 'NONE', #2219, 0.3000000000000007105 ) ;
#3620 =( BOUNDED_CURVE ( )  B_SPLINE_CURVE ( 3, ( #1866, #2532, #1465, #2863 ),
 .UNSPECIFIED., .F., .F. ) 
 B_SPLINE_CURVE_WITH_KNOTS ( ( 4, 4 ),
 ( 4.080201066060888060, 4.702412141616478358 ),
 .UNSPECIFIED. ) 
 CURVE ( )  GEOMETRIC_REPRESENTATION_ITEM ( )  RATIONAL_B_SPLINE_CURVE ( ( 1.000000000000000000, 0.9679971560865572311, 0.9679971560865572311, 1.000000000000000000 ) ) 
 REPRESENTATION_ITEM ( '' )  );
#3621 = DIRECTION ( 'NONE',  ( 0.000000000000000000, 0.000000000000000000, 1.000000000000000000 ) ) ;
#3622 = EDGE_LOOP ( 'NONE', ( #2170, #1085, #4274, #704, #1757 ) ) ;
#3623 = DIRECTION ( 'NONE',  ( 0.000000000000000000, -0.000000000000000000, 1.000000000000000000 ) ) ;
#3624 = CARTESIAN_POINT ( 'NONE',  ( 7.799403591503453193, -12.50000000000001243, 18.46849186016594047 ) ) ;
#3625 = ADVANCED_FACE ( 'NONE', ( #628 ), #655, .T. ) ;
#3626 = CARTESIAN_POINT ( 'NONE',  ( -13.64999999999999858, -6.000000000000023981, 2.500000000000001332 ) ) ;
#3627 = VECTOR ( 'NONE', #48, 1000.000000000000000 ) ;
#3628 = B_SPLINE_CURVE_WITH_KNOTS ( 'NONE', 3,
 ( #2622, #2643, #4078, #1619, #3020, #4437, #1279, #2667, #4099, #2726 ),
 .UNSPECIFIED., .F., .F.,
 ( 4, 3, 3, 4 ),
 ( 0.000000000000000000, 0.0006000000000008180864, 0.003000000000101927210, 0.004247511403331826960 ),
 .UNSPECIFIED. ) ;
#3629 = ORIENTED_EDGE ( 'NONE', *, *, #4059, .T. ) ;
#3630 = LINE ( 'NONE', #2482, #2309 ) ;
#3631 = CARTESIAN_POINT ( 'NONE',  ( -8.567025472359782512, -11.07957398063440024, 16.40632804325979421 ) ) ;
#3632 = EDGE_CURVE ( 'NONE', #3950, #54, #2065, .T. ) ;
#3633 = DIRECTION ( 'NONE',  ( 0.000000000000000000, 1.000000000000000000, 0.000000000000000000 ) ) ;
#3634 = ADVANCED_FACE ( 'NONE', ( #326 ), #1723, .F. ) ;
#3635 = ORIENTED_EDGE ( 'NONE', *, *, #607, .T. ) ;
#3636 = VECTOR ( 'NONE', #3152, 1000.000000000000000 ) ;
#3637 = VERTEX_POINT ( 'NONE', #2327 ) ;
#3638 = LINE ( 'NONE', #193, #3563 ) ;
#3639 = CARTESIAN_POINT ( 'NONE',  ( -9.270701380827704341, -9.569400044945403749, 18.03253052484661367 ) ) ;
#3640 = DIRECTION ( 'NONE',  ( 0.000000000000000000, 1.000000000000000000, 0.000000000000000000 ) ) ;
#3641 = VECTOR ( 'NONE', #3929, 1000.000000000000000 ) ;
#3642 = ADVANCED_FACE ( 'NONE', ( #881 ), #4040, .T. ) ;
#3643 = VECTOR ( 'NONE', #719, 1000.000000000000227 ) ;
#3644 = AXIS2_PLACEMENT_3D ( 'NONE', #456, #3359, #108 ) ;
#3645 = CARTESIAN_POINT ( 'NONE',  ( -12.16479556752590696, -5.522705879056869271, 12.23600116418790584 ) ) ;
#3646 = CARTESIAN_POINT ( 'NONE',  ( 10.23272644311155055, -8.253445652082588069, 15.85749211946089687 ) ) ;
#3647 = AXIS2_PLACEMENT_3D ( 'NONE', #650, #1357, #2034 ) ;
#3648 = ORIENTED_EDGE ( 'NONE', *, *, #2941, .T. ) ;
#3649 = CARTESIAN_POINT ( 'NONE',  ( 8.396205083282637816, -11.08407206333002826, 16.46122112486925815 ) ) ;
#3650 = EDGE_LOOP ( 'NONE', ( #2992, #2696, #4561, #3311 ) ) ;
#3651 = DIRECTION ( 'NONE',  ( 0.000000000000000000, -0.6757026583943221976, 0.7371742788776926014 ) ) ;
#3652 = CARTESIAN_POINT ( 'NONE',  ( 7.578718707889822603, -12.50000000000000888, 18.27407996053067407 ) ) ;
#3653 = LINE ( 'NONE', #1925, #978 ) ;
#3654 = VERTEX_POINT ( 'NONE', #909 ) ;
#3655 =( BOUNDED_SURFACE ( )  B_SPLINE_SURFACE ( 3, 2, ( 
 ( #3684, #1270, #4041 ),
 ( #2586, #2314, #911 ),
 ( #839, #3362, #1528 ),
 ( #2250, #132, #3010 ) ),
 .UNSPECIFIED., .F., .F., .F. ) 
 B_SPLINE_SURFACE_WITH_KNOTS ( ( 4, 4 ),
 ( 3, 3 ),
 ( 0.000000000000000000, 0.0001588563754206907081 ),
 ( 0.000000000000000000, 1.000000000000000000 ),
 .UNSPECIFIED. ) 
 GEOMETRIC_REPRESENTATION_ITEM ( )  RATIONAL_B_SPLINE_SURFACE ( (
 ( 1.000000000000000000, 0.8008389405891399582, 1.000000000000000000),
 ( 1.000000000000000000, 0.8232512026694319696, 1.000000000000000000),
 ( 1.000000000000000000, 0.8364359897923759890, 1.000000000000000000),
 ( 1.000000000000000000, 0.8363581466662161068, 1.000000000000000000) ) ) 
 REPRESENTATION_ITEM ( '' )  SURFACE ( )  );
#3656 = CARTESIAN_POINT ( 'NONE',  ( 10.23452994616206624, -5.400000000000011902, -23.60000000000000142 ) ) ;
#3657 = CARTESIAN_POINT ( 'NONE',  ( -14.14999999999999680, -6.950000000000011724, -13.79999999999999893 ) ) ;
#3658 = ORIENTED_EDGE ( 'NONE', *, *, #3679, .T. ) ;
#3659 = ADVANCED_FACE ( 'NONE', ( #2249 ), #3710, .T. ) ;
#3660 = ORIENTED_EDGE ( 'NONE', *, *, #2742, .F. ) ;
#3661 = CARTESIAN_POINT ( 'NONE',  ( 14.14999999999999858, -5.500000000000011546, -22.35662432702594060 ) ) ;
#3662 = DIRECTION ( 'NONE',  ( 0.000000000000000000, 1.000000000000000000, 0.000000000000000000 ) ) ;
#3663 = ADVANCED_FACE ( 'NONE', ( #3682 ), #2141, .T. ) ;
#3664 = CARTESIAN_POINT ( 'NONE',  ( -6.366283142591596445, -12.50000000000001066, -23.80000000000000071 ) ) ;
#3665 = VECTOR ( 'NONE', #660, 999.9999999999998863 ) ;
#3666 = EDGE_LOOP ( 'NONE', ( #2439, #1811, #4136, #3212 ) ) ;
#3667 = CARTESIAN_POINT ( 'NONE',  ( -6.366283142591596445, -12.50000000000001066, -23.80000000000000071 ) ) ;
#3668 = VERTEX_POINT ( 'NONE', #4344 ) ;
#3669 = CARTESIAN_POINT ( 'NONE',  ( 14.14999999999999680, -11.28539094912924234, -16.54225568711645522 ) ) ;
#3670 = CYLINDRICAL_SURFACE ( 'NONE', #2951, 0.2999999999999999334 ) ;
#3671 = CARTESIAN_POINT ( 'NONE',  ( -10.41765408769903445, -8.079716561877974712, 15.67387120419708957 ) ) ;
#3672 = B_SPLINE_CURVE_WITH_KNOTS ( 'NONE', 3,
 ( #3457, #1478, #2544, #1028 ),
 .UNSPECIFIED., .F., .F.,
 ( 4, 4 ),
 ( 0.000000000000000000, 0.0001730923533983169465 ),
 .UNSPECIFIED. ) ;
#3673 = ORIENTED_EDGE ( 'NONE', *, *, #506, .F. ) ;
#3674 = CARTESIAN_POINT ( 'NONE',  ( -12.15000000000000036, -5.670226432448636444, 12.35677313259561672 ) ) ;
#3675 = DIRECTION ( 'NONE',  ( 0.000000000000000000, 0.000000000000000000, 1.000000000000000000 ) ) ;
#3676 = ORIENTED_EDGE ( 'NONE', *, *, #584, .T. ) ;
#3677 = CARTESIAN_POINT ( 'NONE',  ( 12.15000000000000036, -5.670226432448643550, 12.35677313259562382 ) ) ;
#3678 = SURFACE_SIDE_STYLE ('',( #2605 ) ) ;
#3679 = EDGE_CURVE ( 'NONE', #1453, #1550, #4300, .T. ) ;
#3680 = ADVANCED_FACE ( 'NONE', ( #2585 ), #838, .T. ) ;
#3681 = LINE ( 'NONE', #196, #3269 ) ;
#3682 = FACE_OUTER_BOUND ( 'NONE', #3699, .T. ) ;
#3683 = ADVANCED_FACE ( 'NONE', ( #2295 ), #1250, .T. ) ;
#3684 = CARTESIAN_POINT ( 'NONE',  ( -12.15000000000000036, -9.565685424949293747, 16.66967721593322693 ) ) ;
#3685 = VERTEX_POINT ( 'NONE', #2226 ) ;
#3686 = EDGE_LOOP ( 'NONE', ( #1046, #2614, #919, #181 ) ) ;
#3687 = LINE ( 'NONE', #3343, #1195 ) ;
#3688 = ORIENTED_EDGE ( 'NONE', *, *, #902, .F. ) ;
#3689 = LINE ( 'NONE', #4046, #2082 ) ;
#3690 = FACE_OUTER_BOUND ( 'NONE', #4527, .T. ) ;
#3691 = CARTESIAN_POINT ( 'NONE',  ( 12.14999999999999858, -5.500000000000011546, -23.80000000000000071 ) ) ;
#3692 = AXIS2_PLACEMENT_3D ( 'NONE', #2914, #2887, #2196 ) ;
#3693 = VECTOR ( 'NONE', #4519, 1000.000000000000114 ) ;
#3694 = VERTEX_POINT ( 'NONE', #1269 ) ;
#3695 = AXIS2_PLACEMENT_3D ( 'NONE', #2985, #927, #3027 ) ;
#3696 = ORIENTED_EDGE ( 'NONE', *, *, #4108, .F. ) ;
#3697 = PLANE ( 'NONE',  #930 ) ;
#3698 = DIRECTION ( 'NONE',  ( 0.000000000000000000, 0.000000000000000000, -1.000000000000000000 ) ) ;
#3699 = EDGE_LOOP ( 'NONE', ( #1917, #3357, #3982, #4241 ) ) ;
#3700 = AXIS2_PLACEMENT_3D ( 'NONE', #2380, #3119, #4106 ) ;
#3701 = ORIENTED_EDGE ( 'NONE', *, *, #3229, .F. ) ;
#3702 = ADVANCED_FACE ( 'NONE', ( #1941 ), #2562, .F. ) ;
#3703 = AXIS2_PLACEMENT_3D ( 'NONE', #1017, #242, #2767 ) ;
#3704 = CARTESIAN_POINT ( 'NONE',  ( 0.000000000000000000, -12.49999999999999645, -10.49999999999999822 ) ) ;
#3705 = ORIENTED_EDGE ( 'NONE', *, *, #2768, .T. ) ;
#3706 = CYLINDRICAL_SURFACE ( 'NONE', #2731, 0.5000000000000004441 ) ;
#3707 = DIRECTION ( 'NONE',  ( 0.000000000000000000, 0.000000000000000000, -1.000000000000000000 ) ) ;
#3708 = ORIENTED_EDGE ( 'NONE', *, *, #788, .F. ) ;
#3709 = CIRCLE ( 'NONE', #612, 0.3000000000000016542 ) ;
#3710 = SPHERICAL_SURFACE ( 'NONE', #3025, 0.2000000000000000111 ) ;
#3711 = CARTESIAN_POINT ( 'NONE',  ( -10.67396142659912783, -5.200000000000010836, 12.65068362120861600 ) ) ;
#3712 = EDGE_LOOP ( 'NONE', ( #233, #2322, #4264, #2280 ) ) ;
#3713 = AXIS2_PLACEMENT_3D ( 'NONE', #2604, #4056, #899 ) ;
#3714 = EDGE_CURVE ( 'NONE', #2412, #524, #3361, .T. ) ;
#3715 = ADVANCED_FACE ( 'NONE', ( #4019 ), #1589, .T. ) ;
#3716 = DIRECTION ( 'NONE',  ( -0.000000000000000000, 1.000000000000000000, -0.000000000000000000 ) ) ;
#3717 = CYLINDRICAL_SURFACE ( 'NONE', #1554, 0.3000000000000016542 ) ;
#3718 = FACE_OUTER_BOUND ( 'NONE', #3712, .T. ) ;
#3719 = AXIS2_PLACEMENT_3D ( 'NONE', #730, #4551, #1386 ) ;
#3720 = ORIENTED_EDGE ( 'NONE', *, *, #3087, .F. ) ;
#3721 = EDGE_CURVE ( 'NONE', #891, #4190, #2519, .T. ) ;
#3722 = EDGE_LOOP ( 'NONE', ( #2172, #1280, #3219, #805 ) ) ;
#3723 = CARTESIAN_POINT ( 'NONE',  ( -11.93760661188797556, -5.235437831979348644, 12.29928614889031913 ) ) ;
#3724 = ORIENTED_EDGE ( 'NONE', *, *, #1603, .T. ) ;
#3725 = CARTESIAN_POINT ( 'NONE',  ( 10.68287244362099919, -7.805841636522016458, 15.71253339731173604 ) ) ;
#3726 = VERTEX_POINT ( 'NONE', #4385 ) ;
#3727 = CARTESIAN_POINT ( 'NONE',  ( -12.14999999999999858, -12.50000000000001066, -23.80000000000000071 ) ) ;
#3728 = DIRECTION ( 'NONE',  ( 0.000000000000000000, 1.000000000000000000, 0.000000000000000000 ) ) ;
#3729 = DIRECTION ( 'NONE',  ( 0.000000000000000000, 0.000000000000000000, 1.000000000000000000 ) ) ;
#3730 = B_SPLINE_CURVE_WITH_KNOTS ( 'NONE', 3,
 ( #503, #876, #174, #3677 ),
 .UNSPECIFIED., .F., .F.,
 ( 4, 4 ),
 ( 0.000000000000000000, 0.0001388072234001110062 ),
 .UNSPECIFIED. ) ;
#3731 = FACE_OUTER_BOUND ( 'NONE', #3917, .T. ) ;
#3732 = ORIENTED_EDGE ( 'NONE', *, *, #87, .F. ) ;
#3733 = FACE_OUTER_BOUND ( 'NONE', #3513, .T. ) ;
#3734 = VERTEX_POINT ( 'NONE', #2609 ) ;
#3735 = LINE ( 'NONE', #578, #3320 ) ;
#3736 = CARTESIAN_POINT ( 'NONE',  ( -12.14999999999999858, -18.33257888130140856, -23.80000000000000071 ) ) ;
#3737 = EDGE_CURVE ( 'NONE', #1411, #3496, #4199, .T. ) ;
#3738 = ADVANCED_FACE ( 'NONE', ( #3750 ), #4109, .T. ) ;
#3739 = ORIENTED_EDGE ( 'NONE', *, *, #1272, .T. ) ;
#3740 = EDGE_LOOP ( 'NONE', ( #2769, #4553, #560, #3384, #2942, #334, #1943, #3676, #3122, #4465, #3801, #3979, #4005 ) ) ;
#3741 = CARTESIAN_POINT ( 'NONE',  ( -10.71658092537288454, -5.251986781270116644, 12.91624331428275241 ) ) ;
#3742 = DIRECTION ( 'NONE',  ( -0.000000000000000000, -1.000000000000000000, -0.000000000000000000 ) ) ;
#3743 = CARTESIAN_POINT ( 'NONE',  ( 10.39587489562508438, -7.798201529269561227, 15.82083129149532397 ) ) ;
#3744 = EDGE_CURVE ( 'NONE', #2318, #2840, #1334, .T. ) ;
#3745 = ORIENTED_EDGE ( 'NONE', *, *, #872, .T. ) ;
#3746 = CARTESIAN_POINT ( 'NONE',  ( -12.15680221654958615, -5.558578643762706939, 12.27457856830090321 ) ) ;
#3747 = B_SPLINE_CURVE_WITH_KNOTS ( 'NONE', 3,
 ( #4129, #616, #1039, #1290 ),
 .UNSPECIFIED., .F., .F.,
 ( 4, 4 ),
 ( 0.000000000000000000, 0.005816327564543538262 ),
 .UNSPECIFIED. ) ;
#3748 = ORIENTED_EDGE ( 'NONE', *, *, #2294, .T. ) ;
#3749 = FILL_AREA_STYLE_COLOUR ( '', #674 ) ;
#3750 = FACE_OUTER_BOUND ( 'NONE', #3666, .T. ) ;
#3751 = DIRECTION ( 'NONE',  ( -0.000000000000000000, -1.000000000000000000, -0.000000000000000000 ) ) ;
#3752 = VERTEX_POINT ( 'NONE', #2026 ) ;
#3753 = LINE ( 'NONE', #2087, #1125 ) ;
#3754 = ORIENTED_EDGE ( 'NONE', *, *, #2386, .T. ) ;
#3755 = CARTESIAN_POINT ( 'NONE',  ( -12.65000000000000213, -18.33257888130140856, 12.35677313259561849 ) ) ;
#3756 = CARTESIAN_POINT ( 'NONE',  ( -12.14999999999999858, 17.00105930301486623, -12.35662432702593350 ) ) ;
#3757 = AXIS2_PLACEMENT_3D ( 'NONE', #1406, #3181, #4238 ) ;
#3758 = EDGE_CURVE ( 'NONE', #1292, #3369, #2057, .T. ) ;
#3759 = CARTESIAN_POINT ( 'NONE',  ( 10.03110706658982032, -13.57975736982442072, -21.68110706658982068 ) ) ;
#3760 = CARTESIAN_POINT ( 'NONE',  ( 12.15000000000000036, -5.500000000000010658, 2.500000000000002220 ) ) ;
#3761 = CARTESIAN_POINT ( 'NONE',  ( 10.41694386149030294, -7.778272411134907749, 15.79097635534875188 ) ) ;
#3762 = DIRECTION ( 'NONE',  ( 0.4744255667103972063, 0.8217291859520730046, 0.3157238138089396573 ) ) ;
#3763 = VECTOR ( 'NONE', #1377, 1000.000000000000000 ) ;
#3764 = ORIENTED_EDGE ( 'NONE', *, *, #3396, .F. ) ;
#3765 = CIRCLE ( 'NONE', #529, 0.3000000000000005995 ) ;
#3766 = ADVANCED_FACE ( 'NONE', ( #3426 ), #1350, .T. ) ;
#3767 = CIRCLE ( 'NONE', #2356, 0.2000000000000005107 ) ;
#3768 = CARTESIAN_POINT ( 'NONE',  ( -10.26462629232692692, -8.253173210873228527, 15.84511279398803651 ) ) ;
#3769 = EDGE_CURVE ( 'NONE', #3238, #2859, #3747, .T. ) ;
#3770 = VECTOR ( 'NONE', #1306, 1000.000000000000000 ) ;
#3771 = CARTESIAN_POINT ( 'NONE',  ( 10.73114418875765885, -5.346446609406736883, 13.01342907219198075 ) ) ;
#3772 = DIRECTION ( 'NONE',  ( 1.961181171427461100E-16, 0.000000000000000000, -1.000000000000000000 ) ) ;
#3773 = AXIS2_PLACEMENT_3D ( 'NONE', #3894, #2868, #1755 ) ;
#3774 = LINE ( 'NONE', #3669, #2446 ) ;
#3775 = CARTESIAN_POINT ( 'NONE',  ( 12.65000000000000036, -5.200000000000010836, -12.35662432702593172 ) ) ;
#3776 = LINE ( 'NONE', #1040, #308 ) ;
#3777 = EDGE_LOOP ( 'NONE', ( #1876, #517, #3183, #426 ) ) ;
#3778 = CIRCLE ( 'NONE', #23, 0.2000000000000001221 ) ;
#3779 = FACE_OUTER_BOUND ( 'NONE', #1362, .T. ) ;
#3780 = VERTEX_POINT ( 'NONE', #2355 ) ;
#3781 = CARTESIAN_POINT ( 'NONE',  ( 10.16751755586914108, -11.96381651277634539, 15.81329646141477596 ) ) ;
#3782 = CIRCLE ( 'NONE', #1649, 0.2000000000000004552 ) ;
#3783 = VERTEX_POINT ( 'NONE', #4491 ) ;
#3784 = FACE_OUTER_BOUND ( 'NONE', #1867, .T. ) ;
#3785 = DIRECTION ( 'NONE',  ( 0.000000000000000000, 0.000000000000000000, -1.000000000000000000 ) ) ;
#3786 = CIRCLE ( 'NONE', #244, 29.99999999999999289 ) ;
#3787 = CARTESIAN_POINT ( 'NONE',  ( -14.14999999999999858, -5.999999999999996447, -22.64529946162074836 ) ) ;
#3788 = DIRECTION ( 'NONE',  ( 0.000000000000000000, 0.000000000000000000, 1.000000000000000000 ) ) ;
#3789 = EDGE_LOOP ( 'NONE', ( #359, #2281, #4278, #179, #1846 ) ) ;
#3790 = CARTESIAN_POINT ( 'NONE',  ( -10.42678230221828528, -5.394874044271664282, -22.01193430355089831 ) ) ;
#3791 = CYLINDRICAL_SURFACE ( 'NONE', #2421, 0.2000000000000005107 ) ;
#3792 = PLANE ( 'NONE',  #2288 ) ;
#3793 = LINE ( 'NONE', #1685, #3665 ) ;
#3794 = EDGE_CURVE ( 'NONE', #2551, #237, #2882, .T. ) ;
#3795 = ORIENTED_EDGE ( 'NONE', *, *, #2683, .F. ) ;
#3796 =( BOUNDED_SURFACE ( )  B_SPLINE_SURFACE ( 3, 2, ( 
 ( #337, #1732, #1084 ),
 ( #4556, #2784, #2761 ),
 ( #4195, #1058, #1390 ),
 ( #2466, #2441, #3512 ) ),
 .UNSPECIFIED., .F., .F., .F. ) 
 B_SPLINE_SURFACE_WITH_KNOTS ( ( 4, 4 ),
 ( 3, 3 ),
 ( 6.938893903907228378E-18, 0.002125195646132318518 ),
 ( 0.000000000000000000, 1.000000000000000000 ),
 .UNSPECIFIED. ) 
 GEOMETRIC_REPRESENTATION_ITEM ( )  RATIONAL_B_SPLINE_SURFACE ( (
 ( 1.000000000000000000, 0.7605383704734883787, 1.000000000000000000),
 ( 1.000000000000000000, 0.7580021453288482425, 1.000000000000000000),
 ( 1.000000000000000000, 0.7553695717178054991, 1.000000000000000000),
 ( 1.000000000000000000, 0.7526326444328405030, 1.000000000000000000) ) ) 
 REPRESENTATION_ITEM ( '' )  SURFACE ( )  );
#3797 = CARTESIAN_POINT ( 'NONE',  ( 14.14999999999999503, -6.207106781186572775, 2.707106781186547906 ) ) ;
#3798 = DIRECTION ( 'NONE',  ( -0.8660254037844374864, 0.000000000000000000, 0.5000000000000023315 ) ) ;
#3799 = CYLINDRICAL_SURFACE ( 'NONE', #690, 29.99999999999999645 ) ;
#3800 = EDGE_CURVE ( 'NONE', #1139, #3587, #2674, .T. ) ;
#3801 = ORIENTED_EDGE ( 'NONE', *, *, #2574, .F. ) ;
#3802 = DIRECTION ( 'NONE',  ( 1.734723475976797628E-14, 0.000000000000000000, 1.000000000000000000 ) ) ;
#3803 = CARTESIAN_POINT ( 'NONE',  ( -10.35000000000000142, -12.49999999999999467, 40.49704415459112994 ) ) ;
#3804 = CARTESIAN_POINT ( 'NONE',  ( -11.94778261147449783, -5.419758542437577375, 12.50184286359331587 ) ) ;
#3805 = VERTEX_POINT ( 'NONE', #2716 ) ;
#3806 = CARTESIAN_POINT ( 'NONE',  ( 10.42289236105251504, -5.421240181519904056, -23.79999999999999716 ) ) ;
#3807 = DIRECTION ( 'NONE',  ( -1.000000000000000000, -0.000000000000000000, -0.000000000000000000 ) ) ;
#3808 = CARTESIAN_POINT ( 'NONE',  ( 10.34525875983750964, -8.207637963111627855, 15.78462235440925987 ) ) ;
#3809 = FACE_OUTER_BOUND ( 'NONE', #1814, .T. ) ;
#3810 = CIRCLE ( 'NONE', #3218, 0.1999999999999997058 ) ;
#3811 = VERTEX_POINT ( 'NONE', #4153 ) ;
#3812 = DIRECTION ( 'NONE',  ( -0.000000000000000000, 1.000000000000000000, -0.000000000000000000 ) ) ;
#3813 = CARTESIAN_POINT ( 'NONE',  ( -10.20532488158329620, -5.450584655688771818, -22.28810048850535352 ) ) ;
#3814 = CARTESIAN_POINT ( 'NONE',  ( -10.23864922293310542, -7.916435142451952345, 15.86150271378523158 ) ) ;
#3815 = CARTESIAN_POINT ( 'NONE',  ( 10.15809406311464436, -12.49999999999999645, 15.80690261138537345 ) ) ;
#3816 = DIRECTION ( 'NONE',  ( 0.000000000000000000, 0.000000000000000000, 1.000000000000000000 ) ) ;
#3817 = ORIENTED_EDGE ( 'NONE', *, *, #2378, .T. ) ;
#3818 = CARTESIAN_POINT ( 'NONE',  ( -13.64999999999999680, -5.500000000000011546, 10.62472232502674885 ) ) ;
#3819 = EDGE_CURVE ( 'NONE', #1155, #1333, #3325, .T. ) ;
#3820 = EDGE_CURVE ( 'NONE', #891, #3285, #3618, .T. ) ;
#3821 = LINE ( 'NONE', #663, #175 ) ;
#3822 = DIRECTION ( 'NONE',  ( -0.000000000000000000, -1.000000000000000000, -0.000000000000000000 ) ) ;
#3823 = DIRECTION ( 'NONE',  ( 1.000000000000000000, -6.151501687861019394E-17, 0.000000000000000000 ) ) ;
#3824 =( BOUNDED_CURVE ( )  B_SPLINE_CURVE ( 3, ( #12, #1447, #1035, #3844 ),
 .UNSPECIFIED., .F., .F. ) 
 B_SPLINE_CURVE_WITH_KNOTS ( ( 4, 4 ),
 ( 5.235987755982985270, 6.283185307179586232 ),
 .UNSPECIFIED. ) 
 CURVE ( )  GEOMETRIC_REPRESENTATION_ITEM ( )  RATIONAL_B_SPLINE_CURVE ( ( 1.000000000000000000, 0.9106836025229585463, 0.9106836025229585463, 1.000000000000000000 ) ) 
 REPRESENTATION_ITEM ( '' )  );
#3825 = EDGE_CURVE ( 'NONE', #2746, #3341, #1134, .T. ) ;
#3826 = CARTESIAN_POINT ( 'NONE',  ( 11.93480580525836565, -9.353553390593331684, 16.86411994630512368 ) ) ;
#3827 = DIRECTION ( 'NONE',  ( -0.5829173883403985235, 1.734723475976796997E-14, -0.8125314260817293466 ) ) ;
#3828 = DIRECTION ( 'NONE',  ( -0.000000000000000000, -1.000000000000000000, -0.000000000000000000 ) ) ;
#3829 = DIRECTION ( 'NONE',  ( -0.4999999999999967804, 0.8660254037844405950, 0.000000000000000000 ) ) ;
#3830 = CARTESIAN_POINT ( 'NONE',  ( 10.23570246137888873, -7.782346940463086504, 15.86515775759440849 ) ) ;
#3831 = FACE_OUTER_BOUND ( 'NONE', #759, .T. ) ;
#3832 = EDGE_LOOP ( 'NONE', ( #2416, #2817, #3701, #2086 ) ) ;
#3833 = CIRCLE ( 'NONE', #1626, 0.8000000000000003775 ) ;
#3834 = CARTESIAN_POINT ( 'NONE',  ( -3.500000000000000000, -14.50000000000001066, 14.27693615844911257 ) ) ;
#3835 = CARTESIAN_POINT ( 'NONE',  ( 13.64999999999999680, -18.33257888130140856, 10.62472232502674885 ) ) ;
#3836 = DIRECTION ( 'NONE',  ( -0.000000000000000000, -1.000000000000000000, -0.000000000000000000 ) ) ;
#3837 = CARTESIAN_POINT ( 'NONE',  ( 0.000000000000000000, -5.700000000000010836, -10.49999999999999822 ) ) ;
#3838 = CIRCLE ( 'NONE', #2053, 0.3000000000000016542 ) ;
#3839 = DIRECTION ( 'NONE',  ( 0.000000000000000000, 1.000000000000000000, 0.000000000000000000 ) ) ;
#3840 = AXIS2_PLACEMENT_3D ( 'NONE', #1794, #2839, #3960 ) ;
#3841 = VECTOR ( 'NONE', #1093, 1000.000000000000000 ) ;
#3842 = ORIENTED_EDGE ( 'NONE', *, *, #4460, .T. ) ;
#3843 = AXIS2_PLACEMENT_3D ( 'NONE', #3775, #3822, #3729 ) ;
#3844 = CARTESIAN_POINT ( 'NONE',  ( -13.89999999999999680, -5.999999999999996447, -22.78963702891815757 ) ) ;
#3845 = CARTESIAN_POINT ( 'NONE',  ( 10.42996363617291955, -7.918886351797321588, 15.78715144562705497 ) ) ;
#3846 = LINE ( 'NONE', #693, #157 ) ;
#3847 = DIRECTION ( 'NONE',  ( -0.000000000000000000, -1.000000000000000000, -0.000000000000000000 ) ) ;
#3848 = CONICAL_SURFACE ( 'NONE', #4502, 28.19999999999999218, 0.01745329251994333364 ) ;
#3849 = VERTEX_POINT ( 'NONE', #4537 ) ;
#3850 = CARTESIAN_POINT ( 'NONE',  ( -7.566933738873784954, -12.52041216510141552, 18.27725231937277783 ) ) ;
#3851 = DIRECTION ( 'NONE',  ( -1.000000000000000000, 0.000000000000000000, 6.505213034913027590E-16 ) ) ;
#3852 = EDGE_CURVE ( 'NONE', #595, #2476, #1651, .T. ) ;
#3853 = ORIENTED_EDGE ( 'NONE', *, *, #1432, .F. ) ;
#3854 = PLANE ( 'NONE',  #107 ) ;
#3855 = CARTESIAN_POINT ( 'NONE',  ( -12.15000000000000036, -5.670226432448636444, 12.35677313259561672 ) ) ;
#3856 = CARTESIAN_POINT ( 'NONE',  ( 11.94034242964427506, -5.249610485404430094, 12.31384514684285136 ) ) ;
#3857 = DIRECTION ( 'NONE',  ( 0.000000000000000000, 1.000000000000000000, 0.000000000000000000 ) ) ;
#3858 = VECTOR ( 'NONE', #3807, 1000.000000000000000 ) ;
#3859 = EDGE_LOOP ( 'NONE', ( #259, #4122, #1034, #1584 ) ) ;
#3860 = EDGE_CURVE ( 'NONE', #165, #2746, #4079, .T. ) ;
#3861 = AXIS2_PLACEMENT_3D ( 'NONE', #2512, #1449, #1819 ) ;
#3862 = AXIS2_PLACEMENT_3D ( 'NONE', #3195, #3847, #4321 ) ;
#3863 = CARTESIAN_POINT ( 'NONE',  ( 12.24999999999999645, -5.500000000000010658, -13.04944465005348597 ) ) ;
#3864 = CARTESIAN_POINT ( 'NONE',  ( 12.02573593128807339, -5.200000000000010836, 2.624264068711929632 ) ) ;
#3865 = CARTESIAN_POINT ( 'NONE',  ( 0.000000000000000000, -5.346446609406741324, -10.49999999999999822 ) ) ;
#3866 = CARTESIAN_POINT ( 'NONE',  ( -9.532071607094422916, -9.573196171927685683, 17.94542202069219883 ) ) ;
#3867 = DIRECTION ( 'NONE',  ( 0.000000000000000000, 0.000000000000000000, 1.000000000000000000 ) ) ;
#3868 = AXIS2_PLACEMENT_3D ( 'NONE', #1365, #3508, #4192 ) ;
#3869 = ORIENTED_EDGE ( 'NONE', *, *, #1107, .T. ) ;
#3870 = CARTESIAN_POINT ( 'NONE',  ( -12.24999999999999822, -5.500000000000010658, -13.04944465005348597 ) ) ;
#3871 = EDGE_LOOP ( 'NONE', ( #625, #2990, #2387, #1188 ) ) ;
#3872 = DIRECTION ( 'NONE',  ( -0.000000000000000000, 0.000000000000000000, 1.000000000000000000 ) ) ;
#3873 = CARTESIAN_POINT ( 'NONE',  ( 12.15000000000000036, -9.565685424949291971, 16.66967721593322338 ) ) ;
#3874 = ORIENTED_EDGE ( 'NONE', *, *, #3477, .F. ) ;
#3875 = DIRECTION ( 'NONE',  ( 0.000000000000000000, 0.000000000000000000, 1.000000000000000000 ) ) ;
#3876 = LINE ( 'NONE', #789, #600 ) ;
#3877 = EDGE_LOOP ( 'NONE', ( #568, #2954, #2289, #3150 ) ) ;
#3878 = FACE_OUTER_BOUND ( 'NONE', #999, .T. ) ;
#3879 = LINE ( 'NONE', #3180, #3482 ) ;
#3880 = LINE ( 'NONE', #2112, #970 ) ;
#3881 = ADVANCED_FACE ( 'NONE', ( #2333 ), #590, .T. ) ;
#3882 = LINE ( 'NONE', #1148, #2579 ) ;
#3883 = EDGE_CURVE ( 'NONE', #2510, #1675, #3846, .T. ) ;
#3884 = ORIENTED_EDGE ( 'NONE', *, *, #557, .T. ) ;
#3885 = LINE ( 'NONE', #3530, #401 ) ;
#3886 = CARTESIAN_POINT ( 'NONE',  ( -11.93855100110175727, -8.044528275048467236, 15.43437364207866125 ) ) ;
#3887 = ORIENTED_EDGE ( 'NONE', *, *, #4503, .T. ) ;
#3888 = DIRECTION ( 'NONE',  ( 0.000000000000000000, 1.000000000000000000, 0.000000000000000000 ) ) ;
#3889 = CARTESIAN_POINT ( 'NONE',  ( 10.63158897926716584, -7.987240441695816706, 15.92903328211060376 ) ) ;
#3890 = EDGE_CURVE ( 'NONE', #3922, #979, #1409, .T. ) ;
#3891 = ORIENTED_EDGE ( 'NONE', *, *, #1831, .F. ) ;
#3892 = VERTEX_POINT ( 'NONE', #2017 ) ;
#3893 = DIRECTION ( 'NONE',  ( 0.000000000000000000, 1.000000000000000000, 0.000000000000000000 ) ) ;
#3894 = CARTESIAN_POINT ( 'NONE',  ( -2.276824562219557734E-15, -7.000000000000011546, 3.499999999999996891 ) ) ;
#3895 = B_SPLINE_CURVE_WITH_KNOTS ( 'NONE', 3,
 ( #688, #1367, #1323, #1032 ),
 .UNSPECIFIED., .F., .F.,
 ( 4, 4 ),
 ( 0.000000000000000000, 0.003650093677381184652 ),
 .UNSPECIFIED. ) ;
#3896 = EDGE_CURVE ( 'NONE', #3450, #3654, #3173, .T. ) ;
#3897 = ORIENTED_EDGE ( 'NONE', *, *, #3423, .F. ) ;
#3898 = CARTESIAN_POINT ( 'NONE',  ( 10.08618780040435148, -8.156936133356216700, 16.06160488093795990 ) ) ;
#3899 =( NAMED_UNIT ( * ) PLANE_ANGLE_UNIT ( ) SI_UNIT ( $, .RADIAN. ) );
#3900 = DIRECTION ( 'NONE',  ( 6.505213034913030548E-16, 0.000000000000000000, 1.000000000000000000 ) ) ;
#3901 = EDGE_LOOP ( 'NONE', ( #4055, #3906, #110, #4325, #2915, #3696 ) ) ;
#3902 = CARTESIAN_POINT ( 'NONE',  ( -11.93480580525836565, -9.353553390593331684, 16.86411994630512368 ) ) ;
#3903 = CARTESIAN_POINT ( 'NONE',  ( -11.93480580525836565, -9.353553390593331684, 16.86411994630512368 ) ) ;
#3904 = CARTESIAN_POINT ( 'NONE',  ( -10.72382820371844936, -5.715282493420917653, 13.42219998538522319 ) ) ;
#3905 = DIRECTION ( 'NONE',  ( 0.4999428824215567668, 0.8659264732365774542, -0.01511480281340884385 ) ) ;
#3906 = ORIENTED_EDGE ( 'NONE', *, *, #1973, .T. ) ;
#3907 = CARTESIAN_POINT ( 'NONE',  ( 7.599403851088911033, -12.50000000000001243, 16.72426849845970054 ) ) ;
#3908 = CARTESIAN_POINT ( 'NONE',  ( 7.862072633119802312, -12.50000000000001066, 18.45147343247918670 ) ) ;
#3909 = VERTEX_POINT ( 'NONE', #604 ) ;
#3910 = CARTESIAN_POINT ( 'NONE',  ( 14.51154575442476080, 1.608008684686282663, -23.80000000000000071 ) ) ;
#3911 = ORIENTED_EDGE ( 'NONE', *, *, #1308, .F. ) ;
#3912 = EDGE_CURVE ( 'NONE', #1947, #3694, #2645, .T. ) ;
#3913 = EDGE_CURVE ( 'NONE', #549, #3375, #3098, .T. ) ;
#3914 = B_SPLINE_CURVE_WITH_KNOTS ( 'NONE', 3,
 ( #4323, #2491, #486, #3614 ),
 .UNSPECIFIED., .F., .F.,
 ( 4, 4 ),
 ( 0.000000000000000000, 0.0001604169462437896802 ),
 .UNSPECIFIED. ) ;
#3915 = CARTESIAN_POINT ( 'NONE',  ( -12.40000000000000391, -6.950000000000011724, 11.92376043070339797 ) ) ;
#3916 = CIRCLE ( 'NONE', #905, 0.2000000000000005107 ) ;
#3917 = EDGE_LOOP ( 'NONE', ( #537, #2759, #3996, #2148 ) ) ;
#3918 = LINE ( 'NONE', #2470, #1149 ) ;
#3919 = CIRCLE ( 'NONE', #680, 0.3000000000000016542 ) ;
#3920 = FACE_OUTER_BOUND ( 'NONE', #884, .T. ) ;
#3921 = EDGE_CURVE ( 'NONE', #3726, #4549, #4221, .T. ) ;
#3922 = VERTEX_POINT ( 'NONE', #4570 ) ;
#3923 = CYLINDRICAL_SURFACE ( 'NONE', #2055, 0.2999999999999994338 ) ;
#3924 = CARTESIAN_POINT ( 'NONE',  ( -14.14999999999999680, -18.33257888130140856, 10.91339745962156194 ) ) ;
#3925 = ORIENTED_EDGE ( 'NONE', *, *, #4116, .T. ) ;
#3926 = DIRECTION ( 'NONE',  ( -0.000000000000000000, -1.000000000000000000, -0.000000000000000000 ) ) ;
#3927 = CARTESIAN_POINT ( 'NONE',  ( -10.23452994616206624, -5.400000000000011902, -23.60000000000000142 ) ) ;
#3928 = ORIENTED_EDGE ( 'NONE', *, *, #3350, .F. ) ;
#3929 = DIRECTION ( 'NONE',  ( -0.000000000000000000, -1.000000000000000000, -0.000000000000000000 ) ) ;
#3930 = CARTESIAN_POINT ( 'NONE',  ( -10.73114418875766418, -5.346446609406743988, 13.01342907219198786 ) ) ;
#3931 = CARTESIAN_POINT ( 'NONE',  ( -13.84999999999999964, -5.200000000000010836, 3.000000000000001332 ) ) ;
#3932 = ORIENTED_EDGE ( 'NONE', *, *, #1696, .T. ) ;
#3933 =( BOUNDED_CURVE ( )  B_SPLINE_CURVE ( 3, ( #3299, #1190, #4071, #1596 ),
 .UNSPECIFIED., .F., .F. ) 
 B_SPLINE_CURVE_WITH_KNOTS ( ( 4, 4 ),
 ( 0.9386084124710885046, 1.560819488026685464 ),
 .UNSPECIFIED. ) 
 CURVE ( )  GEOMETRIC_REPRESENTATION_ITEM ( )  RATIONAL_B_SPLINE_CURVE ( ( 1.000000000000000000, 0.9679971560865565650, 0.9679971560865565650, 1.000000000000000000 ) ) 
 REPRESENTATION_ITEM ( '' )  );
#3934 = CARTESIAN_POINT ( 'NONE',  ( -9.590040606654717692, -9.353553390593326355, 17.77128881405509375 ) ) ;
#3935 = DIRECTION ( 'NONE',  ( -0.8660254037844383745, 0.000000000000000000, -0.5000000000000003331 ) ) ;
#3936 = AXIS2_PLACEMENT_3D ( 'NONE', #1189, #3651, #2499 ) ;
#3937 = ORIENTED_EDGE ( 'NONE', *, *, #131, .F. ) ;
#3938 = CARTESIAN_POINT ( 'NONE',  ( 12.14999999999999858, -5.500000000000011546, -23.80000000000000071 ) ) ;
#3939 = VERTEX_POINT ( 'NONE', #4484 ) ;
#3940 = VECTOR ( 'NONE', #4128, 1000.000000000000000 ) ;
#3941 = ORIENTED_EDGE ( 'NONE', *, *, #986, .T. ) ;
#3942 = CARTESIAN_POINT ( 'NONE',  ( 10.47399188756784838, -5.396509518712552023, -21.82403757902092778 ) ) ;
#3943 = CIRCLE ( 'NONE', #1935, 0.8000000000000003775 ) ;
#3944 = EDGE_CURVE ( 'NONE', #3562, #1805, #3107, .T. ) ;
#3945 = DIRECTION ( 'NONE',  ( 0.8660254037844397068, -0.4999999999999981126, 0.000000000000000000 ) ) ;
#3946 = EDGE_LOOP ( 'NONE', ( #1118, #2603, #1305, #3673 ) ) ;
#3947 = CARTESIAN_POINT ( 'NONE',  ( 9.262422663874577466, -9.583739203329702860, 16.35308518184318416 ) ) ;
#3948 = PLANE ( 'NONE',  #1691 ) ;
#3949 = ADVANCED_FACE ( 'NONE', ( #3809 ), #3481, .F. ) ;
#3950 = VERTEX_POINT ( 'NONE', #1319 ) ;
#3951 = CARTESIAN_POINT ( 'NONE',  ( 0.000000000000000000, -8.115514777132741386, -10.49999999999999822 ) ) ;
#3952 = CYLINDRICAL_SURFACE ( 'NONE', #2132, 0.3000000000000003220 ) ;
#3953 = CARTESIAN_POINT ( 'NONE',  ( 9.371405873647743690, -9.394974746830639489, 17.63736291403408885 ) ) ;
#3954 = CARTESIAN_POINT ( 'NONE',  ( 10.69011531703517370, -7.433223397919297426, 15.30720639650124681 ) ) ;
#3955 = CARTESIAN_POINT ( 'NONE',  ( -11.93480580525836565, -9.353553390593331684, 16.86411994630512368 ) ) ;
#3956 = B_SPLINE_CURVE_WITH_KNOTS ( 'NONE', 3,
 ( #2145, #2394, #3631, #2578 ),
 .UNSPECIFIED., .F., .F.,
 ( 4, 4 ),
 ( 6.071532165918824830E-17, 0.004951061307267896547 ),
 .UNSPECIFIED. ) ;
#3957 = ORIENTED_EDGE ( 'NONE', *, *, #3737, .T. ) ;
#3958 = CARTESIAN_POINT ( 'NONE',  ( 10.29226497308102850, -5.300000000000011369, -23.50000000000000000 ) ) ;
#3959 = CARTESIAN_POINT ( 'NONE',  ( -10.46547005383791529, -5.200000000000010836, -22.23024303063489526 ) ) ;
#3960 = DIRECTION ( 'NONE',  ( 1.000000000000000000, 0.000000000000000000, 0.000000000000000000 ) ) ;
#3961 = ORIENTED_EDGE ( 'NONE', *, *, #4349, .F. ) ;
#3962 = ORIENTED_EDGE ( 'NONE', *, *, #1804, .F. ) ;
#3963 = ORIENTED_EDGE ( 'NONE', *, *, #1918, .T. ) ;
#3964 = CARTESIAN_POINT ( 'NONE',  ( 1.821459649775654154E-15, -5.200000000000010836, 2.800000000000010036 ) ) ;
#3965 = FACE_OUTER_BOUND ( 'NONE', #2573, .T. ) ;
#3966 = EDGE_CURVE ( 'NONE', #791, #4080, #682, .T. ) ;
#3967 = EDGE_CURVE ( 'NONE', #3849, #743, #2958, .T. ) ;
#3968 = CARTESIAN_POINT ( 'NONE',  ( 10.46547005383791706, -5.400000000000011013, -22.23024303063488816 ) ) ;
#3969 = LINE ( 'NONE', #3592, #1268 ) ;
#3970 = CARTESIAN_POINT ( 'NONE',  ( 12.17451917847872345, -5.499999771249266978, 12.19611586364431410 ) ) ;
#3971 = CARTESIAN_POINT ( 'NONE',  ( 9.991746918085100404, -5.820512539844740374, -22.31487584642018973 ) ) ;
#3972 = ORIENTED_EDGE ( 'NONE', *, *, #4460, .F. ) ;
#3973 = EDGE_CURVE ( 'NONE', #2626, #2639, #2718, .T. ) ;
#3974 = DIRECTION ( 'NONE',  ( 0.000000000000000000, 1.000000000000000000, 0.000000000000000000 ) ) ;
#3975 = VERTEX_POINT ( 'NONE', #1724 ) ;
#3976 = CARTESIAN_POINT ( 'NONE',  ( 0.000000000000000000, -14.50000000000001066, 0.000000000000000000 ) ) ;
#3977 = CARTESIAN_POINT ( 'NONE',  ( 14.14999999999999858, -18.33257888130140856, 3.000000000000001332 ) ) ;
#3978 = CARTESIAN_POINT ( 'NONE',  ( -10.30047006499014195, -5.285788363932570455, -23.73007844137090672 ) ) ;
#3979 = ORIENTED_EDGE ( 'NONE', *, *, #4060, .T. ) ;
#3980 = CARTESIAN_POINT ( 'NONE',  ( -9.295793047536889731, -9.525940003358508434, 17.75562781299121440 ) ) ;
#3981 = CYLINDRICAL_SURFACE ( 'NONE', #3035, 0.2999999999999999334 ) ;
#3982 = ORIENTED_EDGE ( 'NONE', *, *, #1272, .F. ) ;
#3983 = PLANE ( 'NONE',  #1490 ) ;
#3984 = ORIENTED_EDGE ( 'NONE', *, *, #2351, .T. ) ;
#3985 = ORIENTED_EDGE ( 'NONE', *, *, #3054, .F. ) ;
#3986 = LINE ( 'NONE', #698, #3763 ) ;
#3987 = ADVANCED_FACE ( 'NONE', ( #4526 ), #1359, .T. ) ;
#3988 = VECTOR ( 'NONE', #1483, 1000.000000000000000 ) ;
#3989 = ORIENTED_EDGE ( 'NONE', *, *, #1103, .F. ) ;
#3990 = CARTESIAN_POINT ( 'NONE',  ( -14.14999999999999680, -18.33257888130140856, 10.62472232502674885 ) ) ;
#3991 = DIRECTION ( 'NONE',  ( 0.000000000000000000, 1.000000000000000000, 0.000000000000000000 ) ) ;
#3992 = CARTESIAN_POINT ( 'NONE',  ( 10.41765125807575743, -8.079736355225787037, 15.67388509499948590 ) ) ;
#3993 = VECTOR ( 'NONE', #900, 1000.000000000000000 ) ;
#3994 = VECTOR ( 'NONE', #3336, 1000.000000000000000 ) ;
#3995 = AXIS2_PLACEMENT_3D ( 'NONE', #61, #3175, #1476 ) ;
#3996 = ORIENTED_EDGE ( 'NONE', *, *, #3973, .F. ) ;
#3997 = AXIS2_PLACEMENT_3D ( 'NONE', #2776, #679, #3505 ) ;
#3998 = CARTESIAN_POINT ( 'NONE',  ( 6.366283142591593780, -12.50000000000001066, -23.80000000000000071 ) ) ;
#3999 = ORIENTED_EDGE ( 'NONE', *, *, #623, .T. ) ;
#4000 = CARTESIAN_POINT ( 'NONE',  ( 9.532319340076023551, -9.572485989378183291, 17.94533945715973999 ) ) ;
#4001 = DIRECTION ( 'NONE',  ( 0.000000000000000000, 1.000000000000000000, 0.000000000000000000 ) ) ;
#4002 = CARTESIAN_POINT ( 'NONE',  ( 9.434158571266095805, -9.286283886243646535, 17.75313192372675886 ) ) ;
#4003 = EDGE_CURVE ( 'NONE', #237, #2455, #836, .T. ) ;
#4004 = VECTOR ( 'NONE', #784, 1000.000000000000000 ) ;
#4005 = ORIENTED_EDGE ( 'NONE', *, *, #4085, .T. ) ;
#4006 = CARTESIAN_POINT ( 'NONE',  ( -9.532536238774032000, -9.571864017566387162, 17.94526716996235649 ) ) ;
#4007 = CARTESIAN_POINT ( 'NONE',  ( 12.14999999999999858, -5.999999999999994671, -23.80000000000000071 ) ) ;
#4008 = ADVANCED_FACE ( 'NONE', ( #3831 ), #4239, .T. ) ;
#4009 = ORIENTED_EDGE ( 'NONE', *, *, #2606, .T. ) ;
#4010 = AXIS2_PLACEMENT_3D ( 'NONE', #71, #2913, #1516 ) ;
#4011 = VERTEX_POINT ( 'NONE', #2367 ) ;
#4012 = CARTESIAN_POINT ( 'NONE',  ( -12.25000000000000355, -5.200000000000010836, 11.66395280956806779 ) ) ;
#4013 = CARTESIAN_POINT ( 'NONE',  ( -8.926112073315168871, -10.66931609748113630, 18.14737397719150280 ) ) ;
#4014 = FACE_OUTER_BOUND ( 'NONE', #3215, .T. ) ;
#4015 = AXIS2_PLACEMENT_3D ( 'NONE', #3253, #2207, #92 ) ;
#4016 = B_SPLINE_CURVE_WITH_KNOTS ( 'NONE', 3,
 ( #1944, #4413, #2592, #2300 ),
 .UNSPECIFIED., .F., .F.,
 ( 4, 4 ),
 ( 2.453269466693398698E-18, 0.0001730923533982945035 ),
 .UNSPECIFIED. ) ;
#4017 = TOROIDAL_SURFACE ( 'NONE', #4459, 0.2000000000000000389, 0.2999999999999999889 ) ;
#4018 = CIRCLE ( 'NONE', #2236, 0.2000000000000005107 ) ;
#4019 = FACE_OUTER_BOUND ( 'NONE', #4366, .T. ) ;
#4020 = CARTESIAN_POINT ( 'NONE',  ( 10.27156172805862688, -8.253114026712655260, 15.84242136919979060 ) ) ;
#4021 = TOROIDAL_SURFACE ( 'NONE', #859, 0.2000000000000000389, 0.2999999999999999889 ) ;
#4022 = ORIENTED_EDGE ( 'NONE', *, *, #1432, .T. ) ;
#4023 = CARTESIAN_POINT ( 'NONE',  ( -10.42901224293476048, -5.394866716148117192, -22.01033474360648512 ) ) ;
#4024 = VERTEX_POINT ( 'NONE', #2066 ) ;
#4025 = PLANE ( 'NONE',  #3190 ) ;
#4026 = CARTESIAN_POINT ( 'NONE',  ( -10.35000000000000142, -12.49999999999999289, 15.58770459146205312 ) ) ;
#4027 = CARTESIAN_POINT ( 'NONE',  ( 0.000000000000000000, -5.346446609406734218, -10.49999999999999822 ) ) ;
#4028 = EDGE_LOOP ( 'NONE', ( #4292, #1388, #211, #871 ) ) ;
#4029 = ADVANCED_FACE ( 'NONE', ( #1051 ), #2438, .F. ) ;
#4030 = EDGE_CURVE ( 'NONE', #3734, #2382, #1077, .T. ) ;
#4031 = DIRECTION ( 'NONE',  ( 0.000000000000000000, 0.000000000000000000, -1.000000000000000000 ) ) ;
#4032 = CYLINDRICAL_SURFACE ( 'NONE', #3407, 0.5000000000000004441 ) ;
#4033 = VERTEX_POINT ( 'NONE', #3931 ) ;
#4034 = CARTESIAN_POINT ( 'NONE',  ( -10.26026307958299100, -7.832187760662423059, 15.91034379142767818 ) ) ;
#4035 = EDGE_CURVE ( 'NONE', #595, #2317, #2550, .T. ) ;
#4036 = ORIENTED_EDGE ( 'NONE', *, *, #4531, .T. ) ;
#4037 = DIRECTION ( 'NONE',  ( 0.000000000000000000, 0.000000000000000000, -1.000000000000000000 ) ) ;
#4038 = CARTESIAN_POINT ( 'NONE',  ( -10.35000000000000142, -12.49999999999999467, 15.52708456944178472 ) ) ;
#4039 = DIRECTION ( 'NONE',  ( 2.061858463601975203E-16, -0.000000000000000000, 1.000000000000000000 ) ) ;
#4040 = CYLINDRICAL_SURFACE ( 'NONE', #1843, 0.3000000000000016542 ) ;
#4041 = CARTESIAN_POINT ( 'NONE',  ( -11.93480580525836388, -9.353553390593326355, 16.86411994630512723 ) ) ;
#4042 = ADVANCED_FACE ( 'NONE', ( #1437 ), #294, .T. ) ;
#4043 = VERTEX_POINT ( 'NONE', #3626 ) ;
#4044 = CARTESIAN_POINT ( 'NONE',  ( -10.73114418875766418, -5.346446609406741324, 13.01342907219199141 ) ) ;
#4045 = ORIENTED_EDGE ( 'NONE', *, *, #3860, .F. ) ;
#4046 = CARTESIAN_POINT ( 'NONE',  ( -10.47399188756785016, -5.396509518712553799, 12.74029331667455445 ) ) ;
#4047 = FACE_OUTER_BOUND ( 'NONE', #2359, .T. ) ;
#4048 = DIRECTION ( 'NONE',  ( 1.961181171427461100E-16, 0.000000000000000000, -1.000000000000000000 ) ) ;
#4049 = ORIENTED_EDGE ( 'NONE', *, *, #1920, .F. ) ;
#4050 = EDGE_LOOP ( 'NONE', ( #1790, #1431, #3985, #490 ) ) ;
#4051 = CARTESIAN_POINT ( 'NONE',  ( 6.135343034915744731, -12.50000000000001066, -22.19828495911596278 ) ) ;
#4052 = CARTESIAN_POINT ( 'NONE',  ( 10.18719703643215801, -5.481983004523219627, -22.15626221518016337 ) ) ;
#4053 = ORIENTED_EDGE ( 'NONE', *, *, #1314, .T. ) ;
#4054 = VERTEX_POINT ( 'NONE', #1810 ) ;
#4055 = ORIENTED_EDGE ( 'NONE', *, *, #1488, .F. ) ;
#4056 = DIRECTION ( 'NONE',  ( 0.000000000000000000, 1.000000000000000000, -0.000000000000000000 ) ) ;
#4057 = CARTESIAN_POINT ( 'NONE',  ( -13.84999999999999964, -5.200000000000010836, 2.855673972088735444E-15 ) ) ;
#4058 = CARTESIAN_POINT ( 'NONE',  ( 9.248931386508584040, -9.607106781186605104, 17.77124589387998554 ) ) ;
#4059 = EDGE_CURVE ( 'NONE', #2778, #3780, #3882, .T. ) ;
#4060 = EDGE_CURVE ( 'NONE', #2560, #3950, #94, .T. ) ;
#4061 = ORIENTED_EDGE ( 'NONE', *, *, #1833, .T. ) ;
#4062 = CARTESIAN_POINT ( 'NONE',  ( -12.15848069596852277, -5.545535554184338523, 12.26450707104205584 ) ) ;
#4063 = CARTESIAN_POINT ( 'NONE',  ( -10.35000000000000142, -12.49999999999999467, -21.70004569145308437 ) ) ;
#4064 = EDGE_CURVE ( 'NONE', #1882, #1139, #376, .T. ) ;
#4065 = CIRCLE ( 'NONE', #2048, 0.2999999999999994338 ) ;
#4066 = EDGE_LOOP ( 'NONE', ( #3957, #941, #2694, #3984, #257, #1418 ) ) ;
#4067 = CIRCLE ( 'NONE', #3165, 25.84644660940669425 ) ;
#4068 = FACE_OUTER_BOUND ( 'NONE', #1664, .T. ) ;
#4069 = ORIENTED_EDGE ( 'NONE', *, *, #1288, .F. ) ;
#4070 = CIRCLE ( 'NONE', #2644, 28.61551477713268099 ) ;
#4071 = CARTESIAN_POINT ( 'NONE',  ( 10.23150752732803603, -5.727989418313947922, -22.11820588439790924 ) ) ;
#4072 = DIRECTION ( 'NONE',  ( 0.000000000000000000, -0.9998476951563911586, 0.01745240643728354635 ) ) ;
#4073 = VECTOR ( 'NONE', #1174, 1000.000000000000000 ) ;
#4074 = VECTOR ( 'NONE', #4253, 1000.000000000000227 ) ;
#4075 = ORIENTED_EDGE ( 'NONE', *, *, #2151, .T. ) ;
#4076 = TOROIDAL_SURFACE ( 'NONE', #1628, 0.2000000000000000389, 0.2999999999999999889 ) ;
#4077 = FACE_OUTER_BOUND ( 'NONE', #4395, .T. ) ;
#4078 = CARTESIAN_POINT ( 'NONE',  ( -10.16512251984348403, -12.10009018230693201, 15.81167110270593312 ) ) ;
#4079 = CIRCLE ( 'NONE', #232, 0.3000000000000003220 ) ;
#4080 = VERTEX_POINT ( 'NONE', #2528 ) ;
#4081 = CARTESIAN_POINT ( 'NONE',  ( -10.42952924663999070, -7.943772511471863140, 15.58157060627143231 ) ) ;
#4082 = ORIENTED_EDGE ( 'NONE', *, *, #228, .F. ) ;
#4083 = CARTESIAN_POINT ( 'NONE',  ( 7.578718707889822603, -12.50000000000000888, 18.27407996053067407 ) ) ;
#4084 = CARTESIAN_POINT ( 'NONE',  ( 0.000000000000000000, -5.000000000000011546, -10.49999999999999822 ) ) ;
#4085 = EDGE_CURVE ( 'NONE', #3950, #565, #3182, .T. ) ;
#4086 = ADVANCED_FACE ( 'NONE', ( #747 ), #460, .T. ) ;
#4087 = CARTESIAN_POINT ( 'NONE',  ( 0.000000000000000000, 0.000000000000000000, 0.000000000000000000 ) ) ;
#4088 = AXIS2_PLACEMENT_3D ( 'NONE', #4568, #2436, #2831 ) ;
#4089 = DIRECTION ( 'NONE',  ( -1.000000000000000000, -0.000000000000000000, 6.505213034913027590E-16 ) ) ;
#4090 = CARTESIAN_POINT ( 'NONE',  ( -6.135343034915747396, -12.50000000000000888, -23.71715728752537800 ) ) ;
#4091 = AXIS2_PLACEMENT_3D ( 'NONE', #1222, #857, #1177 ) ;
#4092 = VERTEX_POINT ( 'NONE', #1484 ) ;
#4093 = DIRECTION ( 'NONE',  ( -0.8660254037845454000, -0.4999999999998149258, 0.000000000000000000 ) ) ;
#4094 = ORIENTED_EDGE ( 'NONE', *, *, #814, .T. ) ;
#4095 = EDGE_CURVE ( 'NONE', #1928, #3042, #1845, .T. ) ;
#4096 = PLANE ( 'NONE',  #3316 ) ;
#4097 = FACE_OUTER_BOUND ( 'NONE', #1545, .T. ) ;
#4098 = DIRECTION ( 'NONE',  ( 0.000000000000000000, 0.01745240643728071875, 0.9998476951563911586 ) ) ;
#4099 = CARTESIAN_POINT ( 'NONE',  ( -10.22541996261740849, -8.669189149428140340, 15.85254417956210027 ) ) ;
#4100 = ORIENTED_EDGE ( 'NONE', *, *, #4405, .F. ) ;
#4101 = CARTESIAN_POINT ( 'NONE',  ( -10.46033576698818024, -8.105554666161573607, 16.12445953182278657 ) ) ;
#4102 =( BOUNDED_SURFACE ( )  B_SPLINE_SURFACE ( 3, 2, ( 
 ( #2007, #4538, #3120 ),
 ( #3380, #640, #3445 ),
 ( #220, #4451, #3429 ),
 ( #2745, #313, #2422 ) ),
 .UNSPECIFIED., .F., .F., .F. ) 
 B_SPLINE_SURFACE_WITH_KNOTS ( ( 4, 4 ),
 ( 3, 3 ),
 ( -1.734723475976807094E-18, 0.003650093677381184218 ),
 ( 0.000000000000000000, 1.000000000000000000 ),
 .UNSPECIFIED. ) 
 GEOMETRIC_REPRESENTATION_ITEM ( )  RATIONAL_B_SPLINE_SURFACE ( (
 ( 1.000000000000000000, 0.5995010062373593573, 1.000000000000000000),
 ( 1.000000000000000000, 0.6035470007586571928, 1.000000000000000000),
 ( 1.000000000000000000, 0.6071940758484377643, 1.000000000000000000),
 ( 1.000000000000000000, 0.6105379064907812126, 1.000000000000000000) ) ) 
 REPRESENTATION_ITEM ( '' )  SURFACE ( )  );
#4103 = ORIENTED_EDGE ( 'NONE', *, *, #1973, .F. ) ;
#4104 = CARTESIAN_POINT ( 'NONE',  ( -9.590040606654714139, -9.353553390593331684, 17.77128881405509020 ) ) ;
#4105 = LINE ( 'NONE', #928, #2003 ) ;
#4106 = DIRECTION ( 'NONE',  ( 0.000000000000000000, 0.000000000000000000, 1.000000000000000000 ) ) ;
#4107 = LINE ( 'NONE', #1307, #1413 ) ;
#4108 = EDGE_CURVE ( 'NONE', #757, #822, #4439, .T. ) ;
#4109 =( BOUNDED_SURFACE ( )  B_SPLINE_SURFACE ( 3, 2, ( 
 ( #264, #219, #664 ),
 ( #2692, #996, #3444 ),
 ( #1983, #3405, #968 ),
 ( #1668, #4514, #2051 ) ),
 .UNSPECIFIED., .F., .F., .F. ) 
 B_SPLINE_SURFACE_WITH_KNOTS ( ( 4, 4 ),
 ( 3, 3 ),
 ( 6.938893903907228378E-18, 0.005811690149545513558 ),
 ( 0.000000000000000000, 1.000000000000000000 ),
 .UNSPECIFIED. ) 
 GEOMETRIC_REPRESENTATION_ITEM ( )  RATIONAL_B_SPLINE_SURFACE ( (
 ( 1.000000000000000000, 0.8008389405891424007, 1.000000000000000000),
 ( 1.000000000000000000, 0.8047373366352617019, 1.000000000000000000),
 ( 1.000000000000000000, 0.8090898618387547536, 1.000000000000000000),
 ( 1.000000000000000000, 0.8140815235037947017, 1.000000000000000000) ) ) 
 REPRESENTATION_ITEM ( '' )  SURFACE ( )  );
#4110 = VERTEX_POINT ( 'NONE', #2113 ) ;
#4111 = ORIENTED_EDGE ( 'NONE', *, *, #700, .T. ) ;
#4112 = CARTESIAN_POINT ( 'NONE',  ( 11.85000000000000142, -12.50000000000001066, 16.73357303036087984 ) ) ;
#4113 = ORIENTED_EDGE ( 'NONE', *, *, #417, .T. ) ;
#4114 = DIRECTION ( 'NONE',  ( 0.000000000000000000, 0.000000000000000000, 1.000000000000000000 ) ) ;
#4115 = CARTESIAN_POINT ( 'NONE',  ( 10.21447768598091344, -9.291809954872180199, 15.84513290446177081 ) ) ;
#4116 = EDGE_CURVE ( 'NONE', #1567, #2494, #393, .T. ) ;
#4117 = EDGE_CURVE ( 'NONE', #1086, #1834, #28, .T. ) ;
#4118 = ORIENTED_EDGE ( 'NONE', *, *, #1647, .F. ) ;
#4119 = DIRECTION ( 'NONE',  ( -0.5000000000000001110, 0.000000000000000000, -0.8660254037844385966 ) ) ;
#4120 = CARTESIAN_POINT ( 'NONE',  ( 10.47399188756784660, -5.396509518712553799, 12.65068362120861600 ) ) ;
#4121 = CARTESIAN_POINT ( 'NONE',  ( 12.14999999999999858, -12.50000000000001066, -23.80000000000000071 ) ) ;
#4122 = ORIENTED_EDGE ( 'NONE', *, *, #50, .F. ) ;
#4123 = PLANE ( 'NONE',  #1286 ) ;
#4124 = ORIENTED_EDGE ( 'NONE', *, *, #87, .T. ) ;
#4125 = CARTESIAN_POINT ( 'NONE',  ( -12.14999999999999858, -5.500000000000011546, -23.80000000000000071 ) ) ;
#4126 = EDGE_LOOP ( 'NONE', ( #3237, #2772, #4045, #1568 ) ) ;
#4127 =( BOUNDED_SURFACE ( )  B_SPLINE_SURFACE ( 3, 2, ( 
 ( #2479, #746, #3930 ),
 ( #3599, #1788, #1050 ),
 ( #2138, #3207, #1147 ),
 ( #2437, #442, #708 ) ),
 .UNSPECIFIED., .F., .F., .F. ) 
 B_SPLINE_SURFACE_WITH_KNOTS ( ( 4, 4 ),
 ( 3, 3 ),
 ( -8.660064852727966667E-18, 0.0002541600078967910965 ),
 ( 0.000000000000000000, 1.000000000000000000 ),
 .UNSPECIFIED. ) 
 GEOMETRIC_REPRESENTATION_ITEM ( )  RATIONAL_B_SPLINE_SURFACE ( (
 ( 1.000000000000000000, 0.5995010062373571369, 1.000000000000000000),
 ( 1.000000000000000000, 0.6337936235209822300, 1.000000000000000000),
 ( 1.000000000000000000, 0.6753288580712829559, 1.000000000000000000),
 ( 1.000000000000000000, 0.7132504491541867830, 1.000000000000000000) ) ) 
 REPRESENTATION_ITEM ( '' )  SURFACE ( )  );
#4128 = DIRECTION ( 'NONE',  ( -0.000000000000000000, -0.000000000000000000, -1.000000000000000000 ) ) ;
#4129 = CARTESIAN_POINT ( 'NONE',  ( 11.93480580525836565, -9.353553390593331684, 16.86411994630512368 ) ) ;
#4130 = DIRECTION ( 'NONE',  ( -0.8660254037844382635, 0.000000000000000000, 0.5000000000000006661 ) ) ;
#4131 = ORIENTED_EDGE ( 'NONE', *, *, #2046, .F. ) ;
#4132 = FACE_OUTER_BOUND ( 'NONE', #4468, .T. ) ;
#4133 = VERTEX_POINT ( 'NONE', #515 ) ;
#4134 = CARTESIAN_POINT ( 'NONE',  ( 12.14999999999999858, -6.950000000000011724, -12.35662432702593172 ) ) ;
#4135 = CARTESIAN_POINT ( 'NONE',  ( -11.96969696969697594, 17.00105930301486623, 17.00865962662715702 ) ) ;
#4136 = ORIENTED_EDGE ( 'NONE', *, *, #1460, .F. ) ;
#4137 = VECTOR ( 'NONE', #4392, 1000.000000000000000 ) ;
#4138 = DIRECTION ( 'NONE',  ( -0.000000000000000000, -1.000000000000000000, -0.000000000000000000 ) ) ;
#4139 = CARTESIAN_POINT ( 'NONE',  ( 11.85000000000000142, -9.707106781186604749, 16.73357303036088339 ) ) ;
#4140 = CARTESIAN_POINT ( 'NONE',  ( 10.26462629232709389, -8.253173210873610444, 15.84511279398794592 ) ) ;
#4141 = ADVANCED_FACE ( 'NONE', ( #3718 ), #3848, .F. ) ;
#4142 = CARTESIAN_POINT ( 'NONE',  ( -7.249999999999999112, -15.00000000000001421, 14.27693615844911257 ) ) ;
#4143 = VECTOR ( 'NONE', #966, 1000.000000000000114 ) ;
#4144 = ORIENTED_EDGE ( 'NONE', *, *, #428, .F. ) ;
#4145 = FACE_OUTER_BOUND ( 'NONE', #1588, .T. ) ;
#4146 = VECTOR ( 'NONE', #400, 999.9999999999998863 ) ;
#4147 = CARTESIAN_POINT ( 'NONE',  ( 10.47781045199443106, -5.177744109241931625, 12.78830573025872219 ) ) ;
#4148 = CARTESIAN_POINT ( 'NONE',  ( 12.15680221654958792, -5.558578643762699834, 12.27457856830089966 ) ) ;
#4149 = EDGE_CURVE ( 'NONE', #2128, #534, #2216, .T. ) ;
#4150 = CARTESIAN_POINT ( 'NONE',  ( 12.14242894438802089, -5.476434061329928937, 12.46459632210003576 ) ) ;
#4151 = VECTOR ( 'NONE', #433, 1000.000000000000114 ) ;
#4152 = CARTESIAN_POINT ( 'NONE',  ( -8.113139720814380951, -5.500000000000010658, 14.05237020535574644 ) ) ;
#4153 = CARTESIAN_POINT ( 'NONE',  ( -12.15000000000000036, -9.565685424949297300, 16.66967721593322338 ) ) ;
#4154 = CARTESIAN_POINT ( 'NONE',  ( 10.47245814652242046, -5.484377484356588894, 12.88477304920238531 ) ) ;
#4155 = ORIENTED_EDGE ( 'NONE', *, *, #831, .F. ) ;
#4156 = CIRCLE ( 'NONE', #3186, 0.5000000000000004441 ) ;
#4157 = PLANE ( 'NONE',  #1197 ) ;
#4158 = CARTESIAN_POINT ( 'NONE',  ( -12.13796504865984005, -5.442820046205966378, 12.42884641438352133 ) ) ;
#4159 = VECTOR ( 'NONE', #1532, 1000.000000000000000 ) ;
#4160 = CARTESIAN_POINT ( 'NONE',  ( 10.34999999999999076, -5.200000000000010836, -23.49999999999999645 ) ) ;
#4161 = CARTESIAN_POINT ( 'NONE',  ( -6.135343034915755389, -12.49999999999999467, -22.19828495911596278 ) ) ;
#4162 = AXIS2_PLACEMENT_3D ( 'NONE', #1791, #3583, #1462 ) ;
#4163 = CARTESIAN_POINT ( 'NONE',  ( 13.74999999999999645, -5.500000000000010658, -22.52982940778282739 ) ) ;
#4164 = EDGE_LOOP ( 'NONE', ( #4178, #2324, #2303, #1124, #848 ) ) ;
#4165 = ADVANCED_FACE ( 'NONE', ( #1614 ), #2827, .T. ) ;
#4166 = EDGE_CURVE ( 'NONE', #2611, #3892, #1838, .T. ) ;
#4167 = CARTESIAN_POINT ( 'NONE',  ( 12.11670354314043507, -5.200000000000010836, -23.67573593128807019 ) ) ;
#4168 = CARTESIAN_POINT ( 'NONE',  ( -10.34892114499130855, -5.395129914552751593, -22.06778493106949313 ) ) ;
#4169 = CARTESIAN_POINT ( 'NONE',  ( -10.34947985711646901, -12.52979896584013275, 15.73244629957125795 ) ) ;
#4170 = DIRECTION ( 'NONE',  ( 0.000000000000000000, 1.000000000000000000, 0.000000000000000000 ) ) ;
#4171 = TOROIDAL_SURFACE ( 'NONE', #1522, 0.7999999999999999334, 0.2999999999999999889 ) ;
#4172 = CARTESIAN_POINT ( 'NONE',  ( 13.64999999999999858, -5.200000000000010836, 3.000000000000001332 ) ) ;
#4173 = EDGE_CURVE ( 'NONE', #979, #1241, #897, .T. ) ;
#4174 = FACE_OUTER_BOUND ( 'NONE', #1671, .T. ) ;
#4175 = CARTESIAN_POINT ( 'NONE',  ( 12.14999999999999858, 17.00105930301486623, -23.80000000000000071 ) ) ;
#4176 = DIRECTION ( 'NONE',  ( 0.000000000000000000, 0.000000000000000000, 1.000000000000000000 ) ) ;
#4177 = B_SPLINE_CURVE_WITH_KNOTS ( 'NONE', 3,
 ( #3346, #917, #514, #1168 ),
 .UNSPECIFIED., .F., .F.,
 ( 4, 4 ),
 ( 0.000000000000000000, 0.002130991686142769820 ),
 .UNSPECIFIED. ) ;
#4178 = ORIENTED_EDGE ( 'NONE', *, *, #3852, .T. ) ;
#4179 = CARTESIAN_POINT ( 'NONE',  ( -12.15000000000000036, -9.565685424949297300, 16.66967721593322338 ) ) ;
#4180 = CARTESIAN_POINT ( 'NONE',  ( 10.31034787501309680, -8.115514777132609936, 16.19352754239320191 ) ) ;
#4181 = CARTESIAN_POINT ( 'NONE',  ( 13.64999999999999680, -5.200000000000010836, 10.62472232502674885 ) ) ;
#4182 = LINE ( 'NONE', #790, #1580 ) ;
#4183 = EDGE_CURVE ( 'NONE', #3489, #3780, #1191, .T. ) ;
#4184 = ORIENTED_EDGE ( 'NONE', *, *, #3852, .F. ) ;
#4185 = CYLINDRICAL_SURFACE ( 'NONE', #1287, 0.3000000000000016542 ) ;
#4186 = CARTESIAN_POINT ( 'NONE',  ( 0.000000000000000000, -9.707106781186604749, -10.49999999999999822 ) ) ;
#4187 = CARTESIAN_POINT ( 'NONE',  ( 10.68287244362099919, -7.805841636522013793, 15.71253339731173959 ) ) ;
#4188 = CARTESIAN_POINT ( 'NONE',  ( -10.67396142659912783, -5.400000000000010125, 12.65068362120861067 ) ) ;
#4189 = ADVANCED_FACE ( 'NONE', ( #2617 ), #1945, .T. ) ;
#4190 = VERTEX_POINT ( 'NONE', #4414 ) ;
#4191 = CARTESIAN_POINT ( 'NONE',  ( 7.250000000000000888, -14.50000000000001066, 14.27693615844911257 ) ) ;
#4192 = DIRECTION ( 'NONE',  ( -0.3619113535020125338, 0.000000000000000000, 0.9322125145085433662 ) ) ;
#4193 = CARTESIAN_POINT ( 'NONE',  ( -10.40317855229352695, -9.453402779524578747, 15.56353664818393767 ) ) ;
#4194 = LINE ( 'NONE', #361, #2135 ) ;
#4195 = CARTESIAN_POINT ( 'NONE',  ( -9.850283347243248500, -8.565534631963000578, 16.59074114159993485 ) ) ;
#4196 = ORIENTED_EDGE ( 'NONE', *, *, #4064, .T. ) ;
#4197 = CARTESIAN_POINT ( 'NONE',  ( 10.67396142659912250, -5.200000000000010836, -21.82403757902092778 ) ) ;
#4198 = FACE_OUTER_BOUND ( 'NONE', #1760, .T. ) ;
#4199 = LINE ( 'NONE', #2400, #4508 ) ;
#4200 = EDGE_CURVE ( 'NONE', #115, #549, #2279, .T. ) ;
#4201 = ORIENTED_EDGE ( 'NONE', *, *, #3235, .T. ) ;
#4202 = CYLINDRICAL_SURFACE ( 'NONE', #1047, 0.2999999999999999334 ) ;
#4203 = LINE ( 'NONE', #2363, #4433 ) ;
#4204 = EDGE_CURVE ( 'NONE', #3726, #1797, #3653, .T. ) ;
#4205 = ORIENTED_EDGE ( 'NONE', *, *, #3572, .F. ) ;
#4206 = CARTESIAN_POINT ( 'NONE',  ( 10.46547005383791529, -5.200000000000010836, -23.50000000000000000 ) ) ;
#4207 = CARTESIAN_POINT ( 'NONE',  ( 12.15000000000000036, -9.707106781186604749, 16.73357303036088339 ) ) ;
#4208 = CARTESIAN_POINT ( 'NONE',  ( 10.68287244362099919, -7.805841636522016458, 15.71253339731173604 ) ) ;
#4209 = DIRECTION ( 'NONE',  ( 0.000000000000000000, 0.000000000000000000, 1.000000000000000000 ) ) ;
#4210 = ORIENTED_EDGE ( 'NONE', *, *, #1162, .F. ) ;
#4211 = DIRECTION ( 'NONE',  ( -0.000000000000000000, 1.000000000000000000, -0.000000000000000000 ) ) ;
#4212 = CARTESIAN_POINT ( 'NONE',  ( -11.94275964880098861, -6.744265400048249148, 13.99637691772543668 ) ) ;
#4213 = VERTEX_POINT ( 'NONE', #204 ) ;
#4214 = CARTESIAN_POINT ( 'NONE',  ( -10.15761360547723235, -12.52733736079663984, 15.80657661833875061 ) ) ;
#4215 = DIRECTION ( 'NONE',  ( -0.4999999999999978906, 0.000000000000000000, 0.8660254037844398178 ) ) ;
#4216 =( GEOMETRIC_REPRESENTATION_CONTEXT ( 3 ) GLOBAL_UNCERTAINTY_ASSIGNED_CONTEXT ( ( #55 ) ) GLOBAL_UNIT_ASSIGNED_CONTEXT ( ( #3007, #504, #1586 ) ) REPRESENTATION_CONTEXT ( 'NONE', 'WORKASPACE' ) );
#4217 = CIRCLE ( 'NONE', #3393, 3.750000000000000000 ) ;
#4218 = AXIS2_PLACEMENT_3D ( 'NONE', #3449, #347, #1694 ) ;
#4219 = VECTOR ( 'NONE', #2468, 1000.000000000000000 ) ;
#4220 = ORIENTED_EDGE ( 'NONE', *, *, #4316, .F. ) ;
#4221 = CIRCLE ( 'NONE', #2650, 0.5000000000000004441 ) ;
#4222 = PRODUCT_DEFINITION_CONTEXT ( 'detailed design', #2255, 'design' ) ;
#4223 = DIRECTION ( 'NONE',  ( 0.000000000000000000, -1.000000000000000000, 0.000000000000000000 ) ) ;
#4224 = ORIENTED_EDGE ( 'NONE', *, *, #2023, .F. ) ;
#4225 = DIRECTION ( 'NONE',  ( -0.01169883348870689663, -0.6702257216923884764, 0.7420651044732670121 ) ) ;
#4226 = CARTESIAN_POINT ( 'NONE',  ( -8.697180082515917121, -10.56276807284428543, 17.95513153166636755 ) ) ;
#4227 = ADVANCED_FACE ( 'NONE', ( #2593 ), #2320, .T. ) ;
#4228 = ADVANCED_FACE ( 'NONE', ( #4097 ), #3015, .T. ) ;
#4229 = ORIENTED_EDGE ( 'NONE', *, *, #2788, .T. ) ;
#4230 = CARTESIAN_POINT ( 'NONE',  ( 10.41675812862978923, -8.675429372257944749, 15.57283016422048583 ) ) ;
#4231 = CARTESIAN_POINT ( 'NONE',  ( 12.14999999999999858, -5.500000000000011546, 2.500000000000002220 ) ) ;
#4232 = ORIENTED_EDGE ( 'NONE', *, *, #3721, .F. ) ;
#4233 = AXIS2_PLACEMENT_3D ( 'NONE', #352, #2092, #4259 ) ;
#4234 = EDGE_CURVE ( 'NONE', #1817, #3752, #2921, .T. ) ;
#4235 = DIRECTION ( 'NONE',  ( -2.891205793294662451E-15, 0.000000000000000000, 1.000000000000000000 ) ) ;
#4236 = ORIENTED_EDGE ( 'NONE', *, *, #2806, .F. ) ;
#4237 = CARTESIAN_POINT ( 'NONE',  ( 12.25000000000000178, -5.200000000000010836, 11.66395280956806957 ) ) ;
#4238 = DIRECTION ( 'NONE',  ( 8.673617379884049672E-15, 0.7914872521527187565, 0.6111856752900368672 ) ) ;
#4239 = PLANE ( 'NONE',  #3997 ) ;
#4240 = B_SPLINE_CURVE_WITH_KNOTS ( 'NONE', 3,
 ( #145, #194, #1558, #588 ),
 .UNSPECIFIED., .F., .F.,
 ( 4, 4 ),
 ( 3.648078513720560085E-17, 0.0004212045663396561082 ),
 .UNSPECIFIED. ) ;
#4241 = ORIENTED_EDGE ( 'NONE', *, *, #756, .F. ) ;
#4242 = EDGE_CURVE ( 'NONE', #49, #3532, #1703, .T. ) ;
#4243 = CIRCLE ( 'NONE', #1514, 0.3000000000000002665 ) ;
#4244 = VECTOR ( 'NONE', #505, 1000.000000000000114 ) ;
#4245 = ORIENTED_EDGE ( 'NONE', *, *, #2008, .T. ) ;
#4246 = CARTESIAN_POINT ( 'NONE',  ( 12.14999999999999858, 17.00105930301486623, -23.80000000000000071 ) ) ;
#4247 = DIRECTION ( 'NONE',  ( 1.000000000000000000, -0.000000000000000000, 1.961181171427461100E-16 ) ) ;
#4248 = ORIENTED_EDGE ( 'NONE', *, *, #872, .F. ) ;
#4249 = ORIENTED_EDGE ( 'NONE', *, *, #3913, .T. ) ;
#4250 = ORIENTED_EDGE ( 'NONE', *, *, #1459, .F. ) ;
#4251 = CARTESIAN_POINT ( 'NONE',  ( -2.186655558190170545, -19.73932733289969121, -22.07366753697639794 ) ) ;
#4252 = CARTESIAN_POINT ( 'NONE',  ( 12.14999999999999858, 18.65052965150742281, -22.15052965150744413 ) ) ;
#4253 = DIRECTION ( 'NONE',  ( -0.4999428824215583211, -0.8659264732365766770, 0.01511480281340694433 ) ) ;
#4254 = FACE_OUTER_BOUND ( 'NONE', #1962, .T. ) ;
#4255 = CARTESIAN_POINT ( 'NONE',  ( 8.926065335395424682, -10.66939651023832525, 18.14738955383281294 ) ) ;
#4256 = EDGE_CURVE ( 'NONE', #1885, #4110, #1982, .T. ) ;
#4257 = ORIENTED_EDGE ( 'NONE', *, *, #755, .T. ) ;
#4258 = CARTESIAN_POINT ( 'NONE',  ( 12.15000000000000036, -5.670226432448643550, 12.35677313259562382 ) ) ;
#4259 = DIRECTION ( 'NONE',  ( 1.961181171427461100E-16, 0.000000000000000000, 1.000000000000000000 ) ) ;
#4260 = DIRECTION ( 'NONE',  ( -0.4999999999999978906, 0.000000000000000000, 0.8660254037844398178 ) ) ;
#4261 = DIRECTION ( 'NONE',  ( -0.000000000000000000, -1.000000000000000000, 0.000000000000000000 ) ) ;
#4262 = EDGE_CURVE ( 'NONE', #3811, #2494, #3765, .T. ) ;
#4263 = ADVANCED_FACE ( 'NONE', ( #3079 ), #1021, .T. ) ;
#4264 = ORIENTED_EDGE ( 'NONE', *, *, #558, .T. ) ;
#4265 = CARTESIAN_POINT ( 'NONE',  ( 7.578718707889822603, -12.50000000000000888, 16.81977793090867479 ) ) ;
#4266 = CARTESIAN_POINT ( 'NONE',  ( -12.15000000000000036, -5.324264068711938691, 2.500000000000002665 ) ) ;
#4267 = VERTEX_POINT ( 'NONE', #2406 ) ;
#4268 = CARTESIAN_POINT ( 'NONE',  ( 0.000000000000000000, 17.00105930301486623, -10.49999999999999822 ) ) ;
#4269 = CONICAL_SURFACE ( 'NONE', #271, 25.49999999999996447, 0.7853981633974459475 ) ;
#4270 = ORIENTED_EDGE ( 'NONE', *, *, #3944, .F. ) ;
#4271 = ORIENTED_EDGE ( 'NONE', *, *, #2481, .T. ) ;
#4272 = DIRECTION ( 'NONE',  ( 0.000000000000000000, 0.000000000000000000, 1.000000000000000000 ) ) ;
#4273 = CARTESIAN_POINT ( 'NONE',  ( 11.96969696969697239, -9.707106781186602973, 17.00865962662715347 ) ) ;
#4274 = ORIENTED_EDGE ( 'NONE', *, *, #2864, .T. ) ;
#4275 = CARTESIAN_POINT ( 'NONE',  ( 10.40398701153511141, -9.407086180594008695, 15.56408532916323750 ) ) ;
#4276 = CARTESIAN_POINT ( 'NONE',  ( -12.14999999999999858, 17.00105930301486623, -23.80000000000000071 ) ) ;
#4277 = CARTESIAN_POINT ( 'NONE',  ( 12.13727472846355226, -5.409794818273343964, 12.39175071858877430 ) ) ;
#4278 = ORIENTED_EDGE ( 'NONE', *, *, #1042, .T. ) ;
#4279 = CARTESIAN_POINT ( 'NONE',  ( 13.84999999999999964, -5.500000000000010658, 2.855673972088735444E-15 ) ) ;
#4280 = FACE_OUTER_BOUND ( 'NONE', #9, .T. ) ;
#4281 = CARTESIAN_POINT ( 'NONE',  ( 7.752668494999187310, -12.49999999999999645, 16.61339394481344911 ) ) ;
#4282 = DIRECTION ( 'NONE',  ( 1.457954101459833063E-16, 0.7071067811865474617, -0.7071067811865474617 ) ) ;
#4283 = CARTESIAN_POINT ( 'NONE',  ( 10.16495199884198897, -5.920512539844739131, -22.31487584642018973 ) ) ;
#4284 = ORIENTED_EDGE ( 'NONE', *, *, #3396, .T. ) ;
#4285 = ADVANCED_FACE ( 'NONE', ( #671 ), #2858, .T. ) ;
#4286 = CARTESIAN_POINT ( 'NONE',  ( 10.26326255883082261, -12.50000000000001243, 15.74643692084687352 ) ) ;
#4287 = FACE_OUTER_BOUND ( 'NONE', #429, .T. ) ;
#4288 = CARTESIAN_POINT ( 'NONE',  ( -13.89999999999999503, -6.950000000000011724, 11.05773502691896759 ) ) ;
#4289 = ORIENTED_EDGE ( 'NONE', *, *, #957, .T. ) ;
#4290 = ADVANCED_FACE ( 'NONE', ( #3039 ), #2431, .F. ) ;
#4291 = TOROIDAL_SURFACE ( 'NONE', #2284, 28.47409342089537532, 0.2000000000000000111 ) ;
#4292 = ORIENTED_EDGE ( 'NONE', *, *, #1519, .F. ) ;
#4293 = CARTESIAN_POINT ( 'NONE',  ( -13.89999999999999680, -18.33257888130140856, -22.78963702891815757 ) ) ;
#4294 = AXIS2_PLACEMENT_3D ( 'NONE', #3032, #285, #3823 ) ;
#4295 = VECTOR ( 'NONE', #2572, 1000.000000000000114 ) ;
#4296 = AXIS2_PLACEMENT_3D ( 'NONE', #1999, #715, #3422 ) ;
#4297 = ORIENTED_EDGE ( 'NONE', *, *, #1252, .F. ) ;
#4298 = CARTESIAN_POINT ( 'NONE',  ( -13.64999999999999858, -5.500000000000011546, 2.500000000000001332 ) ) ;
#4299 = CARTESIAN_POINT ( 'NONE',  ( -3.500000000000000000, -15.00000000000001421, 10.52693615844911257 ) ) ;
#4300 = CIRCLE ( 'NONE', #758, 0.2000000000000000666 ) ;
#4301 = CARTESIAN_POINT ( 'NONE',  ( 12.14999999999999858, -18.33257888130140856, 2.500000000000002220 ) ) ;
#4302 = B_SPLINE_CURVE_WITH_KNOTS ( 'NONE', 3,
 ( #525, #1910, #1585, #2984 ),
 .UNSPECIFIED., .F., .F.,
 ( 4, 4 ),
 ( 0.000000000000000000, 0.0002536281286993978643 ),
 .UNSPECIFIED. ) ;
#4303 = CIRCLE ( 'NONE', #2144, 0.2000000000000004829 ) ;
#4304 = ORIENTED_EDGE ( 'NONE', *, *, #1186, .F. ) ;
#4305 = CARTESIAN_POINT ( 'NONE',  ( -13.64999999999999680, -5.500000000000011546, -14.08867513459481202 ) ) ;
#4306 = FACE_OUTER_BOUND ( 'NONE', #99, .T. ) ;
#4307 = FACE_OUTER_BOUND ( 'NONE', #947, .T. ) ;
#4308 = CARTESIAN_POINT ( 'NONE',  ( -11.94276068905702815, -6.743991078266460271, 13.99606738123651972 ) ) ;
#4309 = EDGE_LOOP ( 'NONE', ( #1019, #1304, #923, #3059 ) ) ;
#4310 =( BOUNDED_SURFACE ( )  B_SPLINE_SURFACE ( 3, 2, ( 
 ( #2956, #921, #2977 ),
 ( #3723, #566, #1239 ),
 ( #1949, #3043, #1618 ),
 ( #3019, #4462, #1300 ) ),
 .UNSPECIFIED., .F., .F., .F. ) 
 B_SPLINE_SURFACE_WITH_KNOTS ( ( 4, 4 ),
 ( 3, 3 ),
 ( -4.865357249028701148E-18, 0.0002094471855232964076 ),
 ( 0.000000000000000000, 1.000000000000000000 ),
 .UNSPECIFIED. ) 
 GEOMETRIC_REPRESENTATION_ITEM ( )  RATIONAL_B_SPLINE_SURFACE ( (
 ( 1.000000000000000000, 0.8443262081572304734, 1.000000000000000000),
 ( 1.000000000000000000, 0.8170879341652620420, 1.000000000000000000),
 ( 1.000000000000000000, 0.7678135467551210347, 1.000000000000000000),
 ( 1.000000000000000000, 0.7071067811865475727, 1.000000000000000000) ) ) 
 REPRESENTATION_ITEM ( '' )  SURFACE ( )  );
#4311 = DIRECTION ( 'NONE',  ( 0.000000000000000000, 0.000000000000000000, 1.000000000000000000 ) ) ;
#4312 = DIRECTION ( 'NONE',  ( 0.9322125145093154153, -1.918290489712042695E-12, -0.3619113535000240134 ) ) ;
#4313 = CIRCLE ( 'NONE', #170, 0.5000000000000000000 ) ;
#4314 = DIRECTION ( 'NONE',  ( 0.000000000000000000, 0.000000000000000000, -1.000000000000000000 ) ) ;
#4315 = EDGE_CURVE ( 'NONE', #1088, #1292, #3102, .T. ) ;
#4316 = EDGE_CURVE ( 'NONE', #2612, #3975, #4458, .T. ) ;
#4317 = VERTEX_POINT ( 'NONE', #2682 ) ;
#4318 = AXIS2_PLACEMENT_3D ( 'NONE', #3704, #1583, #1263 ) ;
#4319 = EDGE_LOOP ( 'NONE', ( #4534, #1976, #2529, #1415 ) ) ;
#4320 = AXIS2_PLACEMENT_3D ( 'NONE', #2621, #209, #2282 ) ;
#4321 = DIRECTION ( 'NONE',  ( -3.469446951953611033E-15, 0.000000000000000000, 1.000000000000000000 ) ) ;
#4322 = EDGE_CURVE ( 'NONE', #2646, #1150, #298, .T. ) ;
#4323 = CARTESIAN_POINT ( 'NONE',  ( 12.15000000000000036, -9.565685424949295523, 16.66967721593321983 ) ) ;
#4324 = CARTESIAN_POINT ( 'NONE',  ( -9.850188743692292803, -8.565698490119832087, 16.59095333856451759 ) ) ;
#4325 = ORIENTED_EDGE ( 'NONE', *, *, #1780, .T. ) ;
#4326 = DIRECTION ( 'NONE',  ( -0.000000000000000000, 1.000000000000000000, -0.000000000000000000 ) ) ;
#4327 = CARTESIAN_POINT ( 'NONE',  ( -3.500000000000000000, -12.50000000000001066, 10.52693615844911257 ) ) ;
#4328 = ORIENTED_EDGE ( 'NONE', *, *, #2030, .T. ) ;
#4329 = PLANE ( 'NONE',  #1644 ) ;
#4330 = CARTESIAN_POINT ( 'NONE',  ( -13.84999999999999432, -5.500000000000010658, 2.716235922427032418E-15 ) ) ;
#4331 = CARTESIAN_POINT ( 'NONE',  ( -12.14999999999999858, 17.00105930301486623, -23.80000000000000071 ) ) ;
#4332 = EDGE_LOOP ( 'NONE', ( #4229, #2047, #1555, #330 ) ) ;
#4333 = FACE_OUTER_BOUND ( 'NONE', #351, .T. ) ;
#4334 = DIRECTION ( 'NONE',  ( 0.000000000000000000, 0.000000000000000000, 1.000000000000000000 ) ) ;
#4335 = CARTESIAN_POINT ( 'NONE',  ( 7.752668494999187310, -12.49999999999999645, 16.61339394481344911 ) ) ;
#4336 = ORIENTED_EDGE ( 'NONE', *, *, #3198, .F. ) ;
#4337 = VERTEX_POINT ( 'NONE', #2059 ) ;
#4338 = DIRECTION ( 'NONE',  ( 0.000000000000000000, -1.000000000000000000, 0.000000000000000000 ) ) ;
#4339 = CARTESIAN_POINT ( 'NONE',  ( -10.08618780039621932, -8.156936133370301434, 16.06160488095592598 ) ) ;
#4340 = CARTESIAN_POINT ( 'NONE',  ( -14.14999999999999680, -12.16628944065071671, 8.666289440650691844 ) ) ;
#4341 = ORIENTED_EDGE ( 'NONE', *, *, #109, .T. ) ;
#4342 = EDGE_CURVE ( 'NONE', #2347, #3465, #977, .T. ) ;
#4343 = CARTESIAN_POINT ( 'NONE',  ( 7.360473291848471433, -10.77452166781515075, -22.03011833632051975 ) ) ;
#4344 = CARTESIAN_POINT ( 'NONE',  ( -7.752668494999186422, -12.49999999999999645, 16.61339394481344911 ) ) ;
#4345 = DIRECTION ( 'NONE',  ( -0.000000000000000000, -0.000000000000000000, -1.000000000000000000 ) ) ;
#4346 = ORIENTED_EDGE ( 'NONE', *, *, #1607, .F. ) ;
#4347 = CARTESIAN_POINT ( 'NONE',  ( -6.135343034915755389, -12.49999999999999467, -18.80000000000000071 ) ) ;
#4348 = ORIENTED_EDGE ( 'NONE', *, *, #2241, .T. ) ;
#4349 = EDGE_CURVE ( 'NONE', #4267, #165, #4203, .T. ) ;
#4350 = CARTESIAN_POINT ( 'NONE',  ( 9.378881640275100295, -9.663536125717035574, 16.16094828602901856 ) ) ;
#4351 = CARTESIAN_POINT ( 'NONE',  ( -10.35000000000000142, -12.49999999999999467, 15.52708456944178472 ) ) ;
#4352 = DIRECTION ( 'NONE',  ( 1.000000000000000000, -6.151501687861019394E-17, 0.000000000000000000 ) ) ;
#4353 = ORIENTED_EDGE ( 'NONE', *, *, #50, .T. ) ;
#4354 = CARTESIAN_POINT ( 'NONE',  ( -12.14999999999999858, -6.000000000000023981, 2.500000000000002220 ) ) ;
#4355 = DIRECTION ( 'NONE',  ( 1.000000000000000000, 0.000000000000000000, -4.259132699590106941E-17 ) ) ;
#4356 = EDGE_LOOP ( 'NONE', ( #1581, #4249, #2197, #4456 ) ) ;
#4357 = ORIENTED_EDGE ( 'NONE', *, *, #3308, .T. ) ;
#4358 = FACE_OUTER_BOUND ( 'NONE', #3574, .T. ) ;
#4359 = CARTESIAN_POINT ( 'NONE',  ( 10.08618780040435148, -8.156936133356216700, 16.06160488093795990 ) ) ;
#4360 = AXIS2_PLACEMENT_3D ( 'NONE', #2278, #2571, #183 ) ;
#4361 = CARTESIAN_POINT ( 'NONE',  ( -12.16408044511781306, -5.524710740076699267, 12.23895044300190627 ) ) ;
#4362 = CARTESIAN_POINT ( 'NONE',  ( -10.46173032406333192, -6.098974021361405207, 13.95940975392475991 ) ) ;
#4363 = EDGE_CURVE ( 'NONE', #2221, #545, #152, .T. ) ;
#4364 = ADVANCED_FACE ( 'NONE', ( #1719 ), #3125, .T. ) ;
#4365 = VECTOR ( 'NONE', #85, 1000.000000000000000 ) ;
#4366 = EDGE_LOOP ( 'NONE', ( #216, #1557, #4069, #3523 ) ) ;
#4367 = AXIS2_PLACEMENT_3D ( 'NONE', #4424, #2924, #1182 ) ;
#4368 = DIRECTION ( 'NONE',  ( 0.000000000000000000, 0.000000000000000000, 1.000000000000000000 ) ) ;
#4369 = ORIENTED_EDGE ( 'NONE', *, *, #2856, .T. ) ;
#4370 = CARTESIAN_POINT ( 'NONE',  ( 13.89999999999999680, -18.33257888130140856, -22.78963702891815757 ) ) ;
#4371 = CARTESIAN_POINT ( 'NONE',  ( -10.33147682410164947, -12.50000000000001243, 15.64697370230273776 ) ) ;
#4372 = CARTESIAN_POINT ( 'NONE',  ( 9.590040606654715916, -9.353553390593331684, 17.77128881405509020 ) ) ;
#4373 = ORIENTED_EDGE ( 'NONE', *, *, #498, .F. ) ;
#4374 = EDGE_CURVE ( 'NONE', #165, #2485, #3876, .T. ) ;
#4375 = LINE ( 'NONE', #1214, #2001 ) ;
#4376 = DIRECTION ( 'NONE',  ( 0.000000000000000000, 1.000000000000000000, 0.000000000000000000 ) ) ;
#4377 = ORIENTED_EDGE ( 'NONE', *, *, #3005, .F. ) ;
#4378 = VECTOR ( 'NONE', #2774, 1000.000000000000000 ) ;
#4379 = ORIENTED_EDGE ( 'NONE', *, *, #1162, .T. ) ;
#4380 = CARTESIAN_POINT ( 'NONE',  ( 0.000000000000000000, -5.000000000000011546, -10.49999999999999822 ) ) ;
#4381 = CARTESIAN_POINT ( 'NONE',  ( -12.40000000000000391, -5.500000000000011546, 11.92376043070339797 ) ) ;
#4382 = CYLINDRICAL_SURFACE ( 'NONE', #1430, 0.5000000000000000000 ) ;
#4383 = ORIENTED_EDGE ( 'NONE', *, *, #823, .F. ) ;
#4384 = AXIS2_PLACEMENT_3D ( 'NONE', #3134, #1412, #3487 ) ;
#4385 = CARTESIAN_POINT ( 'NONE',  ( -14.14999999999999858, -5.500000000000011546, -22.35662432702594060 ) ) ;
#4386 = CARTESIAN_POINT ( 'NONE',  ( -10.44390727357297521, -7.120055900155049855, 14.68621302207335155 ) ) ;
#4387 = ORIENTED_EDGE ( 'NONE', *, *, #2714, .T. ) ;
#4388 = ORIENTED_EDGE ( 'NONE', *, *, #2653, .T. ) ;
#4389 = CARTESIAN_POINT ( 'NONE',  ( -14.14999999999999680, -6.207106781186573663, 2.707106781186547462 ) ) ;
#4390 = ORIENTED_EDGE ( 'NONE', *, *, #1566, .T. ) ;
#4391 = CARTESIAN_POINT ( 'NONE',  ( 6.135343034915744731, -12.50000000000001066, -23.60000000000000142 ) ) ;
#4392 = DIRECTION ( 'NONE',  ( 0.000000000000000000, 1.000000000000000000, 0.000000000000000000 ) ) ;
#4393 = CARTESIAN_POINT ( 'NONE',  ( 14.14999999999999680, -6.950000000000011724, 10.91339745962156194 ) ) ;
#4394 = ORIENTED_EDGE ( 'NONE', *, *, #3966, .F. ) ;
#4395 = EDGE_LOOP ( 'NONE', ( #2927, #3492, #2865, #1972 ) ) ;
#4396 = DIRECTION ( 'NONE',  ( 0.000000000000000000, 0.6639008430008026540, -0.7478206139595402480 ) ) ;
#4397 = CARTESIAN_POINT ( 'NONE',  ( 9.991746918085100404, -5.820512539844740374, -22.31487584642018618 ) ) ;
#4398 = ADVANCED_FACE ( 'NONE', ( #1739 ), #1143, .T. ) ;
#4399 = ADVANCED_FACE ( 'NONE', ( #3147 ), #2049, .T. ) ;
#4400 = B_SPLINE_CURVE_WITH_KNOTS ( 'NONE', 3,
 ( #4555, #1748, #4488, #3091, #2044, #1709, #1343, #2738, #1012, #1389, #2783, #634, #4148 ),
 .UNSPECIFIED., .F., .F.,
 ( 4, 3, 3, 3, 4 ),
 ( 0.000000000000000000, 2.524680631499397546E-05, 7.545594541420689726E-05, 0.0001012591630705894218, 0.0001424022084183558393 ),
 .UNSPECIFIED. ) ;
#4401 = ORIENTED_EDGE ( 'NONE', *, *, #2565, .F. ) ;
#4402 = CARTESIAN_POINT ( 'NONE',  ( -6.135343034915755389, -12.49999999999999467, -22.19828495911596278 ) ) ;
#4403 = VERTEX_POINT ( 'NONE', #4231 ) ;
#4404 = CARTESIAN_POINT ( 'NONE',  ( 13.84999999999999432, -5.200000000000010836, 2.716235922427032418E-15 ) ) ;
#4405 = EDGE_CURVE ( 'NONE', #3909, #3344, #742, .T. ) ;
#4406 =( BOUNDED_CURVE ( )  B_SPLINE_CURVE ( 3, ( #2686, #1302, #275, #583 ),
 .UNSPECIFIED., .F., .F. ) 
 B_SPLINE_CURVE_WITH_KNOTS ( ( 4, 4 ),
 ( 1.835961930830894762, 1.892495557933581152 ),
 .UNSPECIFIED. ) 
 CURVE ( )  GEOMETRIC_REPRESENTATION_ITEM ( )  RATIONAL_B_SPLINE_CURVE ( ( 1.000000000000000000, 0.9997336801506726545, 0.9997336801506726545, 1.000000000000000000 ) ) 
 REPRESENTATION_ITEM ( '' )  );
#4407 = CARTESIAN_POINT ( 'NONE',  ( -12.15680221654958615, -5.558578643762706939, 12.27457856830090321 ) ) ;
#4408 = AXIS2_PLACEMENT_3D ( 'NONE', #1750, #689, #2076 ) ;
#4409 = ORIENTED_EDGE ( 'NONE', *, *, #3308, .F. ) ;
#4410 = DIRECTION ( 'NONE',  ( -0.4744255667104031460, 0.8217291859520762243, 0.3157238138089225599 ) ) ;
#4411 = VERTEX_POINT ( 'NONE', #723 ) ;
#4412 = DIRECTION ( 'NONE',  ( -0.000000000000000000, -0.000000000000000000, 1.000000000000000000 ) ) ;
#4413 = CARTESIAN_POINT ( 'NONE',  ( -11.95141991795080472, -5.382468417544110650, 12.45792855727843396 ) ) ;
#4414 = CARTESIAN_POINT ( 'NONE',  ( -12.19196609096476536, -5.500000000000011546, 12.15626144172972189 ) ) ;
#4415 = ORIENTED_EDGE ( 'NONE', *, *, #880, .T. ) ;
#4416 = B_SPLINE_CURVE_WITH_KNOTS ( 'NONE', 3,
 ( #2521, #4324, #1068, #2453 ),
 .UNSPECIFIED., .F., .F.,
 ( 4, 4 ),
 ( 0.0002314367980937005135, 0.002359032199037127547 ),
 .UNSPECIFIED. ) ;
#4417 = CARTESIAN_POINT ( 'NONE',  ( 0.000000000000000000, -9.353553390593331684, -10.49999999999999822 ) ) ;
#4418 = LINE ( 'NONE', #189, #1505 ) ;
#4419 = ORIENTED_EDGE ( 'NONE', *, *, #538, .T. ) ;
#4420 = EDGE_CURVE ( 'NONE', #91, #3805, #4416, .T. ) ;
#4421 = CARTESIAN_POINT ( 'NONE',  ( -10.23570246137892958, -7.782346940463090057, 15.86515775759439606 ) ) ;
#4422 = EDGE_LOOP ( 'NONE', ( #1886, #4270, #2013, #1616 ) ) ;
#4423 = EDGE_CURVE ( 'NONE', #524, #4403, #392, .T. ) ;
#4424 = CARTESIAN_POINT ( 'NONE',  ( -13.19320230503483060, -5.500000000000010658, -22.85129670685513048 ) ) ;
#4425 = CARTESIAN_POINT ( 'NONE',  ( -12.40000000000000036, -6.950000000000011724, -12.78963702891815402 ) ) ;
#4426 = CIRCLE ( 'NONE', #2418, 0.2999999999999999334 ) ;
#4427 = ORIENTED_EDGE ( 'NONE', *, *, #1873, .T. ) ;
#4428 = DIRECTION ( 'NONE',  ( -0.8660254037844387076, -0.4999999999999998890, 0.000000000000000000 ) ) ;
#4429 = EDGE_LOOP ( 'NONE', ( #3187, #463, #155, #3275 ) ) ;
#4430 = CIRCLE ( 'NONE', #3695, 29.99999999999999289 ) ;
#4431 = CARTESIAN_POINT ( 'NONE',  ( 9.590040606654715916, -9.353553390593331684, 17.77128881405509020 ) ) ;
#4432 = CARTESIAN_POINT ( 'NONE',  ( -10.37540168369035776, -8.168165645323743007, 15.74742686898115274 ) ) ;
#4433 = VECTOR ( 'NONE', #3475, 1000.000000000000000 ) ;
#4434 = ORIENTED_EDGE ( 'NONE', *, *, #3477, .T. ) ;
#4435 = AXIS2_PLACEMENT_3D ( 'NONE', #2728, #2805, #2411 ) ;
#4436 = CARTESIAN_POINT ( 'NONE',  ( 11.84999999999999964, -5.200000000000010836, -12.35662432702593172 ) ) ;
#4437 = CARTESIAN_POINT ( 'NONE',  ( -10.19675031171493629, -10.30049588194841803, 15.83311957852517260 ) ) ;
#4438 = ADVANCED_FACE ( 'NONE', ( #3573 ), #3948, .F. ) ;
#4439 = CIRCLE ( 'NONE', #2433, 0.5000000000000004441 ) ;
#4440 = ORIENTED_EDGE ( 'NONE', *, *, #2159, .F. ) ;
#4441 = CARTESIAN_POINT ( 'NONE',  ( -10.42493003486044856, -8.019990333099237034, 15.63248532922910350 ) ) ;
#4442 = ORIENTED_EDGE ( 'NONE', *, *, #3267, .F. ) ;
#4443 = CARTESIAN_POINT ( 'NONE',  ( -10.37747726250792724, -10.92582868520252504, 15.54592401976617566 ) ) ;
#4444 = ADVANCED_FACE ( 'NONE', ( #1452 ), #1278, .T. ) ;
#4445 = ADVANCED_FACE ( 'NONE', ( #2492 ), #2158, .T. ) ;
#4446 = CARTESIAN_POINT ( 'NONE',  ( 12.13727472846355226, -5.409794818273337746, 12.39175071858877253 ) ) ;
#4447 =( BOUNDED_CURVE ( )  B_SPLINE_CURVE ( 3, ( #753, #2147, #2119, #1772 ),
 .UNSPECIFIED., .F., .F. ) 
 B_SPLINE_CURVE_WITH_KNOTS ( ( 4, 4 ),
 ( 4.390689749246020845, 4.447223376348691914 ),
 .UNSPECIFIED. ) 
 CURVE ( )  GEOMETRIC_REPRESENTATION_ITEM ( )  RATIONAL_B_SPLINE_CURVE ( ( 1.000000000000000000, 0.9997336801506726545, 0.9997336801506726545, 1.000000000000000000 ) ) 
 REPRESENTATION_ITEM ( '' )  );
#4448 = AXIS2_PLACEMENT_3D ( 'NONE', #4305, #1340, #2733 ) ;
#4449 = EDGE_CURVE ( 'NONE', #2582, #2646, #782, .T. ) ;
#4450 = EDGE_CURVE ( 'NONE', #3365, #1442, #3914, .T. ) ;
#4451 = CARTESIAN_POINT ( 'NONE',  ( 10.44735578997040371, -6.922490528365963236, 14.85798655721298900 ) ) ;
#4452 = ORIENTED_EDGE ( 'NONE', *, *, #3258, .T. ) ;
#4453 = CIRCLE ( 'NONE', #1069, 0.5000000000000004441 ) ;
#4454 = ORIENTED_EDGE ( 'NONE', *, *, #2864, .F. ) ;
#4455 = CARTESIAN_POINT ( 'NONE',  ( 12.65000000000000213, -5.200000000000010836, 12.35677313259562382 ) ) ;
#4456 = ORIENTED_EDGE ( 'NONE', *, *, #3497, .F. ) ;
#4457 = CARTESIAN_POINT ( 'NONE',  ( 10.25939288115277748, -8.256936133370878395, 16.06160488095811445 ) ) ;
#4458 = LINE ( 'NONE', #1313, #3693 ) ;
#4459 = AXIS2_PLACEMENT_3D ( 'NONE', #379, #32, #987 ) ;
#4460 = EDGE_CURVE ( 'NONE', #1817, #3238, #750, .T. ) ;
#4461 = ORIENTED_EDGE ( 'NONE', *, *, #2178, .F. ) ;
#4462 = CARTESIAN_POINT ( 'NONE',  ( -12.19196609096476358, -5.200000000000010836, 12.15626144172972189 ) ) ;
#4463 = CARTESIAN_POINT ( 'NONE',  ( 12.19196609096476713, -5.500000000000011546, 12.15626144172972367 ) ) ;
#4464 = DIRECTION ( 'NONE',  ( -0.000000000000000000, 1.000000000000000000, -0.000000000000000000 ) ) ;
#4465 = ORIENTED_EDGE ( 'NONE', *, *, #4342, .T. ) ;
#4466 = ADVANCED_FACE ( 'NONE', ( #2182 ), #3923, .T. ) ;
#4467 = CARTESIAN_POINT ( 'NONE',  ( 14.14999999999999858, -18.33257888130140856, -22.35662432702594060 ) ) ;
#4468 = EDGE_LOOP ( 'NONE', ( #2672, #2090, #1027, #3159 ) ) ;
#4469 = DIRECTION ( 'NONE',  ( 4.259132699590121732E-17, -0.000000000000000000, -1.000000000000000000 ) ) ;
#4470 = B_SPLINE_CURVE_WITH_KNOTS ( 'NONE', 3,
 ( #1536, #3280, #4286, #2933, #1171, #1440 ),
 .UNSPECIFIED., .F., .F.,
 ( 4, 2, 4 ),
 ( 0.000000000000000000, 0.0001792791599960145271, 0.0003585583199920290543 ),
 .UNSPECIFIED. ) ;
#4471 = CARTESIAN_POINT ( 'NONE',  ( -14.14999999999999680, -18.33257888130140856, -14.08867513459481202 ) ) ;
#4472 = LINE ( 'NONE', #1501, #4004 ) ;
#4473 = EDGE_CURVE ( 'NONE', #3042, #2842, #1502, .T. ) ;
#4474 = ORIENTED_EDGE ( 'NONE', *, *, #2538, .T. ) ;
#4475 = CARTESIAN_POINT ( 'NONE',  ( 10.46547005383791884, -5.200000000000010836, -22.23024303063488816 ) ) ;
#4476 = ORIENTED_EDGE ( 'NONE', *, *, #1133, .T. ) ;
#4477 = LINE ( 'NONE', #1312, #381 ) ;
#4478 = CARTESIAN_POINT ( 'NONE',  ( -12.15680221654958615, -5.558578643762708715, 12.27457856830090499 ) ) ;
#4479 = VECTOR ( 'NONE', #4560, 1000.000000000000000 ) ;
#4480 = EDGE_CURVE ( 'NONE', #3562, #1446, #765, .T. ) ;
#4481 = CARTESIAN_POINT ( 'NONE',  ( 10.24968728028285625, -5.373746727195506168, -23.59999999573719975 ) ) ;
#4482 = LINE ( 'NONE', #602, #2514 ) ;
#4483 = CARTESIAN_POINT ( 'NONE',  ( 10.40959524394314961, -8.090568190901388235, 15.68400788049765637 ) ) ;
#4484 = CARTESIAN_POINT ( 'NONE',  ( 11.96969696969697239, -12.50000000000001066, 17.00865962662715347 ) ) ;
#4485 = VERTEX_POINT ( 'NONE', #3270 ) ;
#4486 = CARTESIAN_POINT ( 'NONE',  ( -10.29491870096810402, -8.243008830333582893, 15.82690109746894080 ) ) ;
#4487 = CARTESIAN_POINT ( 'NONE',  ( 10.47399188563896999, -5.396509629217709936, 12.73627387587710302 ) ) ;
#4488 = CARTESIAN_POINT ( 'NONE',  ( 12.18540275143542750, -5.500530216621759116, 12.17178964480203263 ) ) ;
#4489 = CARTESIAN_POINT ( 'NONE',  ( 12.13796504866009940, -5.442820046218642460, 12.42884641439740356 ) ) ;
#4490 = CARTESIAN_POINT ( 'NONE',  ( 12.14999999999999858, -6.950000000000011724, -23.80000000000000071 ) ) ;
#4491 = CARTESIAN_POINT ( 'NONE',  ( -11.85000000000000142, -5.200000000000010836, -12.35662432702593350 ) ) ;
#4492 = ORIENTED_EDGE ( 'NONE', *, *, #428, .T. ) ;
#4493 = B_SPLINE_CURVE_WITH_KNOTS ( 'NONE', 3,
 ( #1727, #1119, #631, #2876 ),
 .UNSPECIFIED., .F., .F.,
 ( 4, 4 ),
 ( 0.000000000000000000, 0.0002824640380462798426 ),
 .UNSPECIFIED. ) ;
#4494 = PLANE ( 'NONE',  #3388 ) ;
#4495 = DIRECTION ( 'NONE',  ( 0.000000000000000000, 1.000000000000000000, 0.000000000000000000 ) ) ;
#4496 = ADVANCED_FACE ( 'NONE', ( #1802 ), #1142, .F. ) ;
#4497 = ORIENTED_EDGE ( 'NONE', *, *, #3106, .F. ) ;
#4498 = VECTOR ( 'NONE', #2991, 1000.000000000000000 ) ;
#4499 = DIRECTION ( 'NONE',  ( 0.000000000000000000, 0.000000000000000000, 1.000000000000000000 ) ) ;
#4500 = CARTESIAN_POINT ( 'NONE',  ( 12.14999999999999858, -12.50000000000001066, -23.80000000000000071 ) ) ;
#4501 = CARTESIAN_POINT ( 'NONE',  ( 10.68211113091452091, -7.845008529479552628, 15.75513839313783038 ) ) ;
#4502 = AXIS2_PLACEMENT_3D ( 'NONE', #1898, #2972, #4352 ) ;
#4503 = EDGE_CURVE ( 'NONE', #1262, #743, #148, .T. ) ;
#4504 = VECTOR ( 'NONE', #610, 1000.000000000000000 ) ;
#4505 = ORIENTED_EDGE ( 'NONE', *, *, #20, .T. ) ;
#4506 = CARTESIAN_POINT ( 'NONE',  ( 10.59894756016827166, -5.200000000000010836, -22.13448506128780124 ) ) ;
#4507 = CARTESIAN_POINT ( 'NONE',  ( -7.705957473736856578, -12.49999999999999112, 16.62675026101816300 ) ) ;
#4508 = VECTOR ( 'NONE', #3096, 1000.000000000000000 ) ;
#4509 = DIRECTION ( 'NONE',  ( 0.000000000000000000, 0.000000000000000000, -1.000000000000000000 ) ) ;
#4510 = LINE ( 'NONE', #3442, #4504 ) ;
#4511 = CARTESIAN_POINT ( 'NONE',  ( 11.94778261155074439, -5.419758542448238181, 12.50184286356584629 ) ) ;
#4512 = EDGE_CURVE ( 'NONE', #3373, #2318, #3398, .T. ) ;
#4513 = DIRECTION ( 'NONE',  ( -1.000000000000000000, -0.000000000000000000, -0.000000000000000000 ) ) ;
#4514 = CARTESIAN_POINT ( 'NONE',  ( 12.15000000000000036, -5.510182038911517921, 12.49885748518422623 ) ) ;
#4515 = CYLINDRICAL_SURFACE ( 'NONE', #2885, 3.750000000000000000 ) ;
#4516 = ORIENTED_EDGE ( 'NONE', *, *, #4322, .F. ) ;
#4517 = VECTOR ( 'NONE', #3531, 1000.000000000000000 ) ;
#4518 = FACE_OUTER_BOUND ( 'NONE', #3901, .T. ) ;
#4519 = DIRECTION ( 'NONE',  ( -0.01744974916068272111, 0.9996954598818874604, -0.01744974916068271764 ) ) ;
#4520 = AXIS2_PLACEMENT_3D ( 'NONE', #4152, #994, #1595 ) ;
#4521 = ORIENTED_EDGE ( 'NONE', *, *, #613, .F. ) ;
#4522 = DIRECTION ( 'NONE',  ( 1.000000000000000000, -6.151501687861019394E-17, -2.134571085687773996E-14 ) ) ;
#4523 = DIRECTION ( 'NONE',  ( -1.000000000000000000, 0.000000000000000000, 0.000000000000000000 ) ) ;
#4524 = AXIS2_PLACEMENT_3D ( 'NONE', #1023, #323, #769 ) ;
#4525 = CARTESIAN_POINT ( 'NONE',  ( 10.63175406741612328, -7.986993225563288057, 15.92870034198849716 ) ) ;
#4526 = FACE_OUTER_BOUND ( 'NONE', #4356, .T. ) ;
#4527 = EDGE_LOOP ( 'NONE', ( #1953, #2480, #1633, #1283 ) ) ;
#4528 = EDGE_CURVE ( 'NONE', #2028, #3950, #1526, .T. ) ;
#4529 = DIRECTION ( 'NONE',  ( 0.000000000000000000, -1.000000000000000000, 0.000000000000000000 ) ) ;
#4530 = CARTESIAN_POINT ( 'NONE',  ( -10.43097222022590032, -5.200000000001190337, -22.01507793272924829 ) ) ;
#4531 = EDGE_CURVE ( 'NONE', #2904, #1369, #3969, .T. ) ;
#4532 = DIRECTION ( 'NONE',  ( 0.000000000000000000, -0.000000000000000000, -1.000000000000000000 ) ) ;
#4533 = DIRECTION ( 'NONE',  ( -0.8660254037844382635, -0.000000000000000000, -0.5000000000000006661 ) ) ;
#4534 = ORIENTED_EDGE ( 'NONE', *, *, #394, .F. ) ;
#4535 = EDGE_CURVE ( 'NONE', #3301, #1311, #3547, .T. ) ;
#4536 = LINE ( 'NONE', #311, #1996 ) ;
#4537 = CARTESIAN_POINT ( 'NONE',  ( 10.67396142659912250, -5.200000000000010836, 12.65068362120861600 ) ) ;
#4538 = CARTESIAN_POINT ( 'NONE',  ( 10.47591618945277503, -5.286266337559116124, 13.06375955672771205 ) ) ;
#4539 = EDGE_LOOP ( 'NONE', ( #1144, #1469, #2922, #2329 ) ) ;
#4540 = CARTESIAN_POINT ( 'NONE',  ( 12.25000000000000178, -5.500000000000010658, 11.66395280956806957 ) ) ;
#4541 = CARTESIAN_POINT ( 'NONE',  ( -9.262422663861293870, -9.583739203352708458, 16.35308518184720583 ) ) ;
#4542 = CARTESIAN_POINT ( 'NONE',  ( 10.15809406311464436, -12.49999999999999645, 15.80690261138537345 ) ) ;
#4543 = ORIENTED_EDGE ( 'NONE', *, *, #880, .F. ) ;
#4544 = EDGE_CURVE ( 'NONE', #1173, #434, #2561, .T. ) ;
#4545 = DIRECTION ( 'NONE',  ( 0.000000000000000000, 1.000000000000000000, 0.000000000000000000 ) ) ;
#4546 = CARTESIAN_POINT ( 'NONE',  ( 10.67396142659912250, -5.200000000000010836, 12.74029331667455445 ) ) ;
#4547 = CARTESIAN_POINT ( 'NONE',  ( 10.36603008290416739, -8.182399194594474068, 15.76026019759686392 ) ) ;
#4548 = CARTESIAN_POINT ( 'NONE',  ( 0.000000000000000000, -5.200000000000010836, -10.49999999999999822 ) ) ;
#4549 = VERTEX_POINT ( 'NONE', #2157 ) ;
#4550 = CARTESIAN_POINT ( 'NONE',  ( -12.15680221654958615, -5.558578643762706939, 12.27457856830090321 ) ) ;
#4551 = DIRECTION ( 'NONE',  ( -0.4010233817317946925, 7.615963414331506827E-15, -0.9160678180704721063 ) ) ;
#4552 = CARTESIAN_POINT ( 'NONE',  ( -10.29226497308102850, -5.300000000000011369, -22.23024303063489171 ) ) ;
#4553 = ORIENTED_EDGE ( 'NONE', *, *, #3602, .T. ) ;
#4554 = CARTESIAN_POINT ( 'NONE',  ( 13.19320230503483060, -5.200000000000010836, -22.85129670685513048 ) ) ;
#4555 = CARTESIAN_POINT ( 'NONE',  ( 12.19196609096476713, -5.500000000000011546, 12.15626144172972367 ) ) ;
#4556 = CARTESIAN_POINT ( 'NONE',  ( -9.611934275417031159, -8.978367334302889802, 17.11584835332265442 ) ) ;
#4557 = EDGE_CURVE ( 'NONE', #668, #3301, #2899, .T. ) ;
#4558 = EDGE_CURVE ( 'NONE', #2840, #2746, #812, .T. ) ;
#4559 = ORIENTED_EDGE ( 'NONE', *, *, #1042, .F. ) ;
#4560 = DIRECTION ( 'NONE',  ( -0.000000000000000000, -0.000000000000000000, -1.000000000000000000 ) ) ;
#4561 = ORIENTED_EDGE ( 'NONE', *, *, #1873, .F. ) ;
#4562 = FACE_OUTER_BOUND ( 'NONE', #2068, .T. ) ;
#4563 = ADVANCED_FACE ( 'NONE', ( #42 ), #3220, .T. ) ;
#4564 = ORIENTED_EDGE ( 'NONE', *, *, #1952, .F. ) ;
#4565 = DIRECTION ( 'NONE',  ( 0.000000000000000000, 1.000000000000000000, 0.000000000000000000 ) ) ;
#4566 = ORIENTED_EDGE ( 'NONE', *, *, #3632, .F. ) ;
#4567 = CARTESIAN_POINT ( 'NONE',  ( 10.26466701264095605, -5.347801069667491802, -23.58922242590479357 ) ) ;
#4568 = CARTESIAN_POINT ( 'NONE',  ( -13.84999999999999964, -5.500000000000010658, -22.35662432702594060 ) ) ;
#4569 = CARTESIAN_POINT ( 'NONE',  ( 7.250000000000000888, -12.50000000000001066, 25.61030066203830913 ) ) ;
#4570 = CARTESIAN_POINT ( 'NONE',  ( -10.68287244362100274, -7.805841636522009352, 15.71253339731172893 ) ) ;
ENDSEC;
END-ISO-10303-21;
